Date,tripid,ClientEmail,startdate,enddate,providerid,hotelcode,hotelid,no,message,Hotelname,Price
01.03.2026,98203489,anna.roth675@yahoo.com,06.08.2026,15.08.2026,1178,HPALXX,4116,1155,Not enough allotment,H10 Hotels Palma de Mallorca,"1685,01"
27.03.2026,74524663,thomas.lang758@icloud.com,18.06.2026,23.06.2026,1426,HILRAS,8119,1155,NOT ENOUGH ALLOTMENT,Hilton Ras Al Khaimah,3151.62 PLN
07.03.2026,17853132,george.novak366@yahoo.com,26.04.2026,10.05.2026,1714,AMAROV,2193,5704,Improper reservation price.,Amadria Park Rovinj,
13.03.2026,39856133,sophie.johnson775@yahoo.com,12.07.2026,26.07.2026,1178,NHGRAX,7537,1732,Booking Payer Error: Brak wymaganego parametru,NH Collection Gran Canaria,
05.03.2026,38159410,michael.novak247@outlook.com,06.06.2026,09.06.2026,2653,PESPOR,9698,1225,There is already such a booking for this agent.,Pestana Porto,1902.45
05.03.2026,10429189,emma.garcia728@yahoo.com,09.08.2026,14.08.2026,2653,PINAL1,2869,1155,NOT ENOUGH ALLOTMENT,Pine Cliffs Albufeira Resort,
14.03.2026,75023119,emma.garcia929@hotmail.com,06.06.2026,13.06.2026,1045,JAZSHA,8517,1467,Booking Complete Error: Error Message : StopSale.,Jaz Sharm El Sheikh,
29.03.2026,62594409,mark.lang26@proton.me,09.06.2026,12.06.2026,2653,PINPOR,5636,1732,BOOKING PAYER ERROR: BRAK WYMAGANEGO PARAMETRU,Pine Cliffs Porto,1018.70
12.03.2026,60481407,daniel.berg465@proton.me,27.06.2026,11.07.2026,1045,SUNEL1,8019,5704,Improper reservation price.,Sunrise El Gouna,
13.03.2026,88918579,mark.andersen331@hotmail.com,03.06.2026,12.06.2026,2653,VIDLIS,6764,1054,Contractor calculation error.,Vidamar Resorts Lisbon,337.83
04.03.2026,35260790,nina.rossi192@hotmail.com,21.06.2026,24.06.2026,1178,IBECO1,2235,1054,Contractor calculation error.,Iberostar Costa del Sol,"1255,69"
27.03.2026,50856743,olga.fischer982@hotmail.com,10.05.2026,24.05.2026,2653,VILVI1,6582,1155,Not enough allotment,Vila Vita Parc Vilamoura Resort,1068.44
09.03.2026,25434718,peter.dubois346@yahoo.com,28.04.2026,07.05.2026,1178,IBEIBI,1964,1054,Contractor calculation error.,Iberostar Ibiza,2960.60
12.03.2026,42815948,thomas.kravets558@hotmail.com,14.04.2026,19.04.2026,1301,DELBEL,3584,1054,Contractor calculation error.,Delphin Belek,3681.22
10.03.2026,14507845,david.dubois567@gmail.com,03.06.2026,17.06.2026,1426,AJMSH1,3851,1054,Contractor calculation error.,Ajman Saray Sharjah Resort,1334.65
27.03.2026,67279821,marta.lang52@hotmail.com,05.07.2026,19.07.2026,1045,HILHUR,5422,1155,Not enough allotment,Hilton Hurghada,"1188,45"
28.03.2026,46521025,emma.fischer425@outlook.com,28.05.2026,31.05.2026,1045,RIXTAB,5554,1467,  Booking Complete Error: Error Message : StopSale.  ,Rixos Taba,2000.30
07.03.2026,79067939,irene.berg474@icloud.com,28.04.2026,07.05.2026,1045,STETAB,4432,5704,Improper reservation price.,Steigenberger Taba,3508.46
01.03.2026,66543141,andrew.bakker842@icloud.com,28.08.2026,02.09.2026,1045,RIXMAK,1750,1755,Booking Create Error: Brak możliwości założenia rezerwacji winterfejsie.,Rixos Makadi Bay,
23.03.2026,66317377,james.bianchi811@proton.me,24.06.2026,03.07.2026,1301,BARALA,3144,1225,There is already such a booking for this agent.,Barut Hotels Alanya,-4001.05
26.03.2026,60066419,martin.keller993@hotmail.com,16.07.2026,30.07.2026,1045,BARELX,8573,5704,Improper reservation price.,Baron Resort El Gouna,1581.86
13.03.2026,53579429,simon.meyer720@hotmail.com,02.07.2026,05.07.2026, 1178,IBECO1,2235,1778,Booking Complete Error: Zablokowano allotment online.,Iberostar Costa del Sol,3381.97
01.03.2026,43730822,chris.bianchi574@gmail.com,07.08.2026,16.08.2026, 1426,radab1,5844,5704,Improper reservation price.,Radisson Blu Abu Dhabi Resort,2150.43
02.03.2026,57476619,thomas.rossi513@gmail.com,16.06.2026,25.06.2026,1178,MELGRA,4681,1755,Booking Create Error: Brak możliwości założenia rezerwacji winterfejsie.,Meliá Gran Canaria,
11.03.2026,40123918,paul.bakker863@yahoo.com,23.04.2026,30.04.2026,1301,BARANT,5272,1467,Booking Complete Error: Error Message : StopSale.,Barut Hotels Antalya,1475.15
01.03.2026,98998273,elena.wagner926@proton.me,26.06.2026,01.07.2026,4182,ANAPR1,9090,1054,Contractor calculation error.,Anassa Protaras Resort,4039.06
16.03.2026,40281491,daniel.smith271@hotmail.com,11.05.2026,16.05.2026,1178,RIUTEN,5061,1155,Not enough allotment,RIU Tenerife,-3647.56
28.03.2026,47571801,martin.wagner96@hotmail.com,30.06.2026,09.07.2026,1301,VOYANT,9565,1155,Not enough allotment,Voyage Antalya,"2494,62"
27.03.2026,18993381,zofia.roth595@proton.me,16.06.2026,30.06.2026,1045,BARELX,8573,1467,Booking Complete Error: Error Message : StopSale.,Baron Resort El Gouna,2464.99
13.03.2026,11055438,mark.lang563@gmail.com,10.05.2026,24.05.2026,1045,CORHUR,8428,1732,Booking Payer Error: Brak wymaganego parametru,Coral Sea Hurghada,1068.95
17.03.2026,89592307,nina.kowalski819@outlook.com,14.07.2026,17.07.2026,4182,OLYLI1,1339,1225,There is already such a booking for this agent.,Olympic Lagoon Limassol Resort,2110.01
11.03.2026,56833660,chris.keller477@gmail.com,26.07.2026,29.07.2026,1178,IBEFUE,5563,5704,Improper reservation price.,Iberostar Fuerteventura,2090.22
10.03.2026,36178114,irene.keller15@icloud.com,06.06.2026,20.06.2026,1178,HCOSX1,5092,1054,Contractor calculation error.,H10 Hotels Costa Brava,1618.85
28.03.2026,19486107,martin.nowak73@proton.me,25.04.2026,30.04.2026,1178,NHFUEX,2160,1467,Booking Complete Error: Error Message : StopSale.,NH Collection Fuerteventura,-4105.27
01.03.2026,67958238,chris.rossi486@icloud.com,08.07.2026,15.07.2026,2653,PESPOR,9698,1225,There is already such a booking for this agent.,Pestana Porto,-858.02
15.03.2026,63214873,olga.fischer83@proton.me,04.06.2026,11.06.2026,1045,JAZELX,4733,1054,Contractor calculation error.,Jaz El Gouna,1636.13
24.03.2026,25430613,michael.kozlov340@gmail.com,03.04.2026,10.04.2026,1178,melpal,4119,1467,Booking Complete Error: Error Message : StopSale.,Meliá Palma de Mallorca,2053.72 PLN
19.03.2026,16528164,chris.kravets693@outlook.com,13.07.2026,22.07.2026,1426,RADSH1,7888,1155,  Not enough allotment  ,Radisson Blu Sharjah Resort,3853.84
08.03.2026,87383381,emma.fischer640@hotmail.com,31.07.2026,07.08.2026,1301,BARBEL,5325,5704,Improper reservation price.,Barut Hotels Belek,2134.40
26.03.2026,49755786,daniel.costa713@gmail.com,04.08.2026,18.08.2026,1045,STEELX,3803,1755,Booking Create Error: Brak możliwości założenia rezerwacji winterfejsie.,Steigenberger El Gouna,3239.24
18.03.2026,62869451,james.kravets808@gmail.com,15.04.2026,24.04.2026,1301,TITMAR,5669,1732,Booking Payer Error: Brak wymaganego parametru,Titanic Marmaris,923.06
27.03.2026,48150618,david.dubois122@gmail.com,25.06.2026,28.06.2026,1178,OCCGRA,1887,1155,Not enough allotment,Occidental Gran Canaria,3137.80
10.03.2026,19650604,john.moretti264@hotmail.com,29.06.2026,08.07.2026,1178,BARBEN,4608,1778,Booking Complete Error: Zablokowano allotment online.,Barceló Benidorm,1074.04
05.03.2026,68830582,john.larsen113@hotmail.com,11.05.2026,16.05.2026,1178,IBEIBI,1964,1155,Not enough allotment,Iberostar Ibiza,3492.41
26.03.2026,29611920,kate.wilson620@hotmail.com,22.07.2026,05.08.2026,1178,BAHCO1,3296,1054,Contractor calculation error.,Bahia Principe Costa del Sol,3345.55
01.03.2026,97600391,john.keller612@outlook.com,29.03.2026,12.04.2026,1301,DELALA,6183,1755,Booking Create Error: Brak możliwości założenia rezerwacji winterfejsie.,Delphin Alanya,3754.99
25.03.2026,70663511,george.lang964@gmail.com,05.08.2026,12.08.2026,1301,CRYSID,5905,1054,Contractor calculation error.,Crystal Hotels Side,2702.76
20.03.2026,58914484,andrew.andersen218@proton.me,10.06.2026,19.06.2026,2653,DOMCAS,1282,1155,Not enough allotment,Dom Pedro Cascais,1691.31
11.03.2026,29950758,andrew.bianchi102@proton.me,10.07.2026,24.07.2026,1178,HPALXX,4116,1155,Not enough allotment,H10 Hotels Palma de Mallorca,1209.74
28.03.2026,18573074,andrew.wilson78@proton.me,14.04.2026,19.04.2026,1045,PICMAR,2169,1054,Contractor calculation error.,Pickalbatros Marsa Alam,"1626,86"
18.03.2026,50585284,chris.wagner512@icloud.com,22.07.2026,31.07.2026,2653,VILFUN,9779,1755,  Booking Create Error: Brak możliwości założenia rezerwacji winterfejsie.  ,Vila Vita Parc Funchal (Madeira),"454,65"
01.03.2026,66157110,julia.meyer779@proton.me,27.06.2026,11.07.2026,1178,bahco1,3296,1467,BOOKING COMPLETE ERROR: ERROR MESSAGE : STOPSALE.,Bahia Principe Costa del Sol,"2573,55"
09.03.2026,99461018,olga.roth965@hotmail.com,14.07.2026,23.07.2026,1714,blumak,7790,1054,Contractor calculation error.,Bluesun Makarska,2096.07
21.03.2026,78325483,michael.rossi740@icloud.com,17.07.2026,22.07.2026,1045,RIXSHA,3621,8056,WRONG ROOM CONFIGURATION,Rixos Sharm El Sheikh,1340.64
14.03.2026,19212612,sophie.wagner592@proton.me,19.05.2026,24.05.2026,2653,DOMFUN,5530,1225,  There is already such a booking for this agent.  ,Dom Pedro Funchal (Madeira),1347.46
05.03.2026,96048773,maria.kowalski329@yahoo.com,14.04.2026,21.04.2026,1301,RIXMA1,6180,5704,Improper reservation price.,Rixos Marmaris,1657.62
20.03.2026,66317377,claire.wilson391@proton.me,24.06.2026,03.07.2026,1301,barala,3144,1155,Not enough allotment,Barut Hotels Alanya,4001.05 PLN
21.03.2026,62811125,laura.kowalski373@icloud.com,07.07.2026,10.07.2026,2247,BAGAM1,5425,5704,IMPROPER RESERVATION PRICE.,Baglioni Hotels Amalfi Coast Resort,1672.42 PLN
26.03.2026,17610836,alice.roth141@proton.me,15.05.2026,24.05.2026,1178, BARCO1 ,6559,1755,Booking Create Error: Brak możliwości założenia rezerwacji winterfejsie.,Barceló Costa Brava,3661.00
16.03.2026,10497585,peter.novak207@icloud.com,06.08.2026,11.08.2026,1178,HBENXX,8579,1755,Booking Create Error: Brak możliwości założenia rezerwacji winterfejsie.,,3632.45
25.03.2026,87474297,michael.fischer597@hotmail.com,30.05.2026,08.06.2026,4182,OLYPAP,9922,1054,Contractor calculation error.,Olympic Lagoon Paphos,3560.55
04.03.2026,54098516,claire.rossi113@proton.me,14.06.2026,19.06.2026,1714,AMAPOR,4585,1225,THERE IS ALREADY SUCH A BOOKING FOR THIS AGENT.,Amadria Park Porec,3308.76
05.03.2026,36040674,chris.wilson702@gmail.com,10.04.2026,19.04.2026,2653,TIVLIS,8800,5704,Improper reservation price.,Tivoli Lisbon,2010.31
18.03.2026,31983567,nina.kozlov918@icloud.com,21.06.2026,28.06.2026,2653,PESVI1,5786,1054,Contractor calculation error.,Pestana Vilamoura Resort,3432.41
22.03.2026,70498656,alice.kozlov171@icloud.com,17.08.2026,20.08.2026,1714,raddu2,8777,1755,Booking Create Error: Brak możliwości założenia rezerwacji winterfejsie.,Radisson Blu Dubrovnik,1981.63
20.03.2026,84371273,kate.rossi763@icloud.com,29.04.2026,02.05.2026,1045,HILHUR,5422,1155,Not enough allotment,Hilton Hurghada,1409.38
29.03.2026,83100625,simon.bianchi146@gmail.com,11.03.2026,14.03.2026,1426,JUMDUB,6000,1755,Booking Create Error: Brak możliwości założenia rezerwacji winterfejsie.,Jumeirah Dubai,1422.12
27.03.2026,75175079,olga.muller551@hotmail.com,15.06.2026,20.06.2026,2247,UNASIC,9289,1755,Booking Create Error: Brak możliwości założenia rezerwacji winterfejsie.,UNA Hotels Sicily,3532.68
11.03.2026,73099236,robert.bakker586@yahoo.com,23.07.2026,06.08.2026,1045,STEMAK,5304,1467,Booking Complete Error: Error Message : StopSale.,Steigenberger Makadi Bay,933.83
15.03.2026,71228059,john.keller838@gmail.com,18.04.2026,21.04.2026, 1045,JAZSHA,8517,1155,Not enough allotment,Jaz Sharm El Sheikh,2664.34
10.03.2026,17299874,olga.fischer661@hotmail.com,20.06.2026,04.07.2026,1178,RIUTEN,5061,5704,Improper reservation price.,RIU Tenerife,3612.98
28.03.2026,45155901,andrew.moretti950@gmail.com,22.05.2026,31.05.2026,4182,CONLI1,6280,1155,  Not enough allotment  ,Constantinou Bros Limassol Resort,"2142,83"
16.03.2026,92296403,kate.kravets678@yahoo.com,25.05.2026,30.05.2026, 2247,BLUAMA,8705,1155,Not enough allotment,Bluserena Amalfi Coast,1511.23
07.03.2026,10957584,julia.lang996@icloud.com,10.05.2026,15.05.2026, 4182,ATLPA1,3973,1467,BOOKING COMPLETE ERROR: ERROR MESSAGE : STOPSALE.,Atlantica Paphos Resort,3604.37
16.03.2026,89643778,zofia.andersen251@gmail.com,30.07.2026,06.08.2026,1045,DANHU1,7252,5704,Improper reservation price.,Dana Beach Hurghada Resort,1963.59
24.03.2026,63908997,olga.roth996@proton.me,25.04.2026,09.05.2026,1045,CORELX,7916,1755,Booking Create Error: Brak możliwości założenia rezerwacji winterfejsie.,Coral Sea El Gouna,2017.94
28.03.2026,10673042,andrew.kravets780@yahoo.com,05.08.2026,19.08.2026,4182,CONPA1,1977,1054,Contractor calculation error.,Constantinou Bros Paphos Resort,875.63
06.03.2026,42257238,mark.johnson578@icloud.com,07.06.2026,10.06.2026,2653,vidpor,8753,1755,Booking Create Error: Brak możliwości założenia rezerwacji winterfejsie.,Vidamar Resorts Porto,1313.21
31.03.2026,55864791,olga.weber546@icloud.com,19.05.2026,02.06.2026,1178,RIUIBI,2790,1467,  Booking Complete Error: Error Message : StopSale.  ,RIU Ibiza,1318.66
09.03.2026,49114862,simon.costa292@yahoo.com,20.04.2026,04.05.2026,2247,VALSAR,6111,1155,Not enough allotment,Valtur Sardinia,2680.97
22.03.2026,41626318,george.lang473@icloud.com,15.07.2026,24.07.2026,1045,SUNELX,3340,1054,  Contractor calculation error.  ,,3250.91
06.03.2026,91847869,zofia.meyer904@icloud.com,26.05.2026,31.05.2026,1178,HTENXX,8749,1155,Not enough allotment,H10 Hotels Tenerife,"3528,36"
13.03.2026,11275951,james.bakker597@gmail.com,05.07.2026,08.07.2026,1045,PICSHA,6820,5704,Improper reservation price.,Pickalbatros Sharm El Sheikh,491.17
24.03.2026,23587062,michael.smith624@outlook.com,06.06.2026,11.06.2026,1301,RIXSID,6617,1755,Booking Create Error: Brak możliwości założenia rezerwacji winterfejsie.,Rixos Side,2921.12
17.03.2026,14191620,robert.dubois311@outlook.com,17.07.2026,20.07.2026,1301, DELKEM ,5915,1778,Booking Complete Error: Zablokowano allotment online.,Delphin Kemer,696.34
03.03.2026,69395043,irene.costa769@icloud.com,05.05.2026,14.05.2026,1178,occpal,4006,1155,Not enough allotment,Occidental Palma de Mallorca,844.02
07.03.2026,55752308,martin.keller291@gmail.com,30.07.2026,02.08.2026,4182,LOUPR1,8172,1155,Not enough allotment,Louis Hotels Protaras Resort,1807.46
18.03.2026,53524373,james.kozlov516@gmail.com,04.06.2026,11.06.2026,4182,AMAPR1,5415,5704,Improper reservation price.,Amara Protaras Resort,3173.59
03.03.2026,91839237,mark.muller705@yahoo.com,10.07.2026,19.07.2026,1426,ADDDUB,1387,1467,Booking Complete Error: Error Message : StopSale.,Address Hotels Dubai,455.92
15.03.2026,38254047,anna.johnson680@gmail.com,25.04.2026,02.05.2026,2653,PESCAS,7971,1225,  There is already such a booking for this agent.  ,Pestana Cascais,1671.77
14.03.2026,94857827,zofia.wagner664@hotmail.com,02.08.2026,16.08.2026,1301,VOYANT,9565,1755,Booking Create Error: Brak możliwości założenia rezerwacji winterfejsie.,Voyage Antalya,2045.20
01.03.2026,60830809,simon.schmidt449@gmail.com,28.05.2026,06.06.2026,1178,BAHCOS,4981,1155,Not enough allotment,Bahia Principe Costa Brava,4127.15
10.03.2026,44665942,robert.wilson871@icloud.com,05.07.2026,10.07.2026,1045,CORMA1,2040,1732,Booking Payer Error: Brak wymaganego parametru,Coral Sea Marsa Alam Resort,3471.99
04.03.2026,39536435,emma.kravets969@hotmail.com,18.05.2026,23.05.2026,2653,PESCAS,7971,1732,Booking Payer Error: Brak wymaganego parametru,Pestana Cascais,2832.37
20.03.2026,95965392,kate.roth478@proton.me,22.07.2026,25.07.2026,1426,JUMRA1,6344,1054,  Contractor calculation error.  ,Jumeirah Ras Al Khaimah Resort,1919.85
20.03.2026,80322629,paul.nowak70@proton.me,04.06.2026,07.06.2026,1714,RADDU2,8777,8056,Wrong room configuration,Radisson Blu Dubrovnik,383.60
25.03.2026,25496941,james.keller874@outlook.com,19.05.2026,22.05.2026,1426,JUMDUB,6000,5704,Improper reservation price.,Jumeirah Dubai,3947.25
25.03.2026,76832297,alice.costa488@outlook.com,05.08.2026,10.08.2026,1714,BLUPOR,8305,1755,BOOKING CREATE ERROR: BRAK MOŻLIWOŚCI ZAŁOŻENIA REZERWACJI WINTERFEJSIE.,Bluesun Porec,1383.59
23.03.2026,38748039,martin.bianchi127@icloud.com,04.05.2026,07.05.2026, 1178,HTENXX,8749,1467,Booking Complete Error: Error Message : StopSale.,H10 Hotels Tenerife,2300.46
19.03.2026,72546007,nina.johnson577@yahoo.com,23.06.2026,02.07.2026,1178,IBEIBI,1964,8056,Wrong room configuration,Iberostar Ibiza,639.50
30.03.2026,42724726,alice.kowalski731@hotmail.com,02.06.2026,05.06.2026,1301,RIXBOD,8179,1467,Booking Complete Error: Error Message : StopSale.,Rixos Bodrum,832.00
19.03.2026,10297943,thomas.costa642@icloud.com,25.06.2026,09.07.2026, 1178,OCCBEN,6413,1155,Not enough allotment,Occidental Benidorm,1690.04 PLN
15.03.2026,22007848,james.garcia305@icloud.com,26.05.2026,29.05.2026,2247,VALROM,2983,5704,Improper reservation price.,Valtur Rome,"3439,97"
17.03.2026,60042866,thomas.bianchi799@hotmail.com,26.06.2026,03.07.2026,1045,RIXMAR,9348,8056,Wrong room configuration,Rixos Marsa Alam,2170.12
21.03.2026,55025143,daniel.lang479@hotmail.com,07.06.2026,12.06.2026,1301,VOYSID,7054,1732,Booking Payer Error: Brak wymaganego parametru,Voyage Side,1903.24
18.03.2026,41952404,peter.kozlov899@outlook.com,20.06.2026,23.06.2026,1045,CORMAK,7216,5704,Improper reservation price.,Coral Sea Makadi Bay,3897.47
27.03.2026,44291528,emma.larsen572@icloud.com,13.07.2026,22.07.2026,1178,occten,7118,5704,Improper reservation price.,Occidental Tenerife,1298.86
01.03.2026,75666288,mark.petrov24@icloud.com,14.05.2026,28.05.2026,1301,crymar,4492,1155,Not enough allotment,Crystal Hotels Marmaris,"1295,86"
04.03.2026,64891734,simon.dubois738@hotmail.com,17.04.2026,26.04.2026,1178,MELBEN,2982,1732,Booking Payer Error: Brak wymaganego parametru,Meliá Benidorm,561.67
09.03.2026,37954684,laura.nowak261@outlook.com,29.06.2026,08.07.2026,1301,BARANT,5272,5704,Improper reservation price.,Barut Hotels Antalya,1679.45
23.03.2026,54077927,alice.kravets674@icloud.com,22.04.2026,25.04.2026,1301, RIXSID ,6617,1155,Not enough allotment,Rixos Side,3485.60
31.03.2026,31800123,nina.schmidt845@outlook.com,07.05.2026,12.05.2026,1714,BLUSPL,7965,1155,NOT ENOUGH ALLOTMENT,Bluesun Split,1808.94
18.03.2026,97971567,elena.weber626@hotmail.com,23.05.2026,30.05.2026,2653,VIDALB,2976,1755,Booking Create Error: Brak możliwości założenia rezerwacji winterfejsie.,Vidamar Resorts Albufeira,455.16
04.03.2026,56150365,julia.berg309@gmail.com,01.06.2026,08.06.2026,1045,CORSHA,9830,1155,Not enough allotment,Coral Sea Sharm El Sheikh,834.38
13.03.2026,62580810,mark.schmidt889@proton.me,12.08.2026,15.08.2026,1426,AJMFUJ,4728,1054,Contractor calculation error.,Ajman Saray Fujairah,982.45
13.03.2026,83649706,thomas.smith943@hotmail.com,05.07.2026,14.07.2026,1714,SUNMA3,8461,1155,Not enough allotment,Sun Gardens Makarska,"3460,18"
29.03.2026,98139596,nina.bianchi600@yahoo.com,08.06.2026,22.06.2026,1178,BAHGRA,6107,1054,Contractor calculation error.,Bahia Principe Gran Canaria,3871.83
23.03.2026,72223246,claire.dubois513@hotmail.com,20.05.2026,25.05.2026,1045,JAZHUR,4456,1467,Booking Complete Error: Error Message : StopSale.,Jaz Hurghada,"1233,86"
20.03.2026,21034254,simon.johnson252@hotmail.com,27.06.2026,11.07.2026,1714,FALSP1,7797,1467,Booking Complete Error: Error Message : StopSale.,Falkensteiner Split Resort,1529.15
21.03.2026,93642336,kate.dubois25@icloud.com,29.05.2026,01.06.2026,1045,RIXSHA,3621,1155,Not enough allotment,Rixos Sharm El Sheikh,2404.41
19.03.2026,44590202,anna.andersen746@yahoo.com,12.05.2026,26.05.2026,2653, PESPOR ,9698,1054,Contractor calculation error.,Pestana Porto,2569.13
25.03.2026,61053921,thomas.keller552@icloud.com,22.06.2026,25.06.2026,1714,BLUMA1,5499,8056,  Wrong room configuration  ,Bluesun Makarska Resort,2615.32
23.03.2026,83719889,peter.dubois191@outlook.com,28.06.2026,07.07.2026,1178,IBEFUE,5563,5704,Improper reservation price.,Iberostar Fuerteventura,"2498,62"
04.03.2026,99796439,irene.larsen766@hotmail.com,17.03.2026,26.03.2026,1178,OCCGRA,1887,1732,  Booking Payer Error: Brak wymaganego parametru  ,Occidental Gran Canaria,"1454,10"
10.03.2026,74549616,mark.garcia255@outlook.com,12.05.2026,17.05.2026,1045,PICTAB,7543,5704,Improper reservation price.,Pickalbatros Taba,"3498,64"
22.03.2026,12075251,olga.novak87@proton.me,29.06.2026,04.07.2026,2653,PESCAS,7971,5704,Improper reservation price.,Pestana Cascais,"1692,09"
22.03.2026,94512148,emma.fischer532@icloud.com,02.07.2026,07.07.2026,1178,OCCCOS,4770,1778,Booking Complete Error: Zablokowano allotment online.,Occidental Costa del Sol,3739.20 PLN
20.03.2026,43088063,marta.kravets265@outlook.com,13.08.2026,20.08.2026,1178,BARGRA,1993,1155,Not enough allotment,Barceló Gran Canaria,2912.25
31.03.2026,14672042,maria.meyer940@proton.me,14.04.2026,28.04.2026,1426,addab1,6067,5704,Improper reservation price.,Address Hotels Abu Dhabi Resort,3573.82
15.03.2026,77189199,martin.andersen561@yahoo.com,21.05.2026,28.05.2026,1301,BARAN1,8239,1225,There is already such a booking for this agent.,Barut Hotels Antalya Resort,2484.22
05.03.2026,37686666,thomas.keller761@icloud.com,21.06.2026,26.06.2026,1045,STESHA,3504,8056,Wrong room configuration,Steigenberger Sharm El Sheikh,592.61
10.03.2026,23794158,peter.weber920@proton.me,04.06.2026,11.06.2026,1301,BARSID,1832,1755,Booking Create Error: Brak możliwości założenia rezerwacji winterfejsie.,Barut Hotels Side,"2473,54"
05.03.2026,10297943,david.wagner635@outlook.com,25.06.2026,09.07.2026,1178,OCCBEN,6413,1467,Booking Complete Error: Error Message : StopSale.,Occidental Benidorm,1690.04
24.03.2026,58798364,nina.nowak328@gmail.com,25.04.2026,02.05.2026,1301,BARANT,5272,1755,Booking Create Error: Brak możliwości założenia rezerwacji winterfejsie.,Barut Hotels Antalya,1358.20
04.03.2026,10673042,marta.muller198@hotmail.com,05.08.2026,19.08.2026,4182,CONPA1,1977,1155,Not enough allotment,Constantinou Bros Paphos Resort,875.63
11.03.2026,63852997,john.andersen29@gmail.com,26.07.2026,02.08.2026,2653,VILPO1,5494,1225,THERE IS ALREADY SUCH A BOOKING FOR THIS AGENT.,Vila Vita Parc Porto Resort,780.63
10.03.2026,40044054,emma.johnson329@hotmail.com,09.05.2026,23.05.2026,1301,RIXALA,6147,1755,Booking Create Error: Brak możliwości założenia rezerwacji winterfejsie.,Rixos Alanya,"1228,62"
17.03.2026,34986881,george.meyer49@outlook.com,18.06.2026,23.06.2026,2653, PINFUN ,4545,5704,Improper reservation price.,Pine Cliffs Funchal (Madeira),3624.12
27.03.2026,31386369,julia.wilson769@hotmail.com,16.07.2026,25.07.2026,1045,PICHUR,2084,1755,  Booking Create Error: Brak możliwości założenia rezerwacji winterfejsie.  ,Pickalbatros Hurghada,"3304,66"
28.03.2026,76476033,james.meyer750@icloud.com,13.06.2026,22.06.2026,1301,RIXBEL,9900,1225,There is already such a booking for this agent.,Rixos Belek,1200.02
01.03.2026,63839504,robert.meyer233@proton.me,26.05.2026,29.05.2026,2653,DOMPOR,6419,1155,Not enough allotment,Dom Pedro Porto,3466.86
16.03.2026,14191620,nina.petrov910@proton.me,17.07.2026,20.07.2026,1301, DELKEM ,5915,1755,Booking Create Error: Brak możliwości założenia rezerwacji winterfejsie.,Delphin Kemer,"696,34"
17.03.2026,81645401,nina.keller904@icloud.com,12.07.2026,21.07.2026,1045,DANMAK,3677,5704,Improper reservation price.,Dana Beach Makadi Bay,"741,82"
09.03.2026,19767824,james.weber556@gmail.com,28.06.2026,03.07.2026,2653,PINCAS,2647,1778,Booking Complete Error: Zablokowano allotment online.,Pine Cliffs Cascais,
01.03.2026,41732012,paul.lang877@hotmail.com,28.06.2026,07.07.2026,1301,DELBOD,2891,1054,Contractor calculation error.,Delphin Bodrum,2526.83
01.03.2026,91386202,emma.meyer767@gmail.com,02.06.2026,09.06.2026,1045,RIXELX,5010,5704,  Improper reservation price.  ,Rixos El Gouna,3960.32
09.03.2026,54106903,john.bianchi411@hotmail.com,01.07.2026,06.07.2026,1045,DANSHA,2307,1755,Booking Create Error: Brak możliwości założenia rezerwacji winterfejsie.,Dana Beach Sharm El Sheikh,2820.86
20.03.2026,55598060,kate.nowak840@hotmail.com,05.06.2026,14.06.2026,1426, HILRAS ,8119,1225,There is already such a booking for this agent.,Hilton Ras Al Khaimah,3445.15
15.03.2026,28698594,marta.keller886@yahoo.com,25.06.2026,09.07.2026,4182,ATLAY1,9199,1755,Booking Create Error: Brak możliwości założenia rezerwacji winterfejsie.,Atlantica Ayia Napa Resort,2269.54
24.03.2026,69371666,kate.moretti814@outlook.com,31.05.2026,05.06.2026,1178,IBECOS,9423,5704,Improper reservation price.,Iberostar Costa Brava,3330.38
24.03.2026,19781591,thomas.schmidt134@icloud.com,07.07.2026,10.07.2026,1045,rixtab,5554,5704,Improper reservation price.,Rixos Taba,
09.03.2026,18968863,emma.novak675@proton.me,27.05.2026,03.06.2026,2653,VIDALB,2976,1755,Booking Create Error: Brak możliwości założenia rezerwacji winterfejsie.,Vidamar Resorts Albufeira,1823.48
23.03.2026,22019394,anna.bianchi38@outlook.com,24.06.2026,29.06.2026,1301,RIXBOD,8179,1155,Not enough allotment,Rixos Bodrum,
15.03.2026,85920319,olga.kravets116@hotmail.com,30.04.2026,09.05.2026,1178,MELTEN,2545,5704,Improper reservation price.,Meliá Tenerife,3182.95
07.03.2026,89070526,peter.lang577@proton.me,19.05.2026,22.05.2026,4182,LOUPA1,8679,1732,Booking Payer Error: Brak wymaganego parametru,Louis Hotels Paphos Resort,"3059,63"
28.03.2026,52970787,mark.bianchi251@icloud.com,27.05.2026,05.06.2026,1301,BARBOD,1152,1755,Booking Create Error: Brak możliwości założenia rezerwacji winterfejsie.,Barut Hotels Bodrum,3715.44
31.03.2026,14438720,paul.muller698@gmail.com,05.04.2026,10.04.2026,1045,jazmar,9085,1155,NOT ENOUGH ALLOTMENT,,2052.97
25.03.2026,53939110,robert.roth10@outlook.com,30.07.2026,02.08.2026,1301,TITBEL,3200,1467,Booking Complete Error: Error Message : StopSale.,Titanic Belek,"2604,92"
11.03.2026,31445813,maria.bianchi585@yahoo.com,21.07.2026,30.07.2026,1301,BARKEM,9666,1778,Booking Complete Error: Zablokowano allotment online.,Barut Hotels Kemer,305.76
26.03.2026,68723377,irene.rossi39@hotmail.com,05.04.2026,12.04.2026,2247, MANVEN ,2245,1467,  Booking Complete Error: Error Message : StopSale.  ,Mangia's Resorts Venice,665.51
15.03.2026,80102161,daniel.kozlov17@hotmail.com,30.04.2026,14.05.2026,1045,DANHU1,7252,1054,Contractor calculation error.,Dana Beach Hurghada Resort,2412.81
19.03.2026,96653191,andrew.keller365@yahoo.com,09.03.2026,23.03.2026,2653,DOMLI1,1841,1732,Booking Payer Error: Brak wymaganego parametru,Dom Pedro Lisbon Resort,2960.72 PLN
22.03.2026,46818748,irene.smith173@gmail.com,01.07.2026,08.07.2026,1178,RIUCO1,1828,5704,Improper reservation price.,RIU Costa del Sol,"1955,19"
08.03.2026,91446672,irene.rossi500@proton.me,26.04.2026,05.05.2026,2247,THSARX,4908,1155,Not enough allotment,Th Resorts Sardinia,3108.73
19.03.2026,89292610,olga.wagner472@outlook.com,25.05.2026,08.06.2026,1178,BARGRA,1993,1054,Contractor calculation error.,Barceló Gran Canaria,1127.46
01.03.2026,78281626,alice.larsen218@hotmail.com,02.05.2026,07.05.2026,1045,JAZMAK,1771,1155,Not enough allotment,Jaz Makadi Bay,-3499.16
12.03.2026,58926292,david.meyer187@yahoo.com,26.04.2026,05.05.2026,1045,RIXMAR,9348,1155,Not enough allotment,Rixos Marsa Alam,1025.29 PLN
23.03.2026,61176016,mark.bakker329@outlook.com,11.06.2026,16.06.2026,1426,MARFU1,3041,1155,Not enough allotment,Marriott Fujairah Resort,2095.96
23.03.2026,52205917,zofia.garcia255@hotmail.com,30.05.2026,13.06.2026,1301,VOYSID,7054,1054,Contractor calculation error.,Voyage Side,3657.80
16.03.2026,56104604,claire.smith385@outlook.com,03.07.2026,08.07.2026, 1045,RIXELX,5010,1467,BOOKING COMPLETE ERROR: ERROR MESSAGE : STOPSALE.,Rixos El Gouna,3811.47
11.03.2026,58196637,andrew.kravets560@proton.me,05.05.2026,08.05.2026,1045,HILSHA,1916,1467,Booking Complete Error: Error Message : StopSale.,Hilton Sharm El Sheikh,-3810.83
21.03.2026,57610634,zofia.fischer284@gmail.com,17.07.2026,20.07.2026,1426,JUMDU1,9821,1155,Not enough allotment,Jumeirah Dubai Resort,4053.05
28.03.2026,47514551,george.costa598@proton.me,03.07.2026,17.07.2026,1301,BARBEL,5325,1467,Booking Complete Error: Error Message : StopSale.,Barut Hotels Belek,
01.03.2026,54760311,simon.nowak878@outlook.com,22.05.2026,27.05.2026,1045,DANHU1,7252,1732,Booking Payer Error: Brak wymaganego parametru,Dana Beach Hurghada Resort,4094.57
09.03.2026,42527071,emma.muller903@yahoo.com,07.08.2026,16.08.2026,1714,RADZAD,6198,1155,NOT ENOUGH ALLOTMENT,Radisson Blu Zadar,3212.31
03.03.2026,35264294,maria.nowak617@yahoo.com,02.06.2026,16.06.2026,1178,RIUCOS,8062,1155,  Not enough allotment  ,RIU Costa Brava,3554.95
20.03.2026,76122158,claire.lang715@proton.me,31.05.2026,09.06.2026,1714,FALDUB,8784,1732,Booking Payer Error: Brak wymaganego parametru,Falkensteiner Dubrovnik,"3791,50"
25.03.2026,94180238,nina.smith572@yahoo.com,23.07.2026,26.07.2026, 1301,TITALA,4335,1755,Booking Create Error: Brak możliwości założenia rezerwacji winterfejsie.,Titanic Alanya,3514.61
31.03.2026,25424203,george.garcia432@gmail.com,23.06.2026,28.06.2026,4182,amapro,5334,1755,Booking Create Error: Brak możliwości założenia rezerwacji winterfejsie.,Amara Protaras,1786.62
21.03.2026,59789640,julia.petrov359@gmail.com,10.05.2026,13.05.2026,1426,MARFUJ,5564,1155,Not enough allotment,Marriott Fujairah,2594.58
01.03.2026,74767215,thomas.bianchi170@hotmail.com,10.06.2026,17.06.2026,1045,SUNEL1,8019,1155,Not enough allotment,Sunrise El Gouna,3376.83
19.03.2026,22802899,kate.larsen256@gmail.com,03.05.2026,06.05.2026,1045,STEELX,3803,1155,Not enough allotment,Steigenberger El Gouna,2465.50
16.03.2026,83691521,john.meyer964@outlook.com,28.05.2026,31.05.2026,1426,ADDSHA,6139,1467,Booking Complete Error: Error Message : StopSale.,,"3562,49"
17.03.2026,13917037,claire.costa30@icloud.com,11.06.2026,25.06.2026,1178,RIUGRA,4139,5704,Improper reservation price.,RIU Gran Canaria,2506.28
07.03.2026,11848396,john.rossi499@hotmail.com,04.07.2026,07.07.2026,2653,PINPOR,5636,5704,Improper reservation price.,Pine Cliffs Porto,1744.69
16.03.2026,23719833,david.dubois644@hotmail.com,15.08.2026,22.08.2026,1178,MELPAL,4119,1054,Contractor calculation error.,Meliá Palma de Mallorca,1133.04
27.03.2026,64129615,martin.costa365@proton.me,18.07.2026,27.07.2026,1045,STEMAR,3287,8056,Wrong room configuration,Steigenberger Marsa Alam,652.20
17.03.2026,45349744,james.meyer171@gmail.com,09.04.2026,18.04.2026,2653,VILALB,4937,1155,  Not enough allotment  ,Vila Vita Parc Albufeira,3273.76
17.03.2026,50313972,laura.rossi707@outlook.com,09.05.2026,12.05.2026,1301, MAXANT ,3546,1467,Booking Complete Error: Error Message : StopSale.,Maxx Royal Antalya,2280.09
13.03.2026,72182980,elena.novak919@proton.me,18.06.2026,23.06.2026,1178,BARCO1,6559,5704,Improper reservation price.,Barceló Costa Brava,765.14
16.03.2026,16734269,david.wilson795@icloud.com,15.08.2026,20.08.2026,1045,SUNMAR,6313,1225,There is already such a booking for this agent.,Sunwing Marsa Alam,"3543,03"
18.03.2026,43041067,paul.bianchi284@outlook.com,25.03.2026,01.04.2026,1178,HIBIXX,9834,1467,Booking Complete Error: Error Message : StopSale.,H10 Hotels Ibiza,3353.36
23.03.2026,87180611,maria.dubois634@icloud.com,18.05.2026,25.05.2026,1301,LIMKE1,8007,1054,Contractor calculation error.,Limak Kemer Resort,3224.57
06.03.2026,51127483,kate.wagner971@icloud.com,12.05.2026,21.05.2026,1045,BARSHA,7227,1225,There is already such a booking for this agent.,Baron Resort Sharm El Sheikh,1557.87
23.03.2026,33083385,laura.andersen628@yahoo.com,23.05.2026,06.06.2026,1301,BARAN1,8239,1155,Not enough allotment,Barut Hotels Antalya Resort,309.95
09.03.2026,43689704,maria.keller285@icloud.com,01.05.2026,06.05.2026,4182,AMALI1,5557,1155,Not enough allotment,Amara Limassol Resort,2637.40
10.03.2026,54858411,michael.schmidt929@outlook.com,27.04.2026,11.05.2026,2653,DOMCAS,1282,1155,Not enough allotment,Dom Pedro Cascais,1890.54
19.03.2026,48211978,nina.wilson31@hotmail.com,06.08.2026,09.08.2026,4182,conayi,2229,1155,Not enough allotment,Constantinou Bros Ayia Napa,3520.65
21.03.2026,91924787,thomas.rossi957@outlook.com,22.05.2026,27.05.2026,1426,AJMFU1,4228,1755,Booking Create Error: Brak możliwości założenia rezerwacji winterfejsie.,Ajman Saray Fujairah Resort,2647.16
23.03.2026,44081688,anna.andersen443@yahoo.com,09.07.2026,23.07.2026,1714,RADPO1,6238,1732,  Booking Payer Error: Brak wymaganego parametru  ,Radisson Blu Porec Resort,3929.82
29.03.2026,40513661,anna.bakker150@gmail.com,16.07.2026,19.07.2026,1178,IBECOS,9423,1054,Contractor calculation error.,Iberostar Costa Brava,
11.03.2026,66711004,zofia.schmidt739@proton.me,27.08.2026,03.09.2026,1714,SUNROV,3184,1054,Contractor calculation error.,,1832.92
13.03.2026,78325483,sophie.wagner55@proton.me,17.07.2026,22.07.2026,1045,RIXSHA,3621,1732,Booking Payer Error: Brak wymaganego parametru,Rixos Sharm El Sheikh,1340.64
27.03.2026,61500505,chris.johnson232@icloud.com,11.06.2026,18.06.2026,1426,MARSH1,5930,5704,IMPROPER RESERVATION PRICE.,Marriott Sharjah Resort,"2462,73"
23.03.2026,39468480,simon.novak286@icloud.com,18.03.2026,27.03.2026,1426,HILFUJ,1634,1155,Not enough allotment,Hilton Fujairah,3905.10
23.03.2026,80254343,olga.muller912@outlook.com,22.07.2026,05.08.2026,2247,NHRIM1,3885,1225,There is already such a booking for this agent.,NH Collection Rimini Resort,
06.03.2026,98413629,thomas.keller947@hotmail.com,05.06.2026,10.06.2026,1426,ADDFU1,5173,1054,CONTRACTOR CALCULATION ERROR.,Address Hotels Fujairah Resort,2716.69
03.03.2026,29900441,olga.novak274@proton.me,18.06.2026,27.06.2026,1426,jumab1,7592,1054,  Contractor calculation error.  ,Jumeirah Abu Dhabi Resort,3078.65
04.03.2026,50486214,david.rossi687@outlook.com,10.04.2026,13.04.2026,1301,DELAL1,3647,1755,  Booking Create Error: Brak możliwości założenia rezerwacji winterfejsie.  ,Delphin Alanya Resort,2886.97
18.03.2026,25948883,laura.bianchi568@icloud.com,11.07.2026,20.07.2026,1301,BARSID,1832,1467,Booking Complete Error: Error Message : StopSale.,Barut Hotels Side,3888.43
05.03.2026,32621278,andrew.costa544@yahoo.com,06.06.2026,11.06.2026,1178,IBECO1,2235,1732,Booking Payer Error: Brak wymaganego parametru,Iberostar Costa del Sol,1115.59
29.03.2026,68385552,chris.muller77@outlook.com,03.09.2026,17.09.2026,1714,BLUROV,7991,5704,Improper reservation price.,Bluesun Rovinj,2253.82
16.03.2026,27183032,peter.bakker868@yahoo.com,23.05.2026,28.05.2026,1045,BARMAK,4150,1155,Not enough allotment,Baron Resort Makadi Bay,509.56
21.03.2026,16139220,george.kowalski619@proton.me,27.06.2026,06.07.2026,1045,JAZSHA,8517,1467,Booking Complete Error: Error Message : StopSale.,Jaz Sharm El Sheikh,1962.20
07.03.2026,58305167,michael.johnson650@yahoo.com,26.03.2026,04.04.2026,2653,pesvi1,5786,5704,Improper reservation price.,Pestana Vilamoura Resort,2530.23
22.03.2026,99692417,alice.kravets45@outlook.com,22.07.2026,27.07.2026,1714,AMADUB,5543,1755,BOOKING CREATE ERROR: BRAK MOŻLIWOŚCI ZAŁOŻENIA REZERWACJI WINTERFEJSIE.,Amadria Park Dubrovnik,322.63
12.03.2026,62820887,olga.kozlov783@hotmail.com,13.06.2026,16.06.2026,2247,ROCROM,4266,5704,Improper reservation price.,Rocco Forte Rome,746.53
12.03.2026,14147955,nina.petrov212@proton.me,06.05.2026,15.05.2026,2247, BAGSIC ,9728,5704,Improper reservation price.,Baglioni Hotels Sicily,1215.25
24.03.2026,95148713,paul.lang648@yahoo.com,05.05.2026,14.05.2026,1301,LIMBE1,2832,1467,Booking Complete Error: Error Message : StopSale.,Limak Belek Resort,2423.10
29.03.2026,29523336,robert.bianchi530@gmail.com,22.06.2026,06.07.2026, 1714,RADMA1,2052,1054,  Contractor calculation error.  ,Radisson Blu Makarska Resort,"632,75"
07.03.2026,47427169,laura.schmidt269@icloud.com,10.06.2026,15.06.2026,1301,limkem,4346,1054,Contractor calculation error.,Limak Kemer,"1253,71"
22.03.2026,85990691,irene.kravets995@gmail.com,26.04.2026,29.04.2026,1178,RIUCO1,1828,1155,Not enough allotment,,490.13 PLN
18.03.2026,83673108,nina.moretti871@yahoo.com,09.05.2026,16.05.2026,1301,RIXALA,6147,1054,Contractor calculation error.,Rixos Alanya,787.91
06.03.2026,40655922,irene.wagner13@yahoo.com,10.08.2026,13.08.2026,1714,SUNRO1,7678,1155,Not enough allotment,Sun Gardens Rovinj Resort,3176.08
21.03.2026,56030008,martin.bianchi200@yahoo.com,29.06.2026,08.07.2026,1178,BAHTEN,1117,1732,Booking Payer Error: Brak wymaganego parametru,Bahia Principe Tenerife,"3560,36"
16.03.2026,95871687,michael.bianchi515@gmail.com,03.05.2026,17.05.2026,1301,BARMA2,1128,1155,Not enough allotment,Barut Hotels Marmaris,2571.75 PLN
09.03.2026,21088535,zofia.meyer99@gmail.com,07.08.2026,10.08.2026,1178,BAHPAL,9786,1155,Not enough allotment,Bahia Principe Palma de Mallorca,3836.10
17.03.2026,37937587,daniel.rossi607@icloud.com,23.07.2026,30.07.2026,1301,MAXBEL,5533,8056,Wrong room configuration,Maxx Royal Belek,2713.94
05.03.2026,24853291,daniel.bianchi762@outlook.com,17.07.2026,22.07.2026,1714,FALDUB,8784,1225,There is already such a booking for this agent.,Falkensteiner Dubrovnik,998.79
25.03.2026,70486666,david.johnson768@yahoo.com,30.05.2026,02.06.2026,1045,HILELX,6168,5704,Improper reservation price.,Hilton El Gouna,2490.01
03.03.2026,14096040,olga.bianchi464@yahoo.com,28.04.2026,01.05.2026,2653,VILCAS,4986,1155,Not enough allotment,Vila Vita Parc Cascais,3953.91
18.03.2026,82166957,michael.costa313@gmail.com,10.05.2026,19.05.2026,1178,MELGRA,4681,1155,NOT ENOUGH ALLOTMENT,Meliá Gran Canaria,"3725,82"
03.03.2026,88858543,thomas.moretti234@hotmail.com,22.04.2026,06.05.2026,1301,limbe1,2832,1155,Not enough allotment,Limak Belek Resort,-2521.71
29.03.2026,86434234,elena.bianchi56@yahoo.com,20.05.2026,23.05.2026,1714,FALZA1,3471,1467,BOOKING COMPLETE ERROR: ERROR MESSAGE : STOPSALE.,Falkensteiner Zadar Resort,910.38
05.03.2026,59621760,john.wilson734@icloud.com,06.08.2026,11.08.2026,1714,RADMA1,2052,1054,Contractor calculation error.,Radisson Blu Makarska Resort,2020.78
25.03.2026,46152919,james.muller416@hotmail.com,08.07.2026,15.07.2026,1301, VOYALA ,5333,1467,Booking Complete Error: Error Message : StopSale.,Voyage Alanya,"1233,67"
22.03.2026,45501578,marta.schmidt70@proton.me,10.05.2026,17.05.2026,1045,SUNTAB,2654,1054,Contractor calculation error.,Sunrise Taba,3360.72
06.03.2026,23032010,elena.weber552@gmail.com,06.08.2026,13.08.2026,1301,CRYKEM,5462,5704,Improper reservation price.,Crystal Hotels Kemer,1018.40
20.03.2026,96418337,george.keller575@gmail.com,04.06.2026,18.06.2026,1301,CRYAN1,3143,1054,Contractor calculation error.,Crystal Hotels Antalya Resort,475.38
05.03.2026,49565649,claire.nowak222@proton.me,28.04.2026,07.05.2026,1178,BARCOS,8744,1155,Not enough allotment,Barceló Costa del Sol,646.24
20.03.2026,23440304,irene.costa232@proton.me,11.05.2026,16.05.2026,1426, JUMFUJ ,9379,1155,Not enough allotment,Jumeirah Fujairah,
10.03.2026,98007006,nina.kozlov328@outlook.com,30.03.2026,13.04.2026,1178,BARPAL,2049,1155,  Not enough allotment  ,Barceló Palma de Mallorca,1906.51
02.03.2026,52295635,chris.larsen366@gmail.com,08.07.2026,13.07.2026,1045,CORSHA,9830,1225,There is already such a booking for this agent.,Coral Sea Sharm El Sheikh,
29.03.2026,91764582,julia.bakker953@hotmail.com,07.07.2026,21.07.2026,1301,MAXSID,3170,1225,There is already such a booking for this agent.,Maxx Royal Side,417.31
01.03.2026,55578219,irene.dubois848@yahoo.com,02.08.2026,16.08.2026,2247,ROCSIC,3496,5704,Improper reservation price.,Rocco Forte Sicily,912.26
25.03.2026,56321751,daniel.fischer956@outlook.com,07.07.2026,16.07.2026,1301,BARALA,3144,1732,Booking Payer Error: Brak wymaganego parametru,Barut Hotels Alanya,1563.14
21.03.2026,13231624,michael.smith834@icloud.com,02.06.2026,16.06.2026,1301,TITBOD,5345,1054,Contractor calculation error.,Titanic Bodrum,"1574,39"
17.03.2026,11826627,zofia.berg309@gmail.com,19.04.2026,24.04.2026,1714,RADZAD,6198,1155,Not enough allotment,Radisson Blu Zadar,"794,58"
22.03.2026,37126137,paul.muller184@yahoo.com,10.05.2026,24.05.2026,1426,JUMDU1,9821,1755,Booking Create Error: Brak możliwości założenia rezerwacji winterfejsie.,Jumeirah Dubai Resort,1367.98
29.03.2026,96660320,marta.smith276@icloud.com,30.03.2026,06.04.2026,1178,HPALXX,4116,1155,Not enough allotment,H10 Hotels Palma de Mallorca,2173.12
12.03.2026,99635309,irene.muller834@icloud.com,30.05.2026,13.06.2026,1045,HILSHA,1916,5704,Improper reservation price.,Hilton Sharm El Sheikh,1845.86
14.03.2026,51014748,irene.meyer807@proton.me,14.05.2026,19.05.2026,1045,PICMAK,7482,1155,Not enough allotment,Pickalbatros Makadi Bay,296.67
14.03.2026,19314506,marta.fischer733@outlook.com,28.04.2026,07.05.2026,4182,AMALAR,4792,1755,Booking Create Error: Brak możliwości założenia rezerwacji winterfejsie.,Amara Larnaca,2192.30
08.03.2026,37931703,elena.andersen388@proton.me,10.07.2026,19.07.2026,2653,VILLIS,6169,1467,BOOKING COMPLETE ERROR: ERROR MESSAGE : STOPSALE.,Vila Vita Parc Lisbon,2141.51
24.03.2026,85589440,julia.fischer260@hotmail.com,02.08.2026,11.08.2026,1301,CRYMAR,4492,1732,Booking Payer Error: Brak wymaganego parametru,Crystal Hotels Marmaris,2379.68 PLN
05.03.2026,51517465,maria.smith42@outlook.com,01.06.2026,08.06.2026,1178,BAHPAL,9786,1755,Booking Create Error: Brak możliwości założenia rezerwacji winterfejsie.,Bahia Principe Palma de Mallorca,2300.63
23.03.2026,74696916,emma.kowalski539@outlook.com,28.04.2026,07.05.2026,2247, UNARIM ,3068,1467,Booking Complete Error: Error Message : StopSale.,UNA Hotels Rimini,580.19
09.03.2026,46219821,alice.garcia776@yahoo.com,29.04.2026,02.05.2026,1045,SUNHUR,7065,1225,There is already such a booking for this agent.,Sunrise Hurghada,4003.28
07.03.2026,94672838,michael.wilson780@icloud.com,14.08.2026,23.08.2026,1301,DELALA,6183,1155,  Not enough allotment  ,Delphin Alanya,2321.80
19.03.2026,82782058,maria.wilson519@proton.me,02.09.2026,11.09.2026,1714,VALDUB,3417,1778,  Booking Complete Error: Zablokowano allotment online.  ,Valamar Dubrovnik,1860.91
06.03.2026,26103071,george.johnson237@yahoo.com,17.06.2026,01.07.2026,1426,HILFU1,4114,1467,Booking Complete Error: Error Message : StopSale.,Hilton Fujairah Resort,4070.34
15.03.2026,53529740,robert.rossi643@proton.me,01.07.2026,04.07.2026,1301,DELANT,9288,1467,Booking Complete Error: Error Message : StopSale.,Delphin Antalya,1175.53
16.03.2026,62723649,emma.costa138@gmail.com,20.07.2026,03.08.2026,1301,delbel,3584,1225,There is already such a booking for this agent.,Delphin Belek,1486.57
29.03.2026,39435441,sophie.costa108@yahoo.com,10.06.2026,15.06.2026, 1045,HILELX,6168,5704,Improper reservation price.,Hilton El Gouna,2283.20
13.03.2026,44665942,michael.kravets618@hotmail.com,05.07.2026,10.07.2026,1045,CORMA1,2040,1155,Not enough allotment,Coral Sea Marsa Alam Resort,3471.99
14.03.2026,29564306,daniel.novak944@icloud.com,17.07.2026,24.07.2026,1426,MARAB1,4143,1054,CONTRACTOR CALCULATION ERROR.,Marriott Abu Dhabi Resort,3077.76
18.03.2026,85618104,michael.nowak5@gmail.com,02.07.2026,09.07.2026,2653,pesvil,7046,1155,Not enough allotment,Pestana Vilamoura,3140.51
02.03.2026,84776506,julia.smith987@hotmail.com,22.05.2026,25.05.2026,1045,STETAB,4432,8056,Wrong room configuration,Steigenberger Taba,483.63
18.03.2026,64680466,claire.bianchi106@icloud.com,12.05.2026,19.05.2026,1045,picmak,7482,5704,Improper reservation price.,Pickalbatros Makadi Bay,1750.55
02.03.2026,27421340,andrew.meyer962@outlook.com,10.05.2026,19.05.2026,1714,VALPO1,3503,8056,Wrong room configuration,Valamar Porec Resort,1794.14
31.03.2026,29436140,james.dubois198@yahoo.com,11.04.2026,20.04.2026,1426,JUMSHA,4644,1755,Booking Create Error: Brak możliwości założenia rezerwacji winterfejsie.,Jumeirah Sharjah,625.21
17.03.2026,36962876,alice.petrov944@proton.me,01.08.2026,06.08.2026,1178,OCCFUE,5073,1732,Booking Payer Error: Brak wymaganego parametru,Occidental Fuerteventura,"1078,37"
25.03.2026,37248252,martin.andersen337@outlook.com,28.08.2026,04.09.2026,1426,AJMDU1,3085,1755,Booking Create Error: Brak możliwości założenia rezerwacji winterfejsie.,Ajman Saray Dubai Resort,705.39
14.03.2026,76545378,chris.meyer288@icloud.com,02.07.2026,11.07.2026,1178,NHBENX,2588,1778,  Booking Complete Error: Zablokowano allotment online.  ,NH Collection Benidorm,1972.44
26.03.2026,48838001,michael.weber844@icloud.com,17.06.2026,26.06.2026,1178,MELCO1,7735,1467,  Booking Complete Error: Error Message : StopSale.  ,Meliá Costa Brava,368.96
07.03.2026,98376561,kate.smith544@proton.me,15.05.2026,24.05.2026,2247,BLUVEN,2669,1155,Not enough allotment,Bluserena Venice,2577.80
11.03.2026,46093287,paul.muller588@icloud.com,30.06.2026,07.07.2026,1045,barsha,7227,1054,CONTRACTOR CALCULATION ERROR.,Baron Resort Sharm El Sheikh,301.47
22.03.2026,51831014,alice.rossi605@hotmail.com,15.05.2026,18.05.2026,1301,VOYMAR,2753,1054,Contractor calculation error.,Voyage Marmaris,3943.38
12.03.2026,34136369,john.dubois610@icloud.com,27.07.2026,30.07.2026,1301,DELANT,9288,1467,Booking Complete Error: Error Message : StopSale.,Delphin Antalya,3576.37
20.03.2026,98064147,david.kowalski781@gmail.com,11.05.2026,25.05.2026,2653,tivvi1,6912,1732,Booking Payer Error: Brak wymaganego parametru,Tivoli Vilamoura Resort,463.01
11.03.2026,24543265,john.schmidt648@proton.me,11.07.2026,18.07.2026,4182,LOUAYI,5335,1467,Booking Complete Error: Error Message : StopSale.,Louis Hotels Ayia Napa,1795.17
25.03.2026,75890183,olga.meyer539@hotmail.com,06.06.2026,20.06.2026,1045,PICTAB,7543,1467,Booking Complete Error: Error Message : StopSale.,Pickalbatros Taba,1407.95
09.03.2026,54255086,claire.wagner681@gmail.com,17.07.2026,24.07.2026,1426,MARDU1,9518,1155,Not enough allotment,Marriott Dubai Resort,2229.93
18.03.2026,90501536,marta.johnson138@yahoo.com,27.06.2026,30.06.2026,1045,CORMAK,7216,1467,Booking Complete Error: Error Message : StopSale.,Coral Sea Makadi Bay,3197.71
09.03.2026,81483072,laura.muller673@outlook.com,30.06.2026,07.07.2026,1714,FALPO1,5681,1155,  Not enough allotment  ,Falkensteiner Porec Resort,1975.31
15.03.2026,54738928,chris.schmidt890@outlook.com,30.07.2026,08.08.2026,1178,BAHPAL,9786,1467,Booking Complete Error: Error Message : StopSale.,Bahia Principe Palma de Mallorca,3854.02
20.03.2026,56968623,alice.smith734@proton.me,08.08.2026,15.08.2026,1301,TITANT,8508,1467,Booking Complete Error: Error Message : StopSale.,Titanic Antalya,"2859,93"
23.03.2026,41076043,zofia.lang243@gmail.com,28.07.2026,04.08.2026,1426, ADDSHA ,6139,1467,  Booking Complete Error: Error Message : StopSale.  ,Address Hotels Sharjah,4126.25
14.03.2026,82590604,zofia.smith683@hotmail.com,20.05.2026,23.05.2026,1045,RIXMAR,9348,1054,  Contractor calculation error.  ,Rixos Marsa Alam,3950.82
06.03.2026,26213828,michael.wilson857@yahoo.com,19.07.2026,26.07.2026,2247,BAGSAR,6590,1778,Booking Complete Error: Zablokowano allotment online.,Baglioni Hotels Sardinia,"4104,62"
21.03.2026,17143361,julia.johnson482@outlook.com,16.08.2026,25.08.2026,1045,JAZTAB,2489,1467,Booking Complete Error: Error Message : StopSale.,Jaz Taba,996.23
26.03.2026,78663747,anna.lang109@icloud.com,13.05.2026,16.05.2026, 1426,ROTDU1,6967,1778,Booking Complete Error: Zablokowano allotment online.,,3089.13
11.03.2026,47228655,paul.muller660@hotmail.com,02.06.2026,11.06.2026,1178,MELTEN,2545,5704,Improper reservation price.,Meliá Tenerife,2801.37
20.03.2026,12099364,laura.schmidt862@hotmail.com,10.06.2026,13.06.2026,1178,MELBEN,2982,1755,Booking Create Error: Brak możliwości założenia rezerwacji winterfejsie.,Meliá Benidorm,1434.38
23.03.2026,93174259,mark.johnson599@yahoo.com,28.05.2026,02.06.2026,1045,JAZELX,4733,1054,Contractor calculation error.,Jaz El Gouna,"378,67"
28.03.2026,81251601,emma.berg677@hotmail.com,08.08.2026,22.08.2026,1045,corsha,9830,1732,Booking Payer Error: Brak wymaganego parametru,Coral Sea Sharm El Sheikh,4002.37 PLN
17.03.2026,70364220,michael.larsen830@proton.me,09.06.2026,18.06.2026,1426,AJMRAS,5573,1155,Not enough allotment,Ajman Saray Ras Al Khaimah,1386.82
21.03.2026,94799875,james.petrov567@proton.me,16.03.2026,23.03.2026,1178,IBEFUE,5563,1732,BOOKING PAYER ERROR: BRAK WYMAGANEGO PARAMETRU,Iberostar Fuerteventura,433.33
19.03.2026,64597257,laura.wilson797@outlook.com,13.06.2026,27.06.2026,1178,MELTEN,2545,1054,Contractor calculation error.,Meliá Tenerife,"510,54"
04.03.2026,10414016,zofia.keller910@yahoo.com,30.05.2026,02.06.2026,1178,RIUBEN,8177,1778,Booking Complete Error: Zablokowano allotment online.,RIU Benidorm,2054.83
16.03.2026,69262891,maria.keller513@icloud.com,22.04.2026,25.04.2026,1301,BARALA,3144,1155,Not enough allotment,Barut Hotels Alanya,"651,90"
04.03.2026,87024699,simon.meyer618@icloud.com,08.08.2026,22.08.2026,4182,LOUPA1,8679,5704,Improper reservation price.,Louis Hotels Paphos Resort,3674.43
28.03.2026,69371666,david.wilson716@outlook.com,31.05.2026,05.06.2026,1178,IBECOS,9423,1054,Contractor calculation error.,Iberostar Costa Brava,3330.38
22.03.2026,41524851,john.moretti420@hotmail.com,24.05.2026,31.05.2026,4182,CONPRO,8438,1225,There is already such a booking for this agent.,Constantinou Bros Protaras,1631.40
10.03.2026,68947411,john.roth510@outlook.com,29.04.2026,02.05.2026, 1045,PICSHA,6820,1467,Booking Complete Error: Error Message : StopSale.,Pickalbatros Sharm El Sheikh,3678.67
14.03.2026,95912365,irene.garcia732@icloud.com,19.05.2026,02.06.2026,2247,bluven,2669,5704,Improper reservation price.,Bluserena Venice,-3468.71
31.03.2026,27982209,david.keller36@proton.me,26.06.2026,01.07.2026,1178,OCCCOS,4770,1755,Booking Create Error: Brak możliwości założenia rezerwacji winterfejsie.,Occidental Costa del Sol,3094.65
31.03.2026,35677925,andrew.berg620@yahoo.com,01.05.2026,10.05.2026,1426,ROTRAS,8149,5704,Improper reservation price.,Rotana Ras Al Khaimah,1046.21
29.03.2026,98880638,sophie.larsen716@outlook.com,15.06.2026,20.06.2026, 1301,RIXSID,6617,1755,Booking Create Error: Brak możliwości założenia rezerwacji winterfejsie.,,1015.69
26.03.2026,76698694,thomas.kozlov892@proton.me,31.08.2026,07.09.2026,1714,FALMA1,7812,1778,Booking Complete Error: Zablokowano allotment online.,Falkensteiner Makarska Resort,-4180.48
02.03.2026,43715633,daniel.johnson7@hotmail.com,01.05.2026,15.05.2026,1426,MARDUB,6728,1755,Booking Create Error: Brak możliwości założenia rezerwacji winterfejsie.,Marriott Dubai,2356.97
14.03.2026,83229212,olga.johnson673@outlook.com,27.03.2026,03.04.2026,4182,AMAPA1,3718,1155,Not enough allotment,Amara Paphos Resort,2318.03
18.03.2026,75035969,simon.andersen649@proton.me,26.05.2026,04.06.2026,1045,HILHUR,5422,1155,NOT ENOUGH ALLOTMENT,Hilton Hurghada,"3630,38"
25.03.2026,87945127,chris.muller568@yahoo.com,11.07.2026,20.07.2026,1301,TITMAR,5669,1054,Contractor calculation error.,Titanic Marmaris,1098.49
12.03.2026,79322944,thomas.bianchi196@yahoo.com,29.05.2026,12.06.2026,1045,DANHU1,7252,1467,Booking Complete Error: Error Message : StopSale.,Dana Beach Hurghada Resort,730.73
05.03.2026,10945273,martin.wagner989@hotmail.com,29.05.2026,07.06.2026, 1045,DANMAR,3266,1054,Contractor calculation error.,Dana Beach Marsa Alam,3865.86
29.03.2026,86864823,robert.garcia468@icloud.com,03.04.2026,10.04.2026,4182,OLYLI1,1339,1155,Not enough allotment,Olympic Lagoon Limassol Resort,"2583,52"
28.03.2026,19313264,emma.moretti187@hotmail.com,26.07.2026,02.08.2026,1178,NHGRAX,7537,1732,Booking Payer Error: Brak wymaganego parametru,NH Collection Gran Canaria,
23.03.2026,80111528,john.kozlov901@proton.me,30.05.2026,04.06.2026,1045,BARMAR,5741,5704,Improper reservation price.,Baron Resort Marsa Alam,816.13
03.03.2026,61908845,peter.smith227@proton.me,06.07.2026,13.07.2026,1178,BAHCO1,3296,1467,Booking Complete Error: Error Message : StopSale.,Bahia Principe Costa del Sol,949.89
22.03.2026,39346048,daniel.petrov134@icloud.com,28.03.2026,06.04.2026,1301,VOYMAR,2753,1054,Contractor calculation error.,Voyage Marmaris,"346,01"
13.03.2026,99597988,mark.keller813@proton.me,07.07.2026,21.07.2026,1426,HILFU1,4114,1155,Not enough allotment,Hilton Fujairah Resort,1761.22
25.03.2026,82338977,andrew.fischer325@outlook.com,14.08.2026,23.08.2026,4182, ATLAY1 ,9199,1054,Contractor calculation error.,Atlantica Ayia Napa Resort,3145.53
02.03.2026,14665068,martin.berg738@hotmail.com,06.04.2026,15.04.2026,1301,DELANT,9288,8056,Wrong room configuration,Delphin Antalya,3107.28
31.03.2026,62831328,laura.larsen66@hotmail.com,31.05.2026,09.06.2026,2247,NHSIC1,9548,1054,Contractor calculation error.,NH Collection Sicily Resort,1975.39
10.03.2026,83800844,james.wilson474@gmail.com,22.07.2026,31.07.2026,1045,BARMA1,7304,1732,Booking Payer Error: Brak wymaganego parametru,Baron Resort Makadi Bay Resort,2175.34
17.03.2026,86667841,julia.garcia828@yahoo.com,07.06.2026,21.06.2026,1178,OCCPAL,4006,1755,Booking Create Error: Brak możliwości założenia rezerwacji winterfejsie.,Occidental Palma de Mallorca,3806.80
06.03.2026,71343676,thomas.muller776@icloud.com,08.05.2026,13.05.2026,1426,RADRAS,7528,1732,Booking Payer Error: Brak wymaganego parametru,Radisson Blu Ras Al Khaimah,3506.99
16.03.2026,85910136,alice.moretti998@proton.me,02.07.2026,11.07.2026,1045,sunel1,8019,1155,Not enough allotment,Sunrise El Gouna,"1972,47"
08.03.2026,51948384,julia.meyer849@hotmail.com,09.06.2026,14.06.2026,1045,JAZTAB,2489,8056,Wrong room configuration,Jaz Taba,-274.12
22.03.2026,36178114,paul.smith704@icloud.com,06.06.2026,20.06.2026,1178,HCOSX1,5092,1778,BOOKING COMPLETE ERROR: ZABLOKOWANO ALLOTMENT ONLINE.,H10 Hotels Costa Brava,1618.85
13.03.2026,63274774,maria.fischer280@outlook.com,25.05.2026,30.05.2026,1301,MAXSID,3170,1755,Booking Create Error: Brak możliwości założenia rezerwacji winterfejsie.,Maxx Royal Side,2233.65
05.03.2026,87398691,nina.moretti963@hotmail.com,28.05.2026,02.06.2026,1714,SUNSPL,8373,1155,Not enough allotment,Sun Gardens Split,756.57
10.03.2026,80841778,john.dubois645@hotmail.com,18.03.2026,27.03.2026,2247,BLURIM,7906,1054,Contractor calculation error.,Bluserena Rimini,-471.15
19.03.2026,59609009,emma.meyer632@outlook.com,06.06.2026,09.06.2026,1301,VOYAN1,5291,1155,Not enough allotment,Voyage Antalya Resort,2815.46
07.03.2026,30017834,peter.dubois271@icloud.com,30.05.2026,08.06.2026,1045,BARMAR,5741,1755,Booking Create Error: Brak możliwości założenia rezerwacji winterfejsie.,Baron Resort Marsa Alam,4000.31
06.03.2026,66711868,nina.weber437@gmail.com,12.07.2026,15.07.2026,1301,TITBEL,3200,1155,  Not enough allotment  ,Titanic Belek,
03.03.2026,54738928,olga.kowalski353@icloud.com,30.07.2026,08.08.2026,1178,BAHPAL,9786,1054,Contractor calculation error.,,3854.02
19.03.2026,69940949,paul.smith824@gmail.com,22.06.2026,27.06.2026,2247,BAGSIC,9728,1155,Not enough allotment,Baglioni Hotels Sicily,3343.28
25.03.2026,77207261,marta.costa660@outlook.com,03.06.2026,08.06.2026, 1045,RIXMAK,1750,1755,Booking Create Error: Brak możliwości założenia rezerwacji winterfejsie.,Rixos Makadi Bay,
15.03.2026,35359610,irene.johnson227@icloud.com,05.06.2026,14.06.2026,1178,MELCOS,1344,1467,Booking Complete Error: Error Message : StopSale.,Meliá Costa del Sol,1100.11
18.03.2026,69772630,chris.novak466@proton.me,27.07.2026,30.07.2026,1426,MARSH1,5930,1778,Booking Complete Error: Zablokowano allotment online.,Marriott Sharjah Resort,"260,30"
06.03.2026,78092370,james.andersen895@icloud.com,18.05.2026,01.06.2026,1301,MAXBOD,6718,1467,Booking Complete Error: Error Message : StopSale.,Maxx Royal Bodrum,3356.33
21.03.2026,35233025,robert.smith444@icloud.com,18.05.2026,25.05.2026,2247,NHRIMX,4673,1755,Booking Create Error: Brak możliwości założenia rezerwacji winterfejsie.,NH Collection Rimini,3686.31
15.03.2026,38788785,marta.andersen211@proton.me,24.06.2026,27.06.2026, 1301,MAXALA,8491,1732,Booking Payer Error: Brak wymaganego parametru,Maxx Royal Alanya,639.67
29.03.2026,29694380,olga.costa915@yahoo.com,17.04.2026,26.04.2026,1045,SUNHU1,4483,5704,Improper reservation price.,Sunwing Hurghada,2578.44
05.03.2026,92334886,elena.nowak506@outlook.com,12.05.2026,15.05.2026,1426,ADDDU1,8066,5704,Improper reservation price.,Address Hotels Dubai Resort,2719.68
01.03.2026,43314826,maria.kowalski387@yahoo.com,23.05.2026,26.05.2026,1178,BARTEN,2163,5704,  Improper reservation price.  ,Barceló Tenerife,890.24
26.03.2026,94591893,chris.larsen672@gmail.com,24.06.2026,01.07.2026,1178,BAHPAL,9786,1467,Booking Complete Error: Error Message : StopSale.,,517.67
14.03.2026,27601303,alice.weber661@icloud.com,17.07.2026,20.07.2026,1714,SUNZAD,9270,1755,BOOKING CREATE ERROR: BRAK MOŻLIWOŚCI ZAŁOŻENIA REZERWACJI WINTERFEJSIE.,Sun Gardens Zadar,484.85
14.03.2026,71201673,alice.wilson50@yahoo.com,30.06.2026,05.07.2026,2653,TIVPOR,8933,1467,Booking Complete Error: Error Message : StopSale.,Tivoli Porto,2051.94
24.03.2026,17316934,irene.bianchi780@proton.me,22.04.2026,27.04.2026, 1045,PICTAB,7543,1755,Booking Create Error: Brak możliwości założenia rezerwacji winterfejsie.,Pickalbatros Taba,2667.23
27.03.2026,34617406,emma.meyer655@hotmail.com,30.07.2026,02.08.2026,2247,THSARX,4908,1467,Booking Complete Error: Error Message : StopSale.,Th Resorts Sardinia,2935.47
28.03.2026,72985628,martin.meyer876@icloud.com,16.05.2026,30.05.2026,1301,DELMAR,9280,1778,  Booking Complete Error: Zablokowano allotment online.  ,Delphin Marmaris,385.65
22.03.2026,61204292,paul.fischer437@hotmail.com,20.05.2026,23.05.2026,2653,VIDPO1,9042,1054,Contractor calculation error.,Vidamar Resorts Porto Resort,3560.01
31.03.2026,91795187,george.bianchi129@gmail.com,20.06.2026,04.07.2026,1714, RADMAK ,2988,1155,Not enough allotment,Radisson Blu Makarska,"2667,23"
29.03.2026,31287665,emma.nowak124@hotmail.com,21.05.2026,28.05.2026,1301,voyant,9565,1155,Not enough allotment,Voyage Antalya,940.12
22.03.2026,95714702,george.bakker438@gmail.com,30.07.2026,02.08.2026,1301,LIMANT,2697,1467,Booking Complete Error: Error Message : StopSale.,Limak Antalya,2527.43
26.03.2026,29048689,maria.smith537@gmail.com,22.07.2026,05.08.2026,1301,BARANT,5272,5704,Improper reservation price.,Barut Hotels Antalya,1072.23
04.03.2026,62395415,julia.smith726@outlook.com,26.08.2026,04.09.2026,1178,NHFUEX,2160,1732,Booking Payer Error: Brak wymaganego parametru,NH Collection Fuerteventura,3971.82
28.03.2026,37757450,chris.andersen690@yahoo.com,24.04.2026,08.05.2026,2653,PESAL1,8216,1054,Contractor calculation error.,Pestana Albufeira Resort,3733.96
10.03.2026,35636468,anna.garcia191@proton.me,01.08.2026,04.08.2026,1178,BARBEN,4608,1755,Booking Create Error: Brak możliwości założenia rezerwacji winterfejsie.,Barceló Benidorm,342.85
06.03.2026,15945726,andrew.rossi628@outlook.com,25.05.2026,08.06.2026,1178,MELIBI,7596,1155,  Not enough allotment  ,Meliá Ibiza,4196.12
19.03.2026,36949332,emma.petrov449@proton.me,25.05.2026,03.06.2026,2653,PINAL1,2869,1155,Not enough allotment,Pine Cliffs Albufeira Resort,752.10
01.03.2026,15928471,julia.bakker776@proton.me,26.07.2026,31.07.2026,2247,thrim1,9031,1732,  Booking Payer Error: Brak wymaganego parametru  ,Th Resorts Rimini Resort,2130.25
02.03.2026,56218051,thomas.bakker342@yahoo.com,23.03.2026,06.04.2026,1301,MAXKEM,5351,5704,IMPROPER RESERVATION PRICE.,Maxx Royal Kemer,2733.14
23.03.2026,80421237,olga.andersen328@icloud.com,10.07.2026,15.07.2026,1301,delant,9288,1732,Booking Payer Error: Brak wymaganego parametru,Delphin Antalya,306.31
13.03.2026,32131755,mark.andersen874@gmail.com,10.05.2026,24.05.2026,1301,TITANT,8508,1755,Booking Create Error: Brak możliwości założenia rezerwacji winterfejsie.,Titanic Antalya,1577.64
30.03.2026,37369495,martin.andersen160@icloud.com,12.05.2026,19.05.2026,1045,HILSHA,1916,1467,BOOKING COMPLETE ERROR: ERROR MESSAGE : STOPSALE.,Hilton Sharm El Sheikh,2547.57
26.03.2026,79226031,olga.fischer9@outlook.com,01.04.2026,06.04.2026,1045,STEMAR,3287,5704,Improper reservation price.,Steigenberger Marsa Alam,4126.58
05.03.2026,29145387,mark.kowalski298@yahoo.com,14.06.2026,21.06.2026,1301,RIXAL1,1158,1155,Not enough allotment,Rixos Alanya Resort,
15.03.2026,55598060,david.wagner166@hotmail.com,05.06.2026,14.06.2026,1426,HILRAS,8119,1054,Contractor calculation error.,Hilton Ras Al Khaimah,"3445,15"
23.03.2026,75024805,simon.meyer768@outlook.com,14.08.2026,19.08.2026,1301, RIXANT ,1058,1467,Booking Complete Error: Error Message : StopSale.,Rixos Antalya,1605.46
03.03.2026,16682630,martin.novak604@yahoo.com,18.06.2026,27.06.2026, 2653,PINCAS,2647,1225,  There is already such a booking for this agent.  ,Pine Cliffs Cascais,2724.51
24.03.2026,85482020,james.smith717@gmail.com,02.07.2026,09.07.2026,2653,VIDVIL,5820,1467,Booking Complete Error: Error Message : StopSale.,Vidamar Resorts Vilamoura,3934.50
30.03.2026,83826394,daniel.meyer814@yahoo.com,20.06.2026,27.06.2026,1178,IBEGRA,9479,1467,Booking Complete Error: Error Message : StopSale.,Iberostar Gran Canaria,4157.19
10.03.2026,11385159,nina.kozlov612@outlook.com,22.07.2026,25.07.2026,1178,BARGRA,1993,1755,Booking Create Error: Brak możliwości założenia rezerwacji winterfejsie.,Barceló Gran Canaria,2102.08
08.03.2026,59430703,olga.moretti367@yahoo.com,15.08.2026,18.08.2026,1045,CORHUR,8428,1155,Not enough allotment,Coral Sea Hurghada,"591,59"
30.03.2026,47353323,emma.weber234@icloud.com,02.04.2026,05.04.2026,1301,RIXAL1,1158,1467,Booking Complete Error: Error Message : StopSale.,Rixos Alanya Resort,2388.07
16.03.2026,19412672,maria.johnson807@outlook.com,04.07.2026,18.07.2026,1178,IBECOS,9423,5704,Improper reservation price.,Iberostar Costa Brava,2771.97
11.03.2026,28729323,simon.rossi215@yahoo.com,28.06.2026,12.07.2026,2247,rocven,2771,5704,Improper reservation price.,Rocco Forte Venice,3718.88
09.03.2026,99279031,thomas.fischer500@gmail.com,08.06.2026,13.06.2026,2653,DOMPOR,6419,1155,NOT ENOUGH ALLOTMENT,Dom Pedro Porto,1554.80
05.03.2026,52339082,james.garcia191@proton.me,06.08.2026,20.08.2026,2653,PINCAS,2647,1155,Not enough allotment,Pine Cliffs Cascais,4186.24
01.03.2026,13156518,kate.rossi615@proton.me,09.06.2026,16.06.2026,1426,ADDDU1,8066,1155,Not enough allotment,Address Hotels Dubai Resort,3309.88
17.03.2026,44852582,david.wagner413@proton.me,06.04.2026,20.04.2026,1045,CORSHA,9830,1155,Not enough allotment,Coral Sea Sharm El Sheikh,831.29
27.03.2026,40476715,martin.berg827@icloud.com,07.05.2026,10.05.2026,1045,BARHUR,1525,1155,Not enough allotment,Baron Resort Hurghada,3538.47
14.03.2026,45902065,irene.kravets619@proton.me,23.04.2026,07.05.2026,4182,ANAAY1,2496,1467,Booking Complete Error: Error Message : StopSale.,Anassa Ayia Napa Resort,3790.45
14.03.2026,89794795,daniel.meyer666@gmail.com,02.06.2026,16.06.2026,4182,AMAPA2,2494,1732,Booking Payer Error: Brak wymaganego parametru,Amara Paphos Beach,1346.50
24.03.2026,35420283,james.muller675@hotmail.com,21.05.2026,04.06.2026,1426,HILFU1,4114,1732,Booking Payer Error: Brak wymaganego parametru,Hilton Fujairah Resort,3214.71
25.03.2026,10043447,mark.wilson805@icloud.com,17.06.2026,24.06.2026,1045,SUNHUR,7065,1467,Booking Complete Error: Error Message : StopSale.,Sunrise Hurghada,3277.36
17.03.2026,27332564,john.andersen979@yahoo.com,13.05.2026,16.05.2026,2247,UNAROM,2876,1054,Contractor calculation error.,UNA Hotels Rome,2368.99
15.03.2026,12163344,anna.kowalski520@icloud.com,06.07.2026,13.07.2026,1178,NHCOS1,2604,1155,Not enough allotment,NH Collection Costa Brava,2929.63
06.03.2026,38135317,maria.bianchi370@gmail.com,16.07.2026,19.07.2026, 1178,HCOSXX,7939,1054,Contractor calculation error.,H10 Hotels Costa del Sol,2875.72
12.03.2026,61965156,chris.andersen673@yahoo.com,15.04.2026,22.04.2026,4182,OLYLA1,6039,1467,Booking Complete Error: Error Message : StopSale.,Olympic Lagoon Larnaca Resort,3767.09
03.03.2026,86286724,julia.roth483@gmail.com,29.04.2026,08.05.2026,4182,amaayi,4241,1778,  Booking Complete Error: Zablokowano allotment online.  ,Amara Ayia Napa,1912.41
05.03.2026,10926856,michael.weber213@outlook.com,02.08.2026,05.08.2026,1178,BAHTEN,1117,5704,Improper reservation price.,Bahia Principe Tenerife,"2395,71"
20.03.2026,63395880,irene.roth28@icloud.com,15.05.2026,24.05.2026,1045,SUNMA2,2796,1467,Booking Complete Error: Error Message : StopSale.,Sunwing Makadi Bay,3743.93
22.03.2026,41978253,robert.kowalski992@outlook.com,16.05.2026,21.05.2026,4182,AMALIM,3441,5704,Improper reservation price.,Amara Limassol,3507.43
22.03.2026,21555280,kate.bianchi23@gmail.com,30.07.2026,04.08.2026,1426,MARSHA,1626,1054,Contractor calculation error.,Marriott Sharjah,1438.63
03.03.2026,75479127,elena.fischer699@proton.me,04.06.2026,07.06.2026,1301,DELAL1,3647,1054,Contractor calculation error.,Delphin Alanya Resort,1792.29
08.03.2026,23875009,simon.wagner236@hotmail.com,09.07.2026,23.07.2026,1301,DELBOD,2891,1732,Booking Payer Error: Brak wymaganego parametru,Delphin Bodrum,1500.01
17.03.2026,32524235,anna.dubois982@gmail.com,08.08.2026,22.08.2026,1301,rixbel,9900,1155,Not enough allotment,Rixos Belek,
04.03.2026,58370857,thomas.lang577@gmail.com,29.03.2026,12.04.2026,2247,UNASIC,9289,1467,Booking Complete Error: Error Message : StopSale.,UNA Hotels Sicily,1026.55
01.03.2026,51078819,martin.schmidt192@hotmail.com,04.07.2026,18.07.2026,1178,HTENXX,8749,1054,  Contractor calculation error.  ,H10 Hotels Tenerife,3006.60
24.03.2026,72150455,laura.muller6@outlook.com,29.07.2026,01.08.2026,2653,villi1,2070,1155,Not enough allotment,Vila Vita Parc Lisbon Resort,"3775,35"
17.03.2026,10926780,george.rossi927@icloud.com,01.06.2026,15.06.2026,1178,BARCO1,6559,1467,Booking Complete Error: Error Message : StopSale.,Barceló Costa Brava,1785.21
21.03.2026,32586394,mark.andersen173@hotmail.com,12.06.2026,26.06.2026,1178, BAHCOS ,4981,1225,There is already such a booking for this agent.,Bahia Principe Costa Brava,1681.53
18.03.2026,76216456,george.muller104@yahoo.com,14.05.2026,28.05.2026,1045,CORHUR,8428,1225,There is already such a booking for this agent.,Coral Sea Hurghada,1153.49
11.03.2026,82591844,paul.dubois887@yahoo.com,18.08.2026,21.08.2026,1426,JUMSH1,1727,1755,Booking Create Error: Brak możliwości założenia rezerwacji winterfejsie.,Jumeirah Sharjah Resort,3564.43
17.03.2026,87209399,sophie.lang404@yahoo.com,19.06.2026,03.07.2026,1045,STEMAR,3287,1155,Not enough allotment,Steigenberger Marsa Alam,2243.68
09.03.2026,61680358,thomas.fischer567@icloud.com,12.08.2026,26.08.2026,1301,LIMMAR,5956,1155,Not enough allotment,Limak Marmaris,3999.96
31.03.2026,85334855,john.kravets948@hotmail.com,05.05.2026,12.05.2026,2247,THRIM1,9031,1467,Booking Complete Error: Error Message : StopSale.,Th Resorts Rimini Resort,3452.28
25.03.2026,54255086,claire.dubois154@gmail.com,17.07.2026,24.07.2026,1426,MARDU1,9518,1467,Booking Complete Error: Error Message : StopSale.,Marriott Dubai Resort,2229.93
05.03.2026,17909847,sophie.kozlov346@yahoo.com,20.08.2026,25.08.2026,2247,UNAAMA,7498,5704,Improper reservation price.,UNA Hotels Amalfi Coast,3281.26
14.03.2026,94103913,julia.lang387@gmail.com,03.04.2026,10.04.2026,1045,DANMAR,3266,1778,Booking Complete Error: Zablokowano allotment online.,Dana Beach Marsa Alam,"2847,82"
27.03.2026,77552125,claire.dubois158@icloud.com,15.04.2026,29.04.2026,1301,DELMAR,9280,1467,Booking Complete Error: Error Message : StopSale.,Delphin Marmaris,2863.81
23.03.2026,19088003,nina.wilson720@gmail.com,09.08.2026,14.08.2026,1426,RADRAS,7528,1467,Booking Complete Error: Error Message : StopSale.,Radisson Blu Ras Al Khaimah,3644.95
26.03.2026,39495837,michael.schmidt281@icloud.com,17.04.2026,22.04.2026,1045,SUNTA1,3664,1732,Booking Payer Error: Brak wymaganego parametru,Sunwing Taba,
27.03.2026,74819756,peter.bianchi496@icloud.com,18.06.2026,25.06.2026,1301,MAXANT,3546,,Not enough allotment,Maxx Royal Antalya,1217.27
27.03.2026,99760053,michael.weber198@icloud.com,02.08.2026,05.08.2026,2247,UNASIC,9289,1155,Not enough allotment,UNA Hotels Sicily,3977.38
26.03.2026,76545378,marta.garcia257@yahoo.com,02.07.2026,11.07.2026,1178,NHBENX,2588,1467,  Booking Complete Error: Error Message : StopSale.  ,NH Collection Benidorm,1972.44
10.03.2026,42952444,martin.bakker371@icloud.com,22.03.2026,25.03.2026,2247,BLUSIC,4978,1755,  Booking Create Error: Brak możliwości założenia rezerwacji winterfejsie.  ,Bluserena Sicily,3468.98
29.03.2026,69317732,maria.schmidt498@proton.me,04.06.2026,13.06.2026,1178,BARGRA,1993,1155,Not enough allotment,Barceló Gran Canaria,1929.54
31.03.2026,14507845,thomas.wagner225@icloud.com,03.06.2026,17.06.2026,1426,AJMSH1,3851,1155,Not enough allotment,Ajman Saray Sharjah Resort,1334.65
19.03.2026,98139596,mark.johnson380@outlook.com,08.06.2026,22.06.2026,1178,BAHGRA,6107,1155,Not enough allotment,Bahia Principe Gran Canaria,3871.83
07.03.2026,20818494,julia.moretti345@hotmail.com,29.07.2026,03.08.2026,1301,CRYBEL,2638,1054,Contractor calculation error.,Crystal Hotels Belek,1285.89
06.03.2026,80841442,zofia.kravets140@icloud.com,20.06.2026,23.06.2026,1045,PICSHA,6820,5704,Improper reservation price.,Pickalbatros Sharm El Sheikh,4141.33
27.03.2026,88736930,peter.rossi260@icloud.com,28.05.2026,02.06.2026,2653, VIDVI1 ,1231,5704,Improper reservation price.,Vidamar Resorts Vilamoura Resort,2605.12
30.03.2026,81195280,irene.dubois158@gmail.com,13.04.2026,20.04.2026,2247,UNAVE1,2729,1755,Booking Create Error: Brak możliwości założenia rezerwacji winterfejsie.,UNA Hotels Venice Resort,-2621.84
03.03.2026,59532732,sophie.garcia983@proton.me,17.05.2026,22.05.2026,2653,PINVIL,9041,1467,Booking Complete Error: Error Message : StopSale.,Pine Cliffs Vilamoura,1592.73
21.03.2026,81760722,james.smith676@icloud.com,01.07.2026,08.07.2026,1045,PICHUR,2084,5704,Improper reservation price.,Pickalbatros Hurghada,2087.72
14.03.2026,98354700,daniel.smith65@hotmail.com,12.06.2026,19.06.2026,1178,IBEIBI,1964,5704,Improper reservation price.,Iberostar Ibiza,2290.10
20.03.2026,12975695,peter.wilson340@outlook.com,31.05.2026,14.06.2026,2653,VILLI1,2070,1155,Not enough allotment,Vila Vita Parc Lisbon Resort,1903.15
22.03.2026,37126137,paul.muller184@yahoo.com,10.05.2026,24.05.2026,1426,JUMDU1,9821,1755,Booking Create Error: Brak możliwości założenia rezerwacji winterfejsie.,Jumeirah Dubai Resort,1367.98
01.03.2026,96322270,alice.johnson365@yahoo.com,20.05.2026,23.05.2026,1045,SUNEL1,8019,1467,Booking Complete Error: Error Message : StopSale.,Sunrise El Gouna,3785.37
31.03.2026,30200353,nina.bianchi223@proton.me,30.05.2026,04.06.2026,2247,unasic,9289,1778,Booking Complete Error: Zablokowano allotment online.,UNA Hotels Sicily,390.82
07.03.2026,35826028,anna.meyer391@yahoo.com,28.05.2026,31.05.2026,1045,PICHUR,2084,1155,Not enough allotment,Pickalbatros Hurghada,"1456,64"
08.03.2026,77396777,julia.andersen627@yahoo.com,23.07.2026,28.07.2026,1178, HPALXX ,4116,5704,Improper reservation price.,H10 Hotels Palma de Mallorca,656.70
24.03.2026,25024984,kate.bianchi262@hotmail.com,07.05.2026,21.05.2026,1426,AJMAB1,5920,1467,Booking Complete Error: Error Message : StopSale.,Ajman Saray Abu Dhabi Resort,2835.40
29.03.2026,15063406,james.weber752@yahoo.com,22.06.2026,25.06.2026,1301,TITMAR,5669,1467,Booking Complete Error: Error Message : StopSale.,Titanic Marmaris,2358.44
31.03.2026,24479352,laura.kravets14@proton.me,08.05.2026,11.05.2026,2653,vidli1,8843,1755,Booking Create Error: Brak możliwości założenia rezerwacji winterfejsie.,Vidamar Resorts Lisbon Resort,"3381,22"
27.03.2026,13148100,claire.meyer92@icloud.com,06.05.2026,09.05.2026,1045,RIXHUR,4593,1155,Not enough allotment,Rixos Hurghada,857.96
12.03.2026,16982290,chris.garcia303@gmail.com,05.08.2026,10.08.2026,2653,VILAL1,4180,5704,  Improper reservation price.  ,Vila Vita Parc Albufeira Resort,3569.65
27.03.2026,58208672,chris.andersen392@hotmail.com,03.06.2026,06.06.2026,1045,PICELX,4752,,Not enough allotment,Pickalbatros El Gouna,2953.76
09.03.2026,25523106,laura.costa87@icloud.com,25.04.2026,04.05.2026,1045,JAZTAB,2489,1755,Booking Create Error: Brak możliwości założenia rezerwacji winterfejsie.,Jaz Taba,4111.12
17.03.2026,91715751,claire.nowak803@outlook.com,16.08.2026,21.08.2026,1045,RIXMAR,9348,5704,Improper reservation price.,Rixos Marsa Alam,2923.39
01.03.2026,79806370,thomas.smith666@yahoo.com,20.08.2026,25.08.2026,1045,BARSHA,7227,1467,Booking Complete Error: Error Message : StopSale.,Baron Resort Sharm El Sheikh,3190.48
22.03.2026,81842223,nina.meyer81@gmail.com,15.06.2026,18.06.2026,1045,corma1,2040,1467,Booking Complete Error: Error Message : StopSale.,Coral Sea Marsa Alam Resort,"3761,66"
31.03.2026,56798897,mark.nowak215@outlook.com,09.05.2026,14.05.2026,1714, VALROV ,4997,1467,Booking Complete Error: Error Message : StopSale.,Valamar Rovinj,2263.15
17.03.2026,85334855,mark.bianchi163@icloud.com,05.05.2026,12.05.2026,2247,THRIM1,9031,1155,Not enough allotment,Th Resorts Rimini Resort,3452.28
26.03.2026,60481407,john.nowak281@hotmail.com,27.06.2026,11.07.2026,1045,SUNEL1,8019,1467,Booking Complete Error: Error Message : StopSale.,Sunrise El Gouna,3638.40
19.03.2026,40116895,chris.dubois671@yahoo.com,02.08.2026,09.08.2026,1301,titmar,5669,1732,Booking Payer Error: Brak wymaganego parametru,Titanic Marmaris,4025.10
24.03.2026,63769921,james.smith579@icloud.com,12.06.2026,17.06.2026,1301,voybel,2200,1155,Not enough allotment,Voyage Belek,941.17
14.03.2026,92629508,kate.andersen173@yahoo.com,27.07.2026,03.08.2026,1301,BARALA,3144,5704,Improper reservation price.,Barut Hotels Alanya,601.66
07.03.2026,60761920,marta.meyer790@outlook.com,10.06.2026,19.06.2026,1178,BAHPAL,9786,1467,Booking Complete Error: Error Message : StopSale.,Bahia Principe Palma de Mallorca,"581,70"
29.03.2026,33760468,claire.meyer567@hotmail.com,15.07.2026,20.07.2026, 1178,OCCTEN,7118,1155,Not enough allotment,Occidental Tenerife,2175.65
21.03.2026,37355760,nina.dubois829@outlook.com,12.06.2026,15.06.2026,1045,SUNSH1,6930,5704,Improper reservation price.,Sunwing Sharm El Sheikh,2234.88
30.03.2026,51570260,maria.rossi540@proton.me,23.05.2026,26.05.2026,1045,hilsha,1916,1155,Not enough allotment,Hilton Sharm El Sheikh,3621.75
22.03.2026,72779379,daniel.nowak700@proton.me,17.03.2026,22.03.2026,1045,BARSHA,7227,1155,Not enough allotment,Baron Resort Sharm El Sheikh,3963.06
03.03.2026,61722494,elena.smith738@gmail.com,05.07.2026,08.07.2026,1178, BARTEN ,2163,1467,Booking Complete Error: Error Message : StopSale.,Barceló Tenerife,1023.66
01.03.2026,83859604,chris.meyer551@hotmail.com,05.05.2026,10.05.2026,2653, DOMPO1 ,8690,1155,Not enough allotment,Dom Pedro Porto Resort,3871.27
26.03.2026,70040074,marta.novak114@proton.me,29.07.2026,03.08.2026,1178,BAHIBI,3167,1732,Booking Payer Error: Brak wymaganego parametru,Bahia Principe Ibiza,3781.25
20.03.2026,32845907,claire.schmidt43@proton.me,30.05.2026,04.06.2026,2653,pespo1,2680,1155,Not enough allotment,Pestana Porto Resort,2425.47
19.03.2026,79502107,andrew.kozlov656@gmail.com,10.07.2026,17.07.2026,1045,DANMAK,3677,1732,Booking Payer Error: Brak wymaganego parametru,Dana Beach Makadi Bay,3309.38
30.03.2026,53372139,irene.muller409@outlook.com,06.06.2026,13.06.2026,1045,STETAB,4432,1755,Booking Create Error: Brak możliwości założenia rezerwacji winterfejsie.,Steigenberger Taba,896.42
23.03.2026,15993292,olga.bakker136@icloud.com,15.07.2026,18.07.2026, 1178,HIBIXX,9834,1755,BOOKING CREATE ERROR: BRAK MOŻLIWOŚCI ZAŁOŻENIA REZERWACJI WINTERFEJSIE.,H10 Hotels Ibiza,548.29
30.03.2026,52276352,chris.johnson762@outlook.com,15.05.2026,18.05.2026,1426, JUMRA1 ,6344,1732,Booking Payer Error: Brak wymaganego parametru,Jumeirah Ras Al Khaimah Resort,984.42
21.03.2026,85924383,simon.lang565@hotmail.com,16.03.2026,23.03.2026,2247,MANRI1,3506,1054,  Contractor calculation error.  ,Mangia's Resorts Rimini Resort,"928,63"
28.03.2026,41796388,sophie.andersen100@icloud.com,26.06.2026,05.07.2026,2247,BLUSIC,4978,8056,Wrong room configuration,Bluserena Sicily,2305.69
17.03.2026,45514329,emma.johnson770@proton.me,15.07.2026,18.07.2026,2653,VILALB,4937,5704,  Improper reservation price.  ,Vila Vita Parc Albufeira,3793.40
15.03.2026,63498338,daniel.bakker112@yahoo.com,25.03.2026,03.04.2026,1301,CRYALA,6464,1732,Booking Payer Error: Brak wymaganego parametru,,563.13
30.03.2026,51408024,peter.dubois276@icloud.com,30.05.2026,06.06.2026,2653,TIVCAS,9595,1467,Booking Complete Error: Error Message : StopSale.,Tivoli Cascais,2617.18
27.03.2026,78684052,julia.andersen700@hotmail.com,14.06.2026,19.06.2026,1714,SUNZAD,9270,5704,Improper reservation price.,Sun Gardens Zadar,2482.83
07.03.2026,83564403,paul.bakker572@gmail.com,14.07.2026,19.07.2026,1045,STEHUR,4598,1467,  Booking Complete Error: Error Message : StopSale.  ,Steigenberger Hurghada,3500.24
08.03.2026,10104135,thomas.johnson297@yahoo.com,29.04.2026,02.05.2026,1426,ajmabu,2137,5704,Improper reservation price.,Ajman Saray Abu Dhabi,2059.90
05.03.2026,16045005,sophie.wilson566@outlook.com,03.06.2026,10.06.2026,1178,BARCO1,6559,1732,Booking Payer Error: Brak wymaganego parametru,Barceló Costa Brava,416.26
21.03.2026,63447665,paul.wagner415@gmail.com,18.05.2026,23.05.2026,1301,CRYBEL,2638,5704,Improper reservation price.,Crystal Hotels Belek,2945.24
20.03.2026,49916439,mark.berg861@icloud.com,14.06.2026,21.06.2026, 1714,RADPO1,6238,1755,  Booking Create Error: Brak możliwości założenia rezerwacji winterfejsie.  ,Radisson Blu Porec Resort,1188.32
02.03.2026,41278022,peter.johnson378@hotmail.com,28.05.2026,02.06.2026, 1045,BARMA1,7304,1225,There is already such a booking for this agent.,Baron Resort Makadi Bay Resort,1399.87
09.03.2026,86978840,sophie.kowalski877@proton.me,18.07.2026,21.07.2026,1426,AJMFU1,4228,5704,Improper reservation price.,Ajman Saray Fujairah Resort,"346,97"
06.03.2026,89035184,simon.schmidt741@outlook.com,04.06.2026,13.06.2026,1045,CORSHA,9830,1155,Not enough allotment,Coral Sea Sharm El Sheikh,1086.94
27.03.2026,63394315,john.kowalski257@hotmail.com,26.04.2026,10.05.2026,1426,AJMABU,2137,1155,Not enough allotment,Ajman Saray Abu Dhabi,2140.87
19.03.2026,24336334,kate.bakker253@outlook.com,24.05.2026,29.05.2026,1714,amasp1,9890,1155,Not enough allotment,Amadria Park Split Resort,"941,86"
20.03.2026,85834657,alice.bakker657@icloud.com,04.08.2026,18.08.2026,1045,JAZMAK,1771,1054,Contractor calculation error.,Jaz Makadi Bay,1134.74
04.03.2026,26687988,sophie.fischer391@yahoo.com,01.06.2026,10.06.2026, 2247,BAGSAR,6590,1155,Not enough allotment,Baglioni Hotels Sardinia,"508,25"
21.03.2026,10678721,paul.keller530@yahoo.com,15.07.2026,22.07.2026,2653,TIVVI1,6912,1467,Booking Complete Error: Error Message : StopSale.,Tivoli Vilamoura Resort,480.72
31.03.2026,68029531,michael.keller763@proton.me,13.08.2026,16.08.2026,1426,JUMRA1,6344,1225,There is already such a booking for this agent.,Jumeirah Ras Al Khaimah Resort,827.67
26.03.2026,65506990,peter.larsen919@proton.me,29.05.2026,07.06.2026,2653, VILPO1 ,5494,1054,Contractor calculation error.,Vila Vita Parc Porto Resort,1527.67
28.03.2026,37748106,zofia.kozlov899@hotmail.com,11.04.2026,20.04.2026,2653,PESFUN,4033,1467,Booking Complete Error: Error Message : StopSale.,Pestana Funchal (Madeira),"2958,76"
10.03.2026,86901486,david.bakker955@yahoo.com,17.06.2026,26.06.2026,1426,RADRAS,7528,1755,Booking Create Error: Brak możliwości założenia rezerwacji winterfejsie.,Radisson Blu Ras Al Khaimah,2716.75
18.03.2026,69578294,thomas.wilson682@icloud.com,23.06.2026,02.07.2026,1301,CRYAN1,3143,1467,Booking Complete Error: Error Message : StopSale.,Crystal Hotels Antalya Resort,"4011,88"
17.03.2026,88244475,john.dubois95@gmail.com,19.06.2026,22.06.2026,1045,SUNMA2,2796,1054,Contractor calculation error.,Sunwing Makadi Bay,2943.29
17.03.2026,37474003,daniel.meyer192@icloud.com,13.05.2026,22.05.2026,1426,AJMSH1,3851,5704,  Improper reservation price.  ,Ajman Saray Sharjah Resort,"2975,08"
27.03.2026,89569937,laura.wagner836@gmail.com,10.08.2026,13.08.2026,1178,MELIBI,7596,1155,Not enough allotment,Meliá Ibiza,3478.87
13.03.2026,39435441,michael.nowak676@gmail.com,10.06.2026,15.06.2026,1045,HILELX,6168,1467,Booking Complete Error: Error Message : StopSale.,Hilton El Gouna,2283.20 PLN
16.03.2026,82271017,alice.andersen21@proton.me,06.07.2026,20.07.2026, 1178,NHCOSX,8651,1225,There is already such a booking for this agent.,NH Collection Costa del Sol,3215.89
22.03.2026,21062221,emma.smith809@yahoo.com,31.07.2026,09.08.2026,1426,MARAB1,4143,1155,Not enough allotment,,4132.61
30.03.2026,51882705,marta.kowalski715@proton.me,03.08.2026,06.08.2026,1045,jaztab,2489,1225,  There is already such a booking for this agent.  ,Jaz Taba,"288,34"
03.03.2026,38712940,kate.moretti814@yahoo.com,10.06.2026,17.06.2026,1301,RIXAL1,1158,1467,Booking Complete Error: Error Message : StopSale.,Rixos Alanya Resort,1198.89
04.03.2026,63290556,chris.moretti562@gmail.com,09.04.2026,14.04.2026,2653,VILPO1,5494,1467,  Booking Complete Error: Error Message : StopSale.  ,Vila Vita Parc Porto Resort,"656,89"
09.03.2026,92285130,david.weber406@outlook.com,23.06.2026,02.07.2026,1045,stemar,3287,1225,There is already such a booking for this agent.,Steigenberger Marsa Alam,3007.84
22.03.2026,42177848,claire.costa976@proton.me,21.04.2026,26.04.2026,1178,OCCFUE,5073,5704,Improper reservation price.,Occidental Fuerteventura,428.06
13.03.2026,20361782,michael.lang781@hotmail.com,16.05.2026,23.05.2026,2653,vilca1,1745,,  Booking Payer Error: Brak wymaganego parametru  ,Vila Vita Parc Cascais Resort,
06.03.2026,48766825,nina.costa429@hotmail.com,02.06.2026,05.06.2026,1045, PICSHA ,6820,1755,Booking Create Error: Brak możliwości założenia rezerwacji winterfejsie.,Pickalbatros Sharm El Sheikh,2750.29
04.03.2026,21659353,robert.muller178@icloud.com,04.05.2026,09.05.2026,1178,IBEIBI,1964,1155,NOT ENOUGH ALLOTMENT,Iberostar Ibiza,2887.81
13.03.2026,89829473,simon.kozlov568@yahoo.com,20.08.2026,03.09.2026,2653,TIVCAS,9595,1155,Not enough allotment,Tivoli Cascais,"3438,49"
02.03.2026,97041918,elena.kozlov390@hotmail.com,09.08.2026,12.08.2026,1045,pichur,2084,1155,Not enough allotment,Pickalbatros Hurghada,3956.73
04.03.2026,73099594,simon.bianchi266@gmail.com,07.04.2026,14.04.2026,1045,RIXTAB,5554,1755,Booking Create Error: Brak możliwości założenia rezerwacji winterfejsie.,Rixos Taba,2569.17
12.03.2026,96243916,olga.garcia429@hotmail.com,01.08.2026,10.08.2026,1301,DELALA,6183,1467,Booking Complete Error: Error Message : StopSale.,Delphin Alanya,1647.58 PLN
12.03.2026,13502744,paul.kravets746@gmail.com,14.04.2026,23.04.2026,2247,MANSA1,1207,1467,  Booking Complete Error: Error Message : StopSale.  ,Mangia's Resorts Sardinia Resort,3549.23
30.03.2026,10388983,sophie.muller416@outlook.com,26.05.2026,29.05.2026,1178,HFUEXX,1514,1155,Not enough allotment,H10 Hotels Fuerteventura,2531.67
20.03.2026,29407255,nina.weber592@gmail.com,10.04.2026,17.04.2026,1301,RIXBEL,9900,1155,Not enough allotment,Rixos Belek,"3303,43"
11.03.2026,76481027,john.dubois480@icloud.com,22.06.2026,27.06.2026,4182,LOUPR1,8172,1054,Contractor calculation error.,Louis Hotels Protaras Resort,2332.75
25.03.2026,53169386,john.wagner504@gmail.com,07.07.2026,21.07.2026,1426,MARFUJ,5564,1755,Booking Create Error: Brak możliwości założenia rezerwacji winterfejsie.,Marriott Fujairah,975.00
14.03.2026,98220138,mark.johnson650@yahoo.com,14.05.2026,28.05.2026,4182,LOULA1,1653,1467,Booking Complete Error: Error Message : StopSale.,Louis Hotels Larnaca Resort,"1956,86"
31.03.2026,52254501,robert.wilson899@gmail.com,27.07.2026,05.08.2026,1178,NHIBIX,7912,1155,Not enough allotment,NH Collection Ibiza,3720.06
10.03.2026,61125809,marta.costa639@yahoo.com,12.07.2026,21.07.2026,1301,BARMA2,1128,5704,Improper reservation price.,Barut Hotels Marmaris,1623.00
18.03.2026,63704612,emma.johnson902@icloud.com,05.05.2026,19.05.2026,1301,TITBEL,3200,1732,Booking Payer Error: Brak wymaganego parametru,Titanic Belek,"2354,18"
27.03.2026,92334886,chris.meyer724@hotmail.com,12.05.2026,15.05.2026,1426,ADDDU1,8066,8056,Wrong room configuration,Address Hotels Dubai Resort,2719.68
03.03.2026,95912365,anna.andersen341@proton.me,19.05.2026,02.06.2026,2247,BLUVEN,2669,1054,Contractor calculation error.,Bluserena Venice,3468.71
03.03.2026,25577207,mark.wilson814@yahoo.com,02.07.2026,11.07.2026,1178,IBEIBI,1964,1155,Not enough allotment,Iberostar Ibiza,"2339,03"
16.03.2026,54218045,george.lang268@yahoo.com,14.07.2026,23.07.2026,1045,SUNHU1,4483,1155,Not enough allotment,Sunwing Hurghada,4036.29
03.03.2026,62437549,peter.johnson292@outlook.com,11.06.2026,25.06.2026,1178,OCCIBI,2612,1155,Not enough allotment,Occidental Ibiza,3763.87
25.03.2026,80722909,chris.novak814@yahoo.com,06.06.2026,11.06.2026,1178,BARTEN,2163,1155,Not enough allotment,Barceló Tenerife,4109.55
01.03.2026,91715751,paul.wagner153@outlook.com,16.08.2026,21.08.2026,1045,rixmar,9348,1155,Not enough allotment,Rixos Marsa Alam,-2923.39
09.03.2026,95166204,chris.petrov289@icloud.com,17.04.2026,24.04.2026,1301,maxbel,5533,1225,There is already such a booking for this agent.,Maxx Royal Belek,4196.70
15.03.2026,34275084,robert.dubois947@gmail.com,18.07.2026,23.07.2026,1178,IBECO1,2235,1155,Not enough allotment,Iberostar Costa del Sol,1730.40
01.03.2026,23187101,george.wagner535@gmail.com,23.05.2026,28.05.2026,1714,SUNDUB,5246,5704,Improper reservation price.,Sun Gardens Dubrovnik,3497.45
09.03.2026,62869451,alice.weber440@hotmail.com,15.04.2026,24.04.2026,1301,titmar,5669,1155,Not enough allotment,Titanic Marmaris,923.06
15.03.2026,41864002,paul.costa709@gmail.com,27.06.2026,30.06.2026, 1301,CRYBOD,4450,5704,  Improper reservation price.  ,Crystal Hotels Bodrum,4032.68
23.03.2026,15233258,simon.rossi430@yahoo.com,09.04.2026,18.04.2026,1045,HILMAR,5386,1732,Booking Payer Error: Brak wymaganego parametru,Hilton Marsa Alam,491.67 PLN
04.03.2026,94769226,irene.smith758@gmail.com,12.06.2026,17.06.2026,2247,UNAROM,2876,1732,BOOKING PAYER ERROR: BRAK WYMAGANEGO PARAMETRU,UNA Hotels Rome,"2847,71"
14.03.2026,69945655,george.kowalski359@outlook.com,26.08.2026,02.09.2026,2653,PESLIS,2524,,Booking Complete Error: Error Message : StopSale.,Pestana Lisbon,295.01
22.03.2026,20402470,julia.kravets767@gmail.com,27.03.2026,05.04.2026,1301, RIXANT ,1058,5704,Improper reservation price.,Rixos Antalya,1733.96
30.03.2026,36446456,maria.petrov733@hotmail.com,27.05.2026,05.06.2026,1178,RIUBEN,8177,1732,Booking Payer Error: Brak wymaganego parametru,RIU Benidorm,261.40
18.03.2026,83673108,nina.moretti871@yahoo.com,09.05.2026,16.05.2026,1301,RIXALA,6147,1054,Contractor calculation error.,Rixos Alanya,787.91
12.03.2026,96585128,claire.schmidt771@outlook.com,18.08.2026,01.09.2026,1301,MAXSID,3170,1225,There is already such a booking for this agent.,Maxx Royal Side,1160.44 PLN
10.03.2026,58866576,nina.rossi372@icloud.com,22.07.2026,25.07.2026,1426,MARDU1,9518,1155,Not enough allotment,Marriott Dubai Resort,371.01
20.03.2026,22882585,marta.muller816@hotmail.com,18.05.2026,01.06.2026,1714,VALRO1,5451,1225,There is already such a booking for this agent.,Valamar Rovinj Resort,2504.65
25.03.2026,25638062,irene.smith962@gmail.com,14.05.2026,17.05.2026,1301,RIXAL1,1158,1054,Contractor calculation error.,Rixos Alanya Resort,3198.05
03.03.2026,58447730,alice.schmidt86@icloud.com,23.04.2026,07.05.2026,2653,VIDPO1,9042,1755,  Booking Create Error: Brak możliwości założenia rezerwacji winterfejsie.  ,Vidamar Resorts Porto Resort,1190.98
08.03.2026,76598922,julia.kowalski509@outlook.com,17.03.2026,20.03.2026,1178,BARFUE,8953,5704,  Improper reservation price.  ,Barceló Fuerteventura,2186.26
04.03.2026,99226114,simon.dubois346@outlook.com,04.04.2026,11.04.2026,1045,JAZTAB,2489,1467,Booking Complete Error: Error Message : StopSale.,Jaz Taba,477.43
20.03.2026,31246994,george.fischer690@outlook.com,10.07.2026,17.07.2026,1178,HGRAXX,4899,1467,Booking Complete Error: Error Message : StopSale.,H10 Hotels Gran Canaria,2492.18
20.03.2026,67387731,andrew.moretti735@proton.me,11.06.2026,18.06.2026,1178,barcos,8744,1732,Booking Payer Error: Brak wymaganego parametru,Barceló Costa del Sol,2993.16
20.03.2026,65952266,alice.andersen79@outlook.com,12.04.2026,19.04.2026,1301,DELKEM,5915,1732,Booking Payer Error: Brak wymaganego parametru,Delphin Kemer,3265.01
30.03.2026,76065913,emma.lang921@yahoo.com,03.06.2026,10.06.2026,1178,MELCOS,1344,8056,Wrong room configuration,Meliá Costa del Sol,502.76
05.03.2026,26708168,sophie.petrov732@icloud.com,01.07.2026,08.07.2026,1301,VOYBOD,2512,1225,There is already such a booking for this agent.,Voyage Bodrum,2446.09
04.03.2026,23875009,thomas.lang445@proton.me,09.07.2026,23.07.2026,1301,DELBOD,2891,1054,  Contractor calculation error.  ,Delphin Bodrum,1500.01
06.03.2026,80474132,maria.berg244@outlook.com,05.07.2026,19.07.2026,1426,RADAB1,5844,1467,Booking Complete Error: Error Message : StopSale.,Radisson Blu Abu Dhabi Resort,"1272,40"
03.03.2026,59576939,michael.muller86@icloud.com,22.05.2026,27.05.2026,2247,NHRIM1,3885,1467,Booking Complete Error: Error Message : StopSale.,NH Collection Rimini Resort,2953.17
30.03.2026,66272254,nina.moretti915@yahoo.com,02.05.2026,07.05.2026,2247,rocsar,4249,1155,Not enough allotment,Rocco Forte Sardinia,2836.05
11.03.2026,36252367,nina.roth326@hotmail.com,22.06.2026,29.06.2026,1045,BARSHA,7227,1155,Not enough allotment,Baron Resort Sharm El Sheikh,1306.77
21.03.2026,86861917,anna.fischer69@outlook.com,22.05.2026,25.05.2026,1178,HFUEXX,1514,1732,Booking Payer Error: Brak wymaganego parametru,H10 Hotels Fuerteventura,3627.98
21.03.2026,75569067,peter.keller484@hotmail.com,09.07.2026,23.07.2026,4182,OLYLAR,4457,1155,Not enough allotment,Olympic Lagoon Larnaca,3378.26
03.03.2026,55735904,irene.wagner332@gmail.com,15.06.2026,20.06.2026,1045,RIXSHA,3621,1225,There is already such a booking for this agent.,,3081.90
26.03.2026,35157442,anna.roth518@yahoo.com,06.05.2026,20.05.2026,2653,PINCAS,2647,1155,Not enough allotment,Pine Cliffs Cascais,1786.91
22.03.2026,14832287,john.bakker226@proton.me,16.06.2026,25.06.2026,4182,AMAAY1,3870,1054,Contractor calculation error.,Amara Ayia Napa Resort,1546.94
06.03.2026,58380316,zofia.garcia618@icloud.com,05.05.2026,10.05.2026,2653,DOMPOR,6419,1755,Booking Create Error: Brak możliwości założenia rezerwacji winterfejsie.,Dom Pedro Porto,1250.46
10.03.2026,38411599,laura.nowak515@proton.me,13.06.2026,20.06.2026,1178,IBEGRA,9479,1755,  Booking Create Error: Brak możliwości założenia rezerwacji winterfejsie.  ,Iberostar Gran Canaria,1442.15 PLN
03.03.2026,37748106,kate.schmidt7@icloud.com,11.04.2026,20.04.2026,2653,PESFUN,4033,5704,  Improper reservation price.  ,,2958.76 PLN
04.03.2026,99453826,john.berg465@yahoo.com,27.06.2026,11.07.2026,4182,ATLPR1,2317,1467,Booking Complete Error: Error Message : StopSale.,Atlantica Protaras Resort,3359.82
03.03.2026,13898137,john.lang596@proton.me,26.05.2026,31.05.2026,1301,CRYBEL,2638,1755,Booking Create Error: Brak możliwości założenia rezerwacji winterfejsie.,Crystal Hotels Belek,1106.30
31.03.2026,29967361,andrew.larsen569@icloud.com,01.05.2026,06.05.2026,1301,TITSID,5616,1155,Not enough allotment,Titanic Side,484.31
05.03.2026,29787096,alice.wagner821@proton.me,01.08.2026,10.08.2026,1178,BAHTEN,1117,1778,Booking Complete Error: Zablokowano allotment online.,Bahia Principe Tenerife,"2625,79"
14.03.2026,39287523,simon.costa407@hotmail.com,14.06.2026,21.06.2026,2653,PESAL1,8216,8056,Wrong room configuration,Pestana Albufeira Resort,2093.46
07.03.2026,28618004,claire.bakker239@yahoo.com,05.06.2026,08.06.2026,1714,FALPOR,9099,1467,Booking Complete Error: Error Message : StopSale.,Falkensteiner Porec,1038.11
28.03.2026,52453462,james.moretti521@hotmail.com,04.05.2026,09.05.2026,2247,ROCVEN,2771,1155,Not enough allotment,Rocco Forte Venice,"2847,48"
10.03.2026,75992475,claire.bakker878@yahoo.com,24.08.2026,29.08.2026,1301,LIMSID,5002,1778,Booking Complete Error: Zablokowano allotment online.,Limak Side,2146.69
24.03.2026,49274257,julia.roth331@icloud.com,07.07.2026,21.07.2026,1045,STEHUR,4598,5704,Improper reservation price.,Steigenberger Hurghada,653.12
25.03.2026,37060576,george.kowalski529@gmail.com,28.05.2026,06.06.2026,2653,PINPOR,5636,1155,Not enough allotment,Pine Cliffs Porto,558.86
10.03.2026,74254637,olga.weber643@hotmail.com,26.07.2026,04.08.2026,2247,NHROMX,1508,1225,There is already such a booking for this agent.,NH Collection Rome,1095.78
13.03.2026,99800835,julia.smith646@outlook.com,28.04.2026,07.05.2026,1301,BARMA2,1128,5704,Improper reservation price.,Barut Hotels Marmaris,3836.92
10.03.2026,29943158,anna.bakker910@proton.me,29.03.2026,12.04.2026,1426,AJMDU1,3085,5704,  Improper reservation price.  ,Ajman Saray Dubai Resort,586.02
27.03.2026,72546007,kate.roth860@outlook.com,23.06.2026,02.07.2026,1178,IBEIBI,1964,1155,Not enough allotment,Iberostar Ibiza,639.50
27.03.2026,57060874,nina.rossi631@yahoo.com,29.04.2026,13.05.2026,1045,DANMAR,3266,1054,Contractor calculation error.,Dana Beach Marsa Alam,3651.14
22.03.2026,18564145,paul.johnson506@outlook.com,06.07.2026,09.07.2026,1714,VALDUB,3417,1155,  Not enough allotment  ,Valamar Dubrovnik,"2792,80"
01.03.2026,90501536,nina.bianchi976@gmail.com,27.06.2026,30.06.2026,1045,CORMAK,7216,1225,There is already such a booking for this agent.,Coral Sea Makadi Bay,3197.71 PLN
07.03.2026,73203169,maria.weber32@proton.me,26.04.2026,03.05.2026,1426,MARDU1,9518,1155,Not enough allotment,Marriott Dubai Resort,2545.67
19.03.2026,98690056,alice.andersen966@icloud.com,22.06.2026,29.06.2026,1178,BARIBI,4750,5704,Improper reservation price.,Barceló Ibiza,"3044,09"
29.03.2026,61965156,james.berg972@outlook.com,15.04.2026,22.04.2026,4182,olyla1,6039,1225,There is already such a booking for this agent.,Olympic Lagoon Larnaca Resort,3767.09
25.03.2026,31888518,emma.larsen637@icloud.com,08.07.2026,15.07.2026,1426,JUMFUJ,9379,1155,Not enough allotment,Jumeirah Fujairah,3016.46
31.03.2026,83381572,robert.johnson797@proton.me,20.05.2026,23.05.2026, 2653,domal1,5136,1732,  Booking Payer Error: Brak wymaganego parametru  ,Dom Pedro Albufeira Resort,1778.09 PLN
21.03.2026,78731672,robert.berg838@gmail.com,29.08.2026,01.09.2026,1045,HILMAK,9751,5704,Improper reservation price.,Hilton Makadi Bay,312.11
29.03.2026,94301757,paul.weber643@proton.me,21.05.2026,30.05.2026,1426,JUMFUJ,9379,1054,Contractor calculation error.,Jumeirah Fujairah,1217.80
28.03.2026,32006802,martin.nowak54@yahoo.com,30.04.2026,05.05.2026,2653,DOMAL1,5136,1778,Booking Complete Error: Zablokowano allotment online.,Dom Pedro Albufeira Resort,1165.72
10.03.2026,38788785,chris.nowak730@outlook.com,24.06.2026,27.06.2026,1301,MAXALA,8491,1467,Booking Complete Error: Error Message : StopSale.,Maxx Royal Alanya,639.67
26.03.2026,50308304,irene.costa423@gmail.com,03.08.2026,12.08.2026,1045,DANSHA,2307,5704,Improper reservation price.,Dana Beach Sharm El Sheikh,3823.47
12.03.2026,38345330,claire.lang697@outlook.com,23.04.2026,30.04.2026,1178,BARFUE,8953,1054,Contractor calculation error.,Barceló Fuerteventura,1991.19
16.03.2026,84706226,laura.petrov819@proton.me,15.05.2026,29.05.2026,2653,PESPOR,9698,1467,Booking Complete Error: Error Message : StopSale.,Pestana Porto,"1907,38"
19.03.2026,85389807,olga.garcia302@hotmail.com,22.05.2026,29.05.2026, 1301,BARMA2,1128,1155,Not enough allotment,Barut Hotels Marmaris,3252.82
06.03.2026,56821190,nina.schmidt317@yahoo.com,01.06.2026,08.06.2026, 2653,PESFUN,4033,1155,  Not enough allotment  ,Pestana Funchal (Madeira),3757.58
04.03.2026,95495012,marta.smith656@yahoo.com,19.05.2026,22.05.2026,1045,RIXMAR,9348,1155,Not enough allotment,Rixos Marsa Alam,512.52
28.03.2026,45436564,daniel.kravets327@hotmail.com,03.06.2026,08.06.2026,1301,TITANT,8508,1155,Not enough allotment,Titanic Antalya,1651.30
04.03.2026,14404289,marta.kowalski244@outlook.com,12.07.2026,19.07.2026,1426,MARDUB,6728,1467,Booking Complete Error: Error Message : StopSale.,Marriott Dubai,
31.03.2026,17528345,maria.johnson609@outlook.com,27.07.2026,01.08.2026,1045,HILHUR,5422,1155,Not enough allotment,Hilton Hurghada,3940.29
05.03.2026,93995709,marta.novak17@proton.me,18.05.2026,21.05.2026,1178,BAHFUE,8260,1225,There is already such a booking for this agent.,Bahia Principe Fuerteventura,2840.49
11.03.2026,52035910,sophie.novak646@outlook.com,19.04.2026,03.05.2026, 1178,RIUPAL,8350,1467,Booking Complete Error: Error Message : StopSale.,RIU Palma de Mallorca,919.39
03.03.2026,77196472,nina.costa562@hotmail.com,13.05.2026,27.05.2026,4182,LOUAY1,5728,1732,Booking Payer Error: Brak wymaganego parametru,Louis Hotels Ayia Napa Resort,840.85
29.03.2026,65784972,julia.kowalski579@gmail.com,21.07.2026,30.07.2026,1301,LIMMAR,5956,5704,Improper reservation price.,Limak Marmaris,3055.06
17.03.2026,36330066,daniel.roth387@proton.me,13.03.2026,16.03.2026,2653,PINLIS,6632,1155,Not enough allotment,Pine Cliffs Lisbon,2360.03
15.03.2026,77104727,julia.novak125@gmail.com,08.06.2026,22.06.2026,1714,VALDUB,3417,8056,Wrong room configuration,Valamar Dubrovnik,"368,83"
15.03.2026,99453826,chris.petrov488@yahoo.com,27.06.2026,11.07.2026,4182,ATLPR1,2317,1732,BOOKING PAYER ERROR: BRAK WYMAGANEGO PARAMETRU,Atlantica Protaras Resort,3359.82
09.03.2026,33202743,anna.kozlov137@yahoo.com,18.05.2026,23.05.2026,1178,BARBEN,4608,1225,There is already such a booking for this agent.,Barceló Benidorm,3044.88
16.03.2026,52205917,james.weber952@icloud.com,30.05.2026,13.06.2026,1301,VOYSID,7054,1155,Not enough allotment,Voyage Side,3657.80
09.03.2026,18508133,john.schmidt96@yahoo.com,24.06.2026,01.07.2026,1301,LIMANT,2697,1155,Not enough allotment,Limak Antalya,4076.85
19.03.2026,28617215,laura.novak798@hotmail.com,10.04.2026,19.04.2026,2247,BLURIM,7906,5704,Improper reservation price.,Bluserena Rimini,3478.28
23.03.2026,13610372,julia.nowak756@gmail.com,11.08.2026,16.08.2026,1178,BAHIBI,3167,5704,Improper reservation price.,Bahia Principe Ibiza,3168.66
28.03.2026,51037113,john.larsen157@gmail.com,02.06.2026,16.06.2026,2653,VIDLIS,6764,5704,Improper reservation price.,Vidamar Resorts Lisbon,
14.03.2026,86502371,andrew.larsen476@gmail.com,22.04.2026,06.05.2026,1426,HILABU,8541,1054,Contractor calculation error.,Hilton Abu Dhabi,4116.68
05.03.2026,76803647,julia.costa969@outlook.com,11.07.2026,18.07.2026,1301,DELMAR,9280,1155,Not enough allotment,Delphin Marmaris,"283,18"
21.03.2026,74018781,daniel.berg110@outlook.com,18.05.2026,21.05.2026,1045,CORMA1,2040,1778,Booking Complete Error: Zablokowano allotment online.,Coral Sea Marsa Alam Resort,417.97
04.03.2026,21716836,olga.kravets418@gmail.com,20.04.2026,25.04.2026,1301,DELSID,9004,1755,Booking Create Error: Brak możliwości założenia rezerwacji winterfejsie.,Delphin Side,990.20
24.03.2026,48894962,thomas.keller373@icloud.com,26.06.2026,01.07.2026,1178,HGRAXX,4899,1732,  Booking Payer Error: Brak wymaganego parametru  ,H10 Hotels Gran Canaria,1645.11
22.03.2026,24687093,james.rossi302@hotmail.com,12.05.2026,19.05.2026,1714,FALROV,9486,1732,Booking Payer Error: Brak wymaganego parametru,Falkensteiner Rovinj,1197.24
10.03.2026,57121480,michael.wagner134@outlook.com,25.07.2026,03.08.2026,1045,hilhur,5422,1732,Booking Payer Error: Brak wymaganego parametru,Hilton Hurghada,3930.94
12.03.2026,71740969,zofia.meyer490@icloud.com,25.06.2026,09.07.2026,1426,ADDSHA,6139,1155,Not enough allotment,Address Hotels Sharjah,1814.15
15.03.2026,59740862,kate.bakker96@yahoo.com,29.04.2026,13.05.2026,1426,marab1,4143,1755,Booking Create Error: Brak możliwości założenia rezerwacji winterfejsie.,Marriott Abu Dhabi Resort,3975.61
31.03.2026,16223460,michael.lang845@yahoo.com,24.05.2026,29.05.2026,1301,RIXBEL,9900,1054,Contractor calculation error.,Rixos Belek,758.47
29.03.2026,71147472,martin.fischer482@yahoo.com,30.07.2026,02.08.2026,2247,NHSIC1,9548,1225,There is already such a booking for this agent.,NH Collection Sicily Resort,1476.05
26.03.2026,95945916,marta.andersen17@yahoo.com,11.04.2026,20.04.2026,1301,DELBEL,3584,1155,Not enough allotment,Delphin Belek,"859,34"
27.03.2026,43589412,james.johnson599@yahoo.com,08.07.2026,22.07.2026,1178,HFUEXX,1514,1755,BOOKING CREATE ERROR: BRAK MOŻLIWOŚCI ZAŁOŻENIA REZERWACJI WINTERFEJSIE.,H10 Hotels Fuerteventura,1322.29
17.03.2026,58488991,paul.garcia762@yahoo.com,22.06.2026,06.07.2026,1301,RIXBEL,9900,5704,Improper reservation price.,Rixos Belek,3427.94
19.03.2026,62333608,simon.andersen46@yahoo.com,08.07.2026,13.07.2026, 1045,PICSHA,6820,1778,BOOKING COMPLETE ERROR: ZABLOKOWANO ALLOTMENT ONLINE.,Pickalbatros Sharm El Sheikh,3514.96
27.03.2026,14203574,robert.smith352@icloud.com,09.07.2026,12.07.2026,2653,PINLIS,6632,1054,Contractor calculation error.,Pine Cliffs Lisbon,2870.13
11.03.2026,82364331,chris.kravets910@yahoo.com,25.05.2026,28.05.2026,1178,NHFUEX,2160,5704,Improper reservation price.,NH Collection Fuerteventura,2671.02
05.03.2026,88600742,kate.bianchi782@hotmail.com,26.04.2026,10.05.2026,1426, ROTSHA ,9346,1467,Booking Complete Error: Error Message : StopSale.,Rotana Sharjah,"737,03"
04.03.2026,49045368,emma.smith618@yahoo.com,18.06.2026,21.06.2026,1301,VOYBOD,2512,1054,Contractor calculation error.,Voyage Bodrum,"415,79"
27.03.2026,22152478,george.bianchi727@hotmail.com,17.08.2026,24.08.2026,1178,BAHBEN,6539,1054,Contractor calculation error.,Bahia Principe Benidorm,4084.76
27.03.2026,47574371,kate.dubois951@hotmail.com,30.06.2026,14.07.2026,1426,MARRA1,2146,1755,Booking Create Error: Brak możliwości założenia rezerwacji winterfejsie.,Marriott Ras Al Khaimah Resort,904.70 PLN
02.03.2026,73319051,olga.andersen122@hotmail.com,17.04.2026,20.04.2026,2653,PESPO1,2680,1467,Booking Complete Error: Error Message : StopSale.,Pestana Porto Resort,4184.89
13.03.2026,60658162,michael.rossi647@outlook.com,02.06.2026,09.06.2026,2653,VIDALB,2976,1467,Booking Complete Error: Error Message : StopSale.,Vidamar Resorts Albufeira,1523.98
13.03.2026,21362751,paul.muller342@hotmail.com,06.07.2026,09.07.2026,1045,DANMAR,3266,1054,Contractor calculation error.,Dana Beach Marsa Alam,466.04
19.03.2026,57851319,peter.moretti116@proton.me,11.05.2026,20.05.2026,1301,VOYAN1,5291,1225,There is already such a booking for this agent.,Voyage Antalya Resort,4155.83
01.03.2026,34377790,james.smith595@hotmail.com,20.04.2026,27.04.2026,1301,MAXBOD,6718,1054,Contractor calculation error.,Maxx Royal Bodrum,1594.66
10.03.2026,33650135,mark.andersen629@outlook.com,30.08.2026,08.09.2026,1178,RIUCO1,1828,1225,There is already such a booking for this agent.,RIU Costa del Sol,1498.11
06.03.2026,11356820,maria.fischer772@outlook.com,27.05.2026,01.06.2026,4182,AMAAYI,4241,1467,Booking Complete Error: Error Message : StopSale.,Amara Ayia Napa,2666.56
08.03.2026,54834875,julia.berg487@outlook.com,19.03.2026,02.04.2026,1301,VOYSID,7054,1155,Not enough allotment,Voyage Side,1247.55 PLN
13.03.2026,47299640,laura.larsen341@outlook.com,17.06.2026,24.06.2026,1714,VALZAD,8611,5704,Improper reservation price.,Valamar Zadar,3205.60
23.03.2026,52726795,anna.moretti105@yahoo.com,10.05.2026,24.05.2026,1426,ROTDU1,6967,1225,There is already such a booking for this agent.,Rotana Dubai Resort,3154.11
26.03.2026,63773579,maria.weber713@proton.me,24.05.2026,27.05.2026,1178,BARBEN,4608,1732,Booking Payer Error: Brak wymaganego parametru,Barceló Benidorm,4019.72
01.03.2026,34774457,marta.andersen12@yahoo.com,23.03.2026,26.03.2026,1178,BARIBI,4750,1155,Not enough allotment,Barceló Ibiza,1999.52
02.03.2026,46213632,david.bianchi402@outlook.com,11.08.2026,18.08.2026,1426,HILABU,8541,1225,  There is already such a booking for this agent.  ,Hilton Abu Dhabi,731.29
29.03.2026,33841976,peter.kowalski89@hotmail.com,05.06.2026,19.06.2026,1178,RIUGRA,4139,1155,Not enough allotment,RIU Gran Canaria,"781,15"
29.03.2026,44487436,mark.lang905@gmail.com,24.06.2026,01.07.2026,2653,TIVFUN,2958,1732,Booking Payer Error: Brak wymaganego parametru,Tivoli Funchal (Madeira),590.93
20.03.2026,52718471,maria.costa306@outlook.com,10.05.2026,15.05.2026,2653,VILFUN,9779,1054,Contractor calculation error.,Vila Vita Parc Funchal (Madeira),3491.30
02.03.2026,27349748,emma.berg602@gmail.com,21.04.2026,24.04.2026,1178,HIBIXX,9834,1054,Contractor calculation error.,H10 Hotels Ibiza,3137.19
22.03.2026,66812324,olga.keller365@icloud.com,01.06.2026,15.06.2026,1045,PICTAB,7543,1155,Not enough allotment,Pickalbatros Taba,2824.31
08.03.2026,14157653,mark.costa389@yahoo.com,20.04.2026,29.04.2026,2247,bagsar,6590,1155,Not enough allotment,Baglioni Hotels Sardinia,4018.72
04.03.2026,45702503,sophie.wilson642@hotmail.com,10.03.2026,13.03.2026,1426,HILSH1,6663,1467,Booking Complete Error: Error Message : StopSale.,Hilton Sharjah,1841.79
06.03.2026,74052253,george.roth173@outlook.com,20.07.2026,23.07.2026,4182,OLYAY1,8708,1467,Booking Complete Error: Error Message : StopSale.,,3159.85
02.03.2026,77138149,robert.bianchi838@hotmail.com,10.07.2026,19.07.2026,2653,VIDPO1,9042,8056,WRONG ROOM CONFIGURATION,Vidamar Resorts Porto Resort,346.74 PLN
19.03.2026,10292428,martin.weber151@outlook.com,06.07.2026,09.07.2026,1301,MAXBOD,6718,,Not enough allotment,Maxx Royal Bodrum,3653.77
27.03.2026,20724388,laura.nowak861@proton.me,05.07.2026,10.07.2026,1045,SUNMAR,6313,1732,Booking Payer Error: Brak wymaganego parametru,Sunwing Marsa Alam,3401.67
11.03.2026,64290781,andrew.novak156@proton.me,23.06.2026,26.06.2026,1045,STETAB,4432,1467,Booking Complete Error: Error Message : StopSale.,Steigenberger Taba,2365.41
26.03.2026,97166965,anna.keller861@hotmail.com,12.07.2026,17.07.2026,1045,HILSHA,1916,1467,  Booking Complete Error: Error Message : StopSale.  ,Hilton Sharm El Sheikh,3655.27
21.03.2026,16734269,elena.bakker993@proton.me,15.08.2026,20.08.2026,1045,SUNMAR,6313,1155,Not enough allotment,Sunwing Marsa Alam,"3543,03"
27.03.2026,34938155,andrew.smith633@hotmail.com,11.05.2026,25.05.2026,1045,SUNHUR,7065,1155,Not enough allotment,Sunrise Hurghada,805.21
11.03.2026,34583488,zofia.larsen175@outlook.com,09.07.2026,12.07.2026,1178,barten,2163,5704,Improper reservation price.,Barceló Tenerife,2159.85
04.03.2026,19559882,robert.larsen409@proton.me,27.06.2026,06.07.2026,1714,FALMAK,8251,1755,Booking Create Error: Brak możliwości założenia rezerwacji winterfejsie.,Falkensteiner Makarska,2558.66
30.03.2026,40799334,daniel.schmidt5@hotmail.com,03.07.2026,06.07.2026,1178,ibeibi,1964,1755,Booking Create Error: Brak możliwości założenia rezerwacji winterfejsie.,Iberostar Ibiza,2890.31
23.03.2026,22882585,mark.schmidt93@proton.me,18.05.2026,01.06.2026,1714,VALRO1,5451,1732,Booking Payer Error: Brak wymaganego parametru,Valamar Rovinj Resort,2504.65
27.03.2026,20250766,nina.muller513@proton.me,16.06.2026,21.06.2026, 4182,ANAAYI,2166,1755,Booking Create Error: Brak możliwości założenia rezerwacji winterfejsie.,Anassa Ayia Napa,1208.91
28.03.2026,48984039,paul.costa22@yahoo.com,05.06.2026,19.06.2026,1178,NHCOSX,8651,1225,There is already such a booking for this agent.,NH Collection Costa del Sol,1784.61 PLN
21.03.2026,18861468,sophie.dubois104@hotmail.com,19.04.2026,26.04.2026,2653,VIDPOR,8753,1054,Contractor calculation error.,Vidamar Resorts Porto,1683.61
28.03.2026,78469196,sophie.bakker216@outlook.com,26.07.2026,31.07.2026,1045,SUNMA1,9179,1155,Not enough allotment,Sunrise Marsa Alam,3797.83
05.03.2026,76971243,alice.andersen262@icloud.com,18.05.2026,27.05.2026,1178,IBECOS,9423,1467,Booking Complete Error: Error Message : StopSale.,Iberostar Costa Brava,"1082,02"
12.03.2026,98020037,alice.petrov65@outlook.com,26.07.2026,04.08.2026,2247,THROMX,7071,1155,Not enough allotment,Th Resorts Rome,934.67
28.03.2026,52453462,james.moretti521@hotmail.com,04.05.2026,09.05.2026,2247,ROCVEN,2771,1155,Not enough allotment,Rocco Forte Venice,"2847,48"
03.03.2026,64047337,david.novak620@hotmail.com,09.06.2026,14.06.2026,2653,PESVI1,5786,1155,Not enough allotment,Pestana Vilamoura Resort,1531.57
01.03.2026,52737757,david.kowalski426@gmail.com,30.03.2026,04.04.2026,1178,BAHGRA,6107,1054,Contractor calculation error.,Bahia Principe Gran Canaria,"258,79"
28.03.2026,57646170,andrew.kowalski905@hotmail.com,09.06.2026,18.06.2026,1178,BARFUE,8953,1732,Booking Payer Error: Brak wymaganego parametru,Barceló Fuerteventura,1481.46
23.03.2026,49585094,daniel.johnson704@proton.me,24.03.2026,31.03.2026,1045,STEMAR,3287,1225,There is already such a booking for this agent.,Steigenberger Marsa Alam,"3031,43"
25.03.2026,78120967,alice.garcia284@gmail.com,07.07.2026,21.07.2026,1301,LIMBEL,4910,1755,Booking Create Error: Brak możliwości założenia rezerwacji winterfejsie.,Limak Belek,1116.14
22.03.2026,16681756,robert.novak92@outlook.com,04.07.2026,09.07.2026,4182,ANAPRO,8381,1732,Booking Payer Error: Brak wymaganego parametru,Anassa Protaras,"1834,09"
21.03.2026,73429150,simon.muller160@hotmail.com,02.07.2026,05.07.2026,1426,ADDABU,6753,1755,Booking Create Error: Brak możliwości założenia rezerwacji winterfejsie.,Address Hotels Abu Dhabi,1076.62
31.03.2026,40251189,andrew.smith711@gmail.com,30.03.2026,02.04.2026,1178,RIUBEN,8177,1467,Booking Complete Error: Error Message : StopSale.,RIU Benidorm,3644.85
24.03.2026,64920799,peter.novak324@proton.me,15.04.2026,22.04.2026,2653,VILCAS,4986,1467,Booking Complete Error: Error Message : StopSale.,Vila Vita Parc Cascais,4149.41
08.03.2026,65079923,kate.wagner869@proton.me,14.05.2026,19.05.2026,1301,VOYSID,7054,1467,Booking Complete Error: Error Message : StopSale.,Voyage Side,"2232,19"
07.03.2026,56016278,mark.kozlov863@outlook.com,02.06.2026,05.06.2026,1426,addsha,6139,1467,Booking Complete Error: Error Message : StopSale.,Address Hotels Sharjah,4137.08
15.03.2026,97784963,david.fischer794@gmail.com,17.08.2026,22.08.2026,2247,THVEN1,8135,1155,Not enough allotment,Th Resorts Venice Resort,2268.46
26.03.2026,98835573,andrew.weber969@outlook.com,14.07.2026,19.07.2026,1178,MELBEN,2982,1467,Booking Complete Error: Error Message : StopSale.,Meliá Benidorm,824.20 PLN
17.03.2026,18063407,simon.roth476@icloud.com,09.07.2026,14.07.2026,1301,CRYMAR,4492,1755,Booking Create Error: Brak możliwości założenia rezerwacji winterfejsie.,Crystal Hotels Marmaris,1821.34
21.03.2026,43649142,simon.roth903@outlook.com,03.05.2026,17.05.2026, 2653,PESCAS,7971,5704,Improper reservation price.,Pestana Cascais,"3939,64"
20.03.2026,89246165,alice.bianchi574@hotmail.com,28.05.2026,06.06.2026,1426,RADSH1,7888,1155,Not enough allotment,Radisson Blu Sharjah Resort,1318.14
04.03.2026,30840572,michael.novak540@yahoo.com,19.04.2026,03.05.2026,1301,RIXALA,6147,1755,Booking Create Error: Brak możliwości założenia rezerwacji winterfejsie.,Rixos Alanya,583.03
22.03.2026,27900806,mark.weber192@outlook.com,01.04.2026,15.04.2026,1301,CRYBEL,2638,1155,Not enough allotment,Crystal Hotels Belek,1522.53
30.03.2026,40130153,olga.weber627@proton.me,10.06.2026,24.06.2026,1301,MAXALA,8491,1054,Contractor calculation error.,Maxx Royal Alanya,331.90
05.03.2026,91515342,thomas.weber482@hotmail.com,06.06.2026,20.06.2026,2653,DOMVIL,4630,1225,There is already such a booking for this agent.,Dom Pedro Vilamoura,3029.68
23.03.2026,91043555,michael.bakker458@outlook.com,06.04.2026,09.04.2026,1178,OCCPAL,4006,5704,Improper reservation price.,Occidental Palma de Mallorca,939.72
29.03.2026,93051731,julia.garcia111@yahoo.com,15.06.2026,29.06.2026,1178,HPALXX,4116,5704,Improper reservation price.,H10 Hotels Palma de Mallorca,
25.03.2026,44775001,john.wilson759@hotmail.com,27.05.2026,01.06.2026,1301,RIXANT,1058,1467,  Booking Complete Error: Error Message : StopSale.  ,Rixos Antalya,706.98
12.03.2026,42988674,chris.berg491@gmail.com,08.08.2026,22.08.2026,2653,PINVIL,9041,5704,IMPROPER RESERVATION PRICE.,Pine Cliffs Vilamoura,2806.75
14.03.2026,68260695,marta.kozlov771@gmail.com,19.04.2026,03.05.2026,1301,DELSID,9004,1155,Not enough allotment,Delphin Side,3669.68
01.03.2026,54106502,claire.johnson508@yahoo.com,28.06.2026,07.07.2026,1301,TITBOD,5345,1467,Booking Complete Error: Error Message : StopSale.,Titanic Bodrum,"891,01"
07.03.2026,63437398,paul.costa995@gmail.com,09.07.2026,12.07.2026,1426,ROTFUJ,2894,1467,BOOKING COMPLETE ERROR: ERROR MESSAGE : STOPSALE.,,1339.73
14.03.2026,63773543,george.costa459@gmail.com,26.05.2026,02.06.2026,2653,VIDPO1,9042,1732,Booking Payer Error: Brak wymaganego parametru,Vidamar Resorts Porto Resort,1074.07
04.03.2026,53795195,sophie.bakker301@yahoo.com,03.05.2026,08.05.2026,1301,CRYANT,7868,1155,Not enough allotment,Crystal Hotels Antalya,2079.81
14.03.2026,46501299,michael.roth789@hotmail.com,24.05.2026,02.06.2026,1178,NHIBIX,7912,1225,There is already such a booking for this agent.,NH Collection Ibiza,"1172,76"
21.03.2026,34793325,olga.keller32@hotmail.com,17.07.2026,24.07.2026,2247,BAGSIC,9728,1467,Booking Complete Error: Error Message : StopSale.,Baglioni Hotels Sicily,1202.64
10.03.2026,95110541,sophie.lang253@proton.me,03.06.2026,06.06.2026,1426,JUMSH1,1727,1755,BOOKING CREATE ERROR: BRAK MOŻLIWOŚCI ZAŁOŻENIA REZERWACJI WINTERFEJSIE.,Jumeirah Sharjah Resort,1329.64 PLN
14.03.2026,47387011,claire.lang222@proton.me,21.04.2026,05.05.2026, 1045,RIXHUR,4593,1155,Not enough allotment,Rixos Hurghada,2896.93
16.03.2026,28886930,david.kravets738@gmail.com,22.05.2026,05.06.2026,2247,ROCRIM,9837,1155,Not enough allotment,Rocco Forte Rimini,280.45
31.03.2026,91937985,daniel.fischer792@proton.me,08.07.2026,17.07.2026,1045,pichur,2084,1467,Booking Complete Error: Error Message : StopSale.,Pickalbatros Hurghada,3876.27 PLN
11.03.2026,33310374,marta.garcia242@hotmail.com,15.04.2026,18.04.2026,4182,CONPA2,9056,1155,Not enough allotment,Constantinou Bros Paphos Beach,2590.89
14.03.2026,20446579,james.bakker867@gmail.com,04.05.2026,07.05.2026, 1045,SUNMA1,9179,1155,Not enough allotment,Sunrise Marsa Alam,2067.46
15.03.2026,46992495,olga.kravets658@yahoo.com,28.05.2026,02.06.2026,1178,OCCGRA,1887,5704,Improper reservation price.,Occidental Gran Canaria,3565.90
02.03.2026,59647650,nina.moretti817@outlook.com,09.07.2026,12.07.2026,1178,BAHFUE,8260,1155,Not enough allotment,,"3896,80"
21.03.2026,52894344,olga.berg298@outlook.com,29.07.2026,01.08.2026,1301,VOYAN1,5291,1467,Booking Complete Error: Error Message : StopSale.,Voyage Antalya Resort,2887.97
31.03.2026,12864439,emma.costa377@hotmail.com,19.07.2026,02.08.2026,2247,MANVEN,2245,1755,Booking Create Error: Brak możliwości założenia rezerwacji winterfejsie.,Mangia's Resorts Venice,"2138,51"
17.03.2026,82446804,maria.bakker345@hotmail.com,22.04.2026,06.05.2026,1045,JAZELX,4733,1778,Booking Complete Error: Zablokowano allotment online.,Jaz El Gouna,3548.72
14.03.2026,39145695,anna.andersen805@outlook.com,30.03.2026,02.04.2026,1178,IBETEN,8397,1732,Booking Payer Error: Brak wymaganego parametru,Iberostar Tenerife,3380.80
29.03.2026,13145143,john.wilson101@hotmail.com,21.05.2026,04.06.2026,1714,VALDU1,6502,1778,Booking Complete Error: Zablokowano allotment online.,Valamar Dubrovnik Resort,354.02
04.03.2026,11130286,mark.weber668@yahoo.com,31.05.2026,09.06.2026,1178,HTENXX,8749,1155,Not enough allotment,H10 Hotels Tenerife,"3307,13"
21.03.2026,29482232,peter.rossi132@hotmail.com,12.04.2026,21.04.2026,1045,RIXSHA,3621,5704,Improper reservation price.,,"2537,09"
23.03.2026,39641833,john.bianchi358@gmail.com,19.05.2026,28.05.2026,1301,CRYSID,5905,1054,Contractor calculation error.,Crystal Hotels Side,3601.06
10.03.2026,97692956,david.smith208@outlook.com,07.06.2026,16.06.2026,1178,HTENXX,8749,1054,Contractor calculation error.,H10 Hotels Tenerife,2642.71
14.03.2026,78851029,andrew.smith791@yahoo.com,30.05.2026,06.06.2026,1301,CRYMAR,4492,1155,Not enough allotment,Crystal Hotels Marmaris,2524.05
12.03.2026,46591263,daniel.kravets457@proton.me,28.06.2026,05.07.2026,1426,HILDU1,7311,5704,Improper reservation price.,Hilton Dubai Resort,"2657,07"
15.03.2026,13566476,daniel.fischer518@gmail.com,13.05.2026,22.05.2026,2653,PESPOR,9698,1054,CONTRACTOR CALCULATION ERROR.,Pestana Porto,650.98
12.03.2026,87383120,david.bakker608@icloud.com,15.06.2026,18.06.2026,1301,BARANT,5272,1778,Booking Complete Error: Zablokowano allotment online.,Barut Hotels Antalya,1891.56
26.03.2026,56541288,george.nowak343@icloud.com,11.08.2026,16.08.2026,1178,barben,4608,5704,Improper reservation price.,Barceló Benidorm,-939.34
14.03.2026,55800887,alice.kowalski958@hotmail.com,05.08.2026,12.08.2026,1045,corma1,2040,1755,Booking Create Error: Brak możliwości założenia rezerwacji winterfejsie.,Coral Sea Marsa Alam Resort,853.17
15.03.2026,70869603,martin.wilson263@gmail.com,12.04.2026,26.04.2026,1714,AMAPOR,4585,5704,Improper reservation price.,Amadria Park Porec,2898.95
05.03.2026,72088297,sophie.roth72@gmail.com,01.06.2026,15.06.2026,1301,LIMBEL,4910,5704,Improper reservation price.,Limak Belek,965.10
03.03.2026,54137966,david.smith63@gmail.com,23.03.2026,30.03.2026,1714,VALMA1,4841,1155,Not enough allotment,Valamar Makarska Resort,"255,89"
03.03.2026,62820887,alice.keller594@proton.me,13.06.2026,16.06.2026,2247,ROCROM,4266,1155,Not enough allotment,Rocco Forte Rome,746.53
10.03.2026,59535555,emma.schmidt542@gmail.com,17.08.2026,26.08.2026,1426,MARABU,2889,1054,Contractor calculation error.,Marriott Abu Dhabi,3387.29
26.03.2026,32043679,james.dubois719@yahoo.com,11.05.2026,16.05.2026,1178,BARCOS,8744,1467,Booking Complete Error: Error Message : StopSale.,Barceló Costa del Sol,2321.29
06.03.2026,32555403,peter.nowak948@hotmail.com,26.04.2026,05.05.2026,1178,riuten,5061,1225,There is already such a booking for this agent.,RIU Tenerife,3000.37
29.03.2026,47858700,george.muller635@hotmail.com,11.06.2026,16.06.2026,4182,anala1,9847,1155,Not enough allotment,Anassa Larnaca Resort,3601.71
12.03.2026,17607930,alice.wagner248@yahoo.com,31.05.2026,07.06.2026,1301,TITKEM,5114,1467,Booking Complete Error: Error Message : StopSale.,Titanic Kemer,994.78
31.03.2026,97509675,george.muller398@icloud.com,28.05.2026,04.06.2026,1045,BARMAR,5741,,Booking Complete Error: Error Message : StopSale.,Baron Resort Marsa Alam,3044.09
20.03.2026,39856133,kate.larsen781@hotmail.com,12.07.2026,26.07.2026,1178,NHGRAX,7537,1467,  Booking Complete Error: Error Message : StopSale.  ,NH Collection Gran Canaria,1297.69
26.03.2026,34532913,marta.garcia511@proton.me,12.06.2026,19.06.2026, 1301,MAXSID,3170,5704,IMPROPER RESERVATION PRICE.,Maxx Royal Side,3991.12
27.03.2026,24874914,maria.novak391@hotmail.com,01.05.2026,15.05.2026,1426,JUMSHA,4644,1155,Not enough allotment,Jumeirah Sharjah,2672.85
27.03.2026,39677356,alice.dubois10@yahoo.com,25.07.2026,03.08.2026,1426,JUMAB1,7592,1054,Contractor calculation error.,Jumeirah Abu Dhabi Resort,739.67
17.03.2026,59803545,kate.fischer673@gmail.com,26.06.2026,05.07.2026,2247,VALSAR,6111,1467,BOOKING COMPLETE ERROR: ERROR MESSAGE : STOPSALE.,Valtur Sardinia,3665.83
02.03.2026,22045987,mark.larsen551@icloud.com,03.07.2026,12.07.2026,1426,AJMSHA,5349,1155,Not enough allotment,Ajman Saray Sharjah,1183.66
22.03.2026,39208016,paul.meyer89@icloud.com,12.08.2026,15.08.2026,1426,MARFUJ,5564,1054,Contractor calculation error.,Marriott Fujairah,3264.10
17.03.2026,68264870,emma.johnson93@gmail.com,15.07.2026,20.07.2026,2247,VALSAR,6111,1467,Booking Complete Error: Error Message : StopSale.,Valtur Sardinia,2151.48
03.03.2026,81195280,thomas.kravets288@hotmail.com,13.04.2026,20.04.2026,2247,unave1,2729,1155,Not enough allotment,UNA Hotels Venice Resort,2621.84
27.03.2026,40127432,paul.johnson267@proton.me,26.05.2026,04.06.2026,1301,RIXMA1,6180,1155,Not enough allotment,Rixos Marmaris,480.90
20.03.2026,32043679,james.wilson427@yahoo.com,11.05.2026,16.05.2026,1178,BARCOS,8744,1155,Not enough allotment,Barceló Costa del Sol,2321.29
20.03.2026,47344670,emma.berg433@yahoo.com,11.04.2026,18.04.2026,1045,SUNMAR,6313,1755,Booking Create Error: Brak możliwości założenia rezerwacji winterfejsie.,Sunwing Marsa Alam,3560.79
07.03.2026,87052108,emma.wilson554@icloud.com,25.04.2026,02.05.2026,1178,OCCBEN,6413,,  There is already such a booking for this agent.  ,Occidental Benidorm,1217.06
14.03.2026,98139596,zofia.larsen646@yahoo.com,08.06.2026,22.06.2026,1178,BAHGRA,6107,1155,Not enough allotment,Bahia Principe Gran Canaria,3871.83
01.03.2026,68283876,mark.novak936@hotmail.com,05.05.2026,12.05.2026,1301,cryala,6464,1155,Not enough allotment,Crystal Hotels Alanya,2538.89
10.03.2026,11504836,nina.kozlov898@outlook.com,25.05.2026,28.05.2026,2653,PESAL1,8216,5704,Improper reservation price.,Pestana Albufeira Resort,3989.81
06.03.2026,97859036,irene.fischer594@outlook.com,08.04.2026,11.04.2026,2653,PESLI1,5952,1155,Not enough allotment,Pestana Lisbon Resort,-402.08
24.03.2026,49146492,andrew.garcia785@proton.me,24.04.2026,01.05.2026,1301,DELAL1,3647,1467,Booking Complete Error: Error Message : StopSale.,Delphin Alanya Resort,"2341,97"
31.03.2026,56324312,maria.bakker251@yahoo.com,03.05.2026,12.05.2026,2653,DOMLIS,5118,1467,  Booking Complete Error: Error Message : StopSale.  ,Dom Pedro Lisbon,4168.18
20.03.2026,29714795,john.smith583@icloud.com,08.06.2026,11.06.2026,1045,JAZMAR,9085,,Booking Complete Error: Error Message : StopSale.,Jaz Marsa Alam,1692.71 PLN
07.03.2026,70333053,mark.keller854@icloud.com,04.07.2026,07.07.2026,1714,BLUZAD,9976,1155,Not enough allotment,Bluesun Zadar,"2561,64"
02.03.2026,48153914,john.garcia557@proton.me,15.07.2026,20.07.2026,1301,CRYSID,5905,1155,Not enough allotment,Crystal Hotels Side,"1428,09"
25.03.2026,15461577,daniel.kravets876@yahoo.com,22.06.2026,29.06.2026,1178,HPALXX,4116,5704,Improper reservation price.,H10 Hotels Palma de Mallorca,2648.66
24.03.2026,29967361,paul.larsen660@proton.me,01.05.2026,06.05.2026,1301, TITSID ,5616,1155,Not enough allotment,Titanic Side,484.31
16.03.2026,66434872,robert.larsen302@icloud.com,16.05.2026,23.05.2026,1426,MARFUJ,5564,1155,Not enough allotment,Marriott Fujairah,3362.96
03.03.2026,13461757,irene.larsen427@proton.me,12.04.2026,26.04.2026,1045,SUNSHA,6977,1467,  Booking Complete Error: Error Message : StopSale.  ,Sunrise Sharm El Sheikh,4041.94
31.03.2026,31800123,nina.schmidt845@outlook.com,07.05.2026,12.05.2026,1714,BLUSPL,7965,1155,NOT ENOUGH ALLOTMENT,Bluesun Split,1808.94
18.03.2026,80350607,george.keller126@yahoo.com,13.06.2026,27.06.2026,1045,CORSHA,9830,1467,Booking Complete Error: Error Message : StopSale.,Coral Sea Sharm El Sheikh,3793.36
22.03.2026,50180002,mark.keller442@hotmail.com,24.04.2026,27.04.2026,1714,SUNMA4,4919,1467,Booking Complete Error: Error Message : StopSale.,Sun Gardens Makarska Resort,3101.59
11.03.2026,39624910,marta.garcia672@icloud.com,11.04.2026,18.04.2026,1426,ADDFU1,5173,1155,Not enough allotment,Address Hotels Fujairah Resort,2643.52
23.03.2026,70663511,peter.kowalski83@icloud.com,05.08.2026,12.08.2026,1301,crysid,5905,5704,Improper reservation price.,Crystal Hotels Side,2702.76
05.03.2026,45349744,kate.kozlov104@yahoo.com,09.04.2026,18.04.2026,2653,VILALB,4937,1054,Contractor calculation error.,Vila Vita Parc Albufeira,3273.76
29.03.2026,40365698,claire.meyer700@gmail.com,25.03.2026,08.04.2026,1178,NHPALX,9856,1054,Contractor calculation error.,NH Collection Palma de Mallorca,4157.78 PLN
05.03.2026,82551667,simon.lang461@gmail.com,23.06.2026,26.06.2026,4182,loular,1534,1155,Not enough allotment,Louis Hotels Larnaca,"2791,46"
11.03.2026,65015092,martin.moretti62@icloud.com,01.09.2026,06.09.2026,2247,VALVEN,8619,1467,Booking Complete Error: Error Message : StopSale.,Valtur Venice,375.23
08.03.2026,66812324,maria.berg268@outlook.com,01.06.2026,15.06.2026,1045,PICTAB,7543,1467,Booking Complete Error: Error Message : StopSale.,Pickalbatros Taba,2824.31
25.03.2026,87216593,laura.johnson868@outlook.com,06.05.2026,13.05.2026,4182,ATLPA1,3973,5704,Improper reservation price.,Atlantica Paphos Resort,2803.12
06.03.2026,21977132,anna.novak936@yahoo.com,24.03.2026,07.04.2026,1714,valrov,4997,1225,There is already such a booking for this agent.,Valamar Rovinj,707.94
24.03.2026,95213155,peter.berg673@outlook.com,12.06.2026,21.06.2026,1045,DANHU1,7252,1755,Booking Create Error: Brak możliwości założenia rezerwacji winterfejsie.,Dana Beach Hurghada Resort,"545,08"
16.03.2026,86634749,chris.kowalski244@hotmail.com,20.04.2026,23.04.2026,2653,villis,6169,1467,Booking Complete Error: Error Message : StopSale.,Vila Vita Parc Lisbon,3151.20
22.03.2026,80254343,emma.rossi65@yahoo.com,22.07.2026,05.08.2026,2247,NHRIM1,3885,1155,Not enough allotment,NH Collection Rimini Resort,3079.26
16.03.2026,12650315,mark.berg731@proton.me,03.06.2026,12.06.2026,1178,BARCO1,6559,1467,Booking Complete Error: Error Message : StopSale.,Barceló Costa Brava,1805.50
17.03.2026,93334410,sophie.johnson774@icloud.com,24.06.2026,29.06.2026,1714,AMARO1,8939,1155,NOT ENOUGH ALLOTMENT,Amadria Park Rovinj Resort,"2395,91"
29.03.2026,14231385,zofia.roth653@icloud.com,19.05.2026,24.05.2026,1426,ADDDUB,1387,1155,Not enough allotment,Address Hotels Dubai,3295.25
30.03.2026,29950758,claire.bakker852@yahoo.com,10.07.2026,24.07.2026, 1178,HPALXX,4116,1732,Booking Payer Error: Brak wymaganego parametru,H10 Hotels Palma de Mallorca,"1209,74"
10.03.2026,63278715,david.berg668@gmail.com,22.04.2026,27.04.2026,2247,mansa1,1207,5704,Improper reservation price.,Mangia's Resorts Sardinia Resort,3676.39
26.03.2026,72298460,nina.weber928@gmail.com,07.04.2026,14.04.2026,1045,SUNSHA,6977,1225,THERE IS ALREADY SUCH A BOOKING FOR THIS AGENT.,Sunrise Sharm El Sheikh,2167.26
17.03.2026,34897692,robert.meyer673@yahoo.com,08.05.2026,13.05.2026,1426,radsh1,7888,1155,Not enough allotment,Radisson Blu Sharjah Resort,"2002,95"
09.03.2026,37358925,kate.lang781@hotmail.com,07.07.2026,14.07.2026,2653,TIVVIL,8342,1778,Booking Complete Error: Zablokowano allotment online.,Tivoli Vilamoura,1882.95
13.03.2026,93045054,kate.bianchi491@proton.me,14.06.2026,23.06.2026,1301,BARAN1,8239,1155,Not enough allotment,Barut Hotels Antalya Resort,2240.16
28.03.2026,62917798,daniel.andersen446@hotmail.com,28.05.2026,11.06.2026,1178,NHGRAX,7537,1467,Booking Complete Error: Error Message : StopSale.,NH Collection Gran Canaria,-2719.60
14.03.2026,30162191,emma.keller294@outlook.com,11.06.2026,20.06.2026,1301,TITBOD,5345,5704,Improper reservation price.,Titanic Bodrum,3777.81
26.03.2026,18852560,claire.andersen50@yahoo.com,16.06.2026,30.06.2026,1301,LIMALA,9808,1732,Booking Payer Error: Brak wymaganego parametru,,2149.80
16.03.2026,89643430,paul.petrov937@outlook.com,19.06.2026,24.06.2026,1714,AMARO1,8939,1755,Booking Create Error: Brak możliwości założenia rezerwacji winterfejsie.,Amadria Park Rovinj Resort,3842.49
16.03.2026,76279210,george.fischer506@proton.me,24.05.2026,31.05.2026,1714,FALMAK,8251,1054,  Contractor calculation error.  ,Falkensteiner Makarska,"2668,67"
29.03.2026,46780435,kate.petrov530@gmail.com,08.06.2026,17.06.2026,1426,JUMRA1,6344,1755,Booking Create Error: Brak możliwości założenia rezerwacji winterfejsie.,Jumeirah Ras Al Khaimah Resort,730.78
23.03.2026,17073005,andrew.rossi92@icloud.com,21.05.2026,26.05.2026,1178,MELBEN,2982,1732,Booking Payer Error: Brak wymaganego parametru,Meliá Benidorm,1010.21
20.03.2026,95110541,michael.andersen729@proton.me,03.06.2026,06.06.2026,1426,JUMSH1,1727,1467,Booking Complete Error: Error Message : StopSale.,Jumeirah Sharjah Resort,1329.64
16.03.2026,81285557,anna.wagner515@proton.me,21.05.2026,24.05.2026,1178,HIBIXX,9834,1755,Booking Create Error: Brak możliwości założenia rezerwacji winterfejsie.,H10 Hotels Ibiza,"1545,96"
22.03.2026,52737757,martin.johnson192@icloud.com,30.03.2026,04.04.2026,1178,BAHGRA,6107,1155,Not enough allotment,Bahia Principe Gran Canaria,"258,79"
04.03.2026,58380316,paul.kozlov259@icloud.com,05.05.2026,10.05.2026,2653,dompor,6419,1155,Not enough allotment,Dom Pedro Porto,1250.46
13.03.2026,11601813,martin.wagner618@icloud.com,15.07.2026,29.07.2026,1426,ADDDU1,8066,1155,Not enough allotment,Address Hotels Dubai Resort,3930.34
05.03.2026,13610372,peter.nowak634@yahoo.com,11.08.2026,16.08.2026,1178,BAHIBI,3167,1755,Booking Create Error: Brak możliwości założenia rezerwacji winterfejsie.,Bahia Principe Ibiza,3168.66 PLN
12.03.2026,92510102,olga.kravets771@gmail.com,07.04.2026,16.04.2026,2247,BAGROM,5941,1155,Not enough allotment,Baglioni Hotels Rome,2619.26
02.03.2026,50001891,emma.lang557@icloud.com,04.08.2026,07.08.2026,1426,MARSHA,1626,1155,  Not enough allotment  ,Marriott Sharjah,1669.18
29.03.2026,47193171,claire.larsen559@proton.me,16.06.2026,23.06.2026,2247,UNAVE1,2729,1732,  Booking Payer Error: Brak wymaganego parametru  ,UNA Hotels Venice Resort,1307.44
01.03.2026,57576607,anna.fischer306@hotmail.com,23.05.2026,06.06.2026,1045,RIXMAK,1750,,Not enough allotment,Rixos Makadi Bay,739.06
03.03.2026,67784036,robert.andersen372@gmail.com,20.03.2026,27.03.2026,1178,HGRAXX,4899,5704,Improper reservation price.,H10 Hotels Gran Canaria,2302.08
08.03.2026,62127652,emma.nowak31@outlook.com,18.07.2026,25.07.2026,1714,sunpor,8612,1054,  Contractor calculation error.  ,Sun Gardens Porec,1318.22
09.03.2026,71957885,claire.dubois852@proton.me,08.08.2026,11.08.2026,4182,ANALAR,7693,1054,Contractor calculation error.,Anassa Larnaca,3974.75
07.03.2026,83906211,mark.bianchi204@outlook.com,07.06.2026,16.06.2026,1045,SUNSHA,6977,1732,Booking Payer Error: Brak wymaganego parametru,Sunrise Sharm El Sheikh,"2555,16"
05.03.2026,90283262,marta.meyer519@icloud.com,24.07.2026,31.07.2026,1301,LIMMAR,5956,1778,Booking Complete Error: Zablokowano allotment online.,Limak Marmaris,3368.89
09.03.2026,56089546,peter.moretti384@outlook.com,23.05.2026,01.06.2026,1045,JAZHUR,4456,1225,There is already such a booking for this agent.,Jaz Hurghada,574.64
06.03.2026,22032348,michael.schmidt120@outlook.com,14.06.2026,19.06.2026,1301,BARAN1,8239,1732,Booking Payer Error: Brak wymaganego parametru,Barut Hotels Antalya Resort,1503.40
27.03.2026,61530317,robert.weber96@hotmail.com,01.04.2026,04.04.2026,1301,VOYBEL,2200,1054,Contractor calculation error.,Voyage Belek,969.90
23.03.2026,45332312,daniel.larsen696@yahoo.com,01.05.2026,04.05.2026,2247,BAGROM,5941,1755,Booking Create Error: Brak możliwości założenia rezerwacji winterfejsie.,Baglioni Hotels Rome,2292.20
03.03.2026,82455682,olga.johnson544@yahoo.com,24.03.2026,02.04.2026,1301,VOYBEL,2200,5704,Improper reservation price.,Voyage Belek,258.62
08.03.2026,74194023,sophie.meyer990@icloud.com,23.04.2026,07.05.2026,1178,MELIBI,7596,1732,Booking Payer Error: Brak wymaganego parametru,Meliá Ibiza,2742.75
19.03.2026,69118000,maria.nowak972@hotmail.com,17.07.2026,22.07.2026,1426,AJMRA1,9308,1054,Contractor calculation error.,Ajman Saray Ras Al Khaimah Resort,427.27
19.03.2026,73989419,julia.wilson922@icloud.com,04.08.2026,18.08.2026,1045,CORHUR,8428,1732,Booking Payer Error: Brak wymaganego parametru,Coral Sea Hurghada,3169.41
31.03.2026,36672234,alice.garcia997@gmail.com,05.06.2026,12.06.2026,1301,MAXKEM,5351,1467,BOOKING COMPLETE ERROR: ERROR MESSAGE : STOPSALE.,Maxx Royal Kemer,1673.69
08.03.2026,77098020,marta.roth641@gmail.com,15.04.2026,20.04.2026,1045,SUNSH1,6930,1155,Not enough allotment,Sunwing Sharm El Sheikh,611.04 PLN
13.03.2026,57218427,simon.nowak325@outlook.com,17.05.2026,24.05.2026,1714, AMAMAK ,2746,1054,Contractor calculation error.,,2684.79
07.03.2026,85495736,chris.larsen465@yahoo.com,09.05.2026,16.05.2026,1301,DELKEM,5915,1225,There is already such a booking for this agent.,Delphin Kemer,4137.08
10.03.2026,29856655,kate.dubois503@hotmail.com,03.04.2026,17.04.2026, 1714,valzad,8611,1225,There is already such a booking for this agent.,Valamar Zadar,2621.38
08.03.2026,67082519,james.roth963@icloud.com,09.06.2026,16.06.2026,1178,IBECOS,9423,1732,Booking Payer Error: Brak wymaganego parametru,Iberostar Costa Brava,2474.98
01.03.2026,84647131,marta.meyer122@icloud.com,31.07.2026,07.08.2026,1426,MARSH1,5930,1467,Booking Complete Error: Error Message : StopSale.,Marriott Sharjah Resort,
23.03.2026,76968371,nina.wilson60@outlook.com,07.06.2026,16.06.2026,2653,DOMAL1,5136,1467,Booking Complete Error: Error Message : StopSale.,Dom Pedro Albufeira Resort,1940.24
09.03.2026,22121170,nina.andersen534@hotmail.com,02.08.2026,09.08.2026,1714,RADDU2,8777,1155,Not enough allotment,Radisson Blu Dubrovnik,4039.91
15.03.2026,66862582,irene.garcia806@icloud.com,20.04.2026,27.04.2026,1178,BARCOS,8744,8056,  Wrong room configuration  ,Barceló Costa del Sol,"606,02"
11.03.2026,17890949,olga.weber644@icloud.com,06.03.2026,20.03.2026, 1301,TITALA,4335,1054,Contractor calculation error.,Titanic Alanya,2114.67
07.03.2026,64957378,elena.wagner95@hotmail.com,01.05.2026,06.05.2026,1045,SUNMAR,6313,1155,Not enough allotment,Sunwing Marsa Alam,1480.81
15.03.2026,65081185,nina.kravets998@outlook.com,23.07.2026,01.08.2026,1045,hilelx,6168,1732,  Booking Payer Error: Brak wymaganego parametru  ,Hilton El Gouna,1639.33
19.03.2026,12895539,george.meyer75@yahoo.com,28.06.2026,03.07.2026,1178,BARPAL,2049,5704,Improper reservation price.,Barceló Palma de Mallorca,408.17
26.03.2026,78758689,sophie.smith148@yahoo.com,14.05.2026,17.05.2026,1045,STETAB,4432,1155,Not enough allotment,Steigenberger Taba,2575.48
21.03.2026,18923381,paul.wilson365@hotmail.com,07.05.2026,12.05.2026,1178,riugra,4139,1467,Booking Complete Error: Error Message : StopSale.,RIU Gran Canaria,2492.07
27.03.2026,12643259,thomas.nowak645@proton.me,13.04.2026,18.04.2026,1714,SUNSPL,8373,1755,Booking Create Error: Brak możliwości założenia rezerwacji winterfejsie.,Sun Gardens Split,3940.30
04.03.2026,90289763,david.kowalski17@icloud.com,07.06.2026,10.06.2026,1045,HILTAB,5040,1732,Booking Payer Error: Brak wymaganego parametru,Hilton Taba,268.43
03.03.2026,79373453,elena.keller751@outlook.com,12.05.2026,21.05.2026,1045,SUNHUR,7065,1155,Not enough allotment,Sunrise Hurghada,547.70
30.03.2026,14479939,olga.weber104@icloud.com,08.07.2026,17.07.2026,2653,PINFUN,4545,1054,Contractor calculation error.,Pine Cliffs Funchal (Madeira),1950.16
22.03.2026,90378849,george.berg811@hotmail.com,22.05.2026,29.05.2026, 1178,IBEGRA,9479,5704,Improper reservation price.,Iberostar Gran Canaria,2223.33
04.03.2026,90119779,kate.bakker759@hotmail.com,30.08.2026,08.09.2026,2653,DOMPO1,8690,5704,Improper reservation price.,Dom Pedro Porto Resort,1805.71
07.03.2026,39081281,olga.garcia453@proton.me,13.06.2026,18.06.2026,1426,ROTDUB,4652,1054,Contractor calculation error.,Rotana Dubai,3071.93
02.03.2026,34447345,george.berg188@icloud.com,07.05.2026,10.05.2026,1301,TITKEM,5114,1755,Booking Create Error: Brak możliwości założenia rezerwacji winterfejsie.,Titanic Kemer,2988.91
11.03.2026,15082158,anna.larsen494@proton.me,01.07.2026,04.07.2026,1301,CRYSID,5905,,There is already such a booking for this agent.,,2494.19
26.03.2026,47482778,george.moretti194@yahoo.com,17.04.2026,22.04.2026,1426,AJMSH1,3851,5704,Improper reservation price.,Ajman Saray Sharjah Resort,"3375,07"
29.03.2026,58380316,nina.johnson588@hotmail.com,05.05.2026,10.05.2026,2653,DOMPOR,6419,1225,There is already such a booking for this agent.,Dom Pedro Porto,-1250.46
07.03.2026,56603072,irene.kozlov198@icloud.com,04.06.2026,13.06.2026, 1301,VOYSID,7054,,There is already such a booking for this agent.,Voyage Side,2389.67
19.03.2026,59652144,michael.garcia527@icloud.com,02.07.2026,07.07.2026,2653,VIDLIS,6764,1054,Contractor calculation error.,Vidamar Resorts Lisbon,1371.29
13.03.2026,44506369,david.kozlov168@outlook.com,27.04.2026,04.05.2026,1045,SUNEL1,8019,1467,Booking Complete Error: Error Message : StopSale.,Sunrise El Gouna,1891.52
02.03.2026,64419851,mark.weber921@outlook.com,08.07.2026,15.07.2026,1426,RADSHA,5279,5704,Improper reservation price.,Radisson Blu Sharjah,1060.20 PLN
30.03.2026,61286168,chris.weber96@proton.me,26.03.2026,09.04.2026,1301,BARKEM,9666,1054,Contractor calculation error.,Barut Hotels Kemer,2133.96
02.03.2026,53078365,chris.kravets252@gmail.com,03.07.2026,10.07.2026,1301,VOYSID,7054,1732,Booking Payer Error: Brak wymaganego parametru,Voyage Side,
02.03.2026,75479127,claire.novak178@yahoo.com,04.06.2026,07.06.2026,1301,delal1,3647,1155,Not enough allotment,Delphin Alanya Resort,1792.29
19.03.2026,57794571,daniel.moretti524@outlook.com,21.06.2026,30.06.2026,1426,ADDFU1,5173,1467,Booking Complete Error: Error Message : StopSale.,Address Hotels Fujairah Resort,2129.51
29.03.2026,60359473,irene.keller919@icloud.com,28.04.2026,01.05.2026,1426,HILAB1,1027,1054,  Contractor calculation error.  ,Hilton Abu Dhabi Resort,4005.55
18.03.2026,67229772,daniel.muller742@hotmail.com,30.03.2026,02.04.2026,1426,radras,7528,1467,Booking Complete Error: Error Message : StopSale.,Radisson Blu Ras Al Khaimah,1218.75
11.03.2026,69118000,david.bakker383@yahoo.com,17.07.2026,22.07.2026,1426,AJMRA1,9308,1755,Booking Create Error: Brak możliwości założenia rezerwacji winterfejsie.,Ajman Saray Ras Al Khaimah Resort,427.27
09.03.2026,43388761,mark.nowak661@proton.me,08.06.2026,15.06.2026,1045,HILMAK,9751,,Not enough allotment,Hilton Makadi Bay,"3073,99"
08.03.2026,46779698,sophie.andersen886@outlook.com,09.07.2026,14.07.2026,4182,CONPA1,1977,1155,Not enough allotment,Constantinou Bros Paphos Resort,3396.93
31.03.2026,72653244,anna.moretti679@hotmail.com,22.04.2026,06.05.2026,1045,RIXHUR,4593,5704,Improper reservation price.,Rixos Hurghada,913.81
17.03.2026,21458649,james.bianchi234@yahoo.com,29.05.2026,07.06.2026,1045,SUNMA1,9179,1054,Contractor calculation error.,Sunrise Marsa Alam,1953.33
29.03.2026,91838954,daniel.andersen455@gmail.com,21.03.2026,28.03.2026, 1178,BAHCO1,3296,5704,Improper reservation price.,Bahia Principe Costa del Sol,1766.55
05.03.2026,55100797,kate.johnson319@outlook.com,21.06.2026,05.07.2026,1301,VOYANT,9565,1467,Booking Complete Error: Error Message : StopSale.,Voyage Antalya,4001.79
11.03.2026,46352263,maria.keller284@icloud.com,05.07.2026,08.07.2026,1301,DELKEM,5915,1755,Booking Create Error: Brak możliwości założenia rezerwacji winterfejsie.,Delphin Kemer,"1235,73"
29.03.2026,90879572,martin.johnson486@yahoo.com,11.07.2026,20.07.2026,1426,HILABU,8541,1467,Booking Complete Error: Error Message : StopSale.,Hilton Abu Dhabi,
04.03.2026,57119069,daniel.rossi929@proton.me,09.07.2026,16.07.2026,1045,SUNSHA,6977,1778,Booking Complete Error: Zablokowano allotment online.,Sunrise Sharm El Sheikh,3051.29
09.03.2026,48803134,emma.fischer827@gmail.com,11.08.2026,25.08.2026,1426,ROTRAS,8149,1467,Booking Complete Error: Error Message : StopSale.,Rotana Ras Al Khaimah,2552.31
15.03.2026,65081185,nina.kravets998@outlook.com,23.07.2026,01.08.2026,1045,hilelx,6168,1732,  Booking Payer Error: Brak wymaganego parametru  ,Hilton El Gouna,1639.33
07.03.2026,88710632,elena.kravets839@hotmail.com,21.04.2026,05.05.2026,1426,ROTSHA,9346,1155,Not enough allotment,Rotana Sharjah,2847.82
12.03.2026,37586308,elena.dubois546@hotmail.com,22.04.2026,06.05.2026,1178,MELCO1,7735,1155,Not enough allotment,Meliá Costa Brava,3972.73
07.03.2026,36293187,paul.bianchi643@yahoo.com,17.05.2026,31.05.2026,1178,BARCOS,8744,1467,Booking Complete Error: Error Message : StopSale.,Barceló Costa del Sol,3693.77
31.03.2026,98460225,daniel.meyer969@gmail.com,25.06.2026,04.07.2026,2653,VIDFU1,1893,1054,Contractor calculation error.,Vidamar Resorts Funchal (Madeira) Resort,974.61
16.03.2026,85279665,daniel.nowak191@proton.me,17.06.2026,24.06.2026,1045,PICHUR,2084,1755,Booking Create Error: Brak możliwości założenia rezerwacji winterfejsie.,Pickalbatros Hurghada,-435.83
29.03.2026,95783731,daniel.schmidt332@hotmail.com,28.06.2026,07.07.2026,1178,NHCOS1,2604,1155,Not enough allotment,NH Collection Costa Brava,2206.08
23.03.2026,36725847,daniel.roth763@proton.me,18.06.2026,21.06.2026,1178,RIUTEN,5061,1467,Booking Complete Error: Error Message : StopSale.,RIU Tenerife,2154.48 PLN
06.03.2026,62437549,emma.costa202@icloud.com,11.06.2026,25.06.2026,1178,occibi,2612,1155,Not enough allotment,Occidental Ibiza,3763.87
03.03.2026,66794885,emma.dubois927@yahoo.com,18.06.2026,27.06.2026,1301,VOYBEL,2200,1755,BOOKING CREATE ERROR: BRAK MOŻLIWOŚCI ZAŁOŻENIA REZERWACJI WINTERFEJSIE.,Voyage Belek,2293.21
07.03.2026,79129054,peter.wilson361@hotmail.com,08.06.2026,15.06.2026,1045,JAZSHA,8517,5704,Improper reservation price.,Jaz Sharm El Sheikh,2800.62
21.03.2026,57411092,claire.roth89@gmail.com,28.04.2026,01.05.2026,1426,addabu,6753,1225,There is already such a booking for this agent.,Address Hotels Abu Dhabi,-946.77
06.03.2026,77859023,kate.johnson611@yahoo.com,29.06.2026,02.07.2026,2653,VIDPO1,9042,1732,Booking Payer Error: Brak wymaganego parametru,Vidamar Resorts Porto Resort,"3093,35"
16.03.2026,80991030,sophie.muller854@icloud.com,29.04.2026,08.05.2026,1426,AJMDUB,1452,1155,Not enough allotment,Ajman Saray Dubai,3140.61
01.03.2026,52295635,george.kowalski699@yahoo.com,08.07.2026,13.07.2026,1045,CORSHA,9830,1054,Contractor calculation error.,Coral Sea Sharm El Sheikh,3479.41
15.03.2026,67380624,kate.nowak298@yahoo.com,22.06.2026,01.07.2026,1426,MARSHA,1626,1467,Booking Complete Error: Error Message : StopSale.,Marriott Sharjah,"2410,12"
07.03.2026,51861461,alice.wilson276@proton.me,29.07.2026,01.08.2026,1426,MARDUB,6728,1225,There is already such a booking for this agent.,Marriott Dubai,"3879,41"
21.03.2026,50607036,kate.weber35@outlook.com,14.08.2026,28.08.2026,1426,JUMDU1,9821,1155,Not enough allotment,Jumeirah Dubai Resort,"3952,87"
07.03.2026,96565865,elena.fischer276@hotmail.com,18.06.2026,25.06.2026,1045,RIXMAR,9348,1155,Not enough allotment,Rixos Marsa Alam,4107.15
13.03.2026,71740969,elena.wagner7@proton.me,25.06.2026,09.07.2026,1426,ADDSHA,6139,1155,  Not enough allotment  ,Address Hotels Sharjah,1814.15
08.03.2026,13076093,anna.fischer490@proton.me,14.06.2026,23.06.2026,1301,titbod,5345,1155,Not enough allotment,Titanic Bodrum,2196.66
12.03.2026,28208868,maria.wilson146@hotmail.com,26.06.2026,05.07.2026,4182, ANAPA1 ,3037,1155,Not enough allotment,Anassa Paphos Resort,
10.03.2026,40310459,zofia.wagner211@proton.me,16.07.2026,25.07.2026,1301,voybel,2200,1755,Booking Create Error: Brak możliwości założenia rezerwacji winterfejsie.,,-612.61
05.03.2026,76694510,emma.weber285@yahoo.com,12.04.2026,15.04.2026,1045,jazmak,1771,1155,Not enough allotment,Jaz Makadi Bay,4067.19
05.03.2026,87851729,claire.keller814@proton.me,07.09.2026,16.09.2026,1301,TITALA,4335,1155,Not enough allotment,Titanic Alanya,1137.95
31.03.2026,92631573,david.wilson448@gmail.com,13.05.2026,16.05.2026,1301,MAXMAR,7484,5704,Improper reservation price.,Maxx Royal Marmaris,4131.01
07.03.2026,85569997,sophie.moretti8@proton.me,25.05.2026,01.06.2026,1714,RADDU2,8777,8056,Wrong room configuration,Radisson Blu Dubrovnik,"2778,33"
03.03.2026,84172359,daniel.petrov753@hotmail.com,18.05.2026,23.05.2026,2247,BLUSIC,4978,1732,Booking Payer Error: Brak wymaganego parametru,Bluserena Sicily,3849.70
01.03.2026,42900372,chris.smith974@outlook.com,30.06.2026,14.07.2026,1301,LIMMAR,5956,1467,Booking Complete Error: Error Message : StopSale.,Limak Marmaris,844.74
13.03.2026,35795744,zofia.keller713@yahoo.com,05.06.2026,10.06.2026,1045,BARSHA,7227,1155,Not enough allotment,Baron Resort Sharm El Sheikh,1517.69
13.03.2026,84492729,chris.nowak476@yahoo.com,18.04.2026,23.04.2026,1301,VOYBOD,2512,1467,  Booking Complete Error: Error Message : StopSale.  ,Voyage Bodrum,1133.32
28.03.2026,85007641,marta.wilson311@gmail.com,06.04.2026,20.04.2026,1426,ADDFUJ,8711,1732,Booking Payer Error: Brak wymaganego parametru,Address Hotels Fujairah,1107.22
15.03.2026,23456105,elena.muller967@proton.me,26.06.2026,29.06.2026,1045,BARMA1,7304,1467,Booking Complete Error: Error Message : StopSale.,Baron Resort Makadi Bay Resort,2931.14
11.03.2026,94301757,michael.smith421@yahoo.com,21.05.2026,30.05.2026,1426,JUMFUJ,9379,1155,Not enough allotment,Jumeirah Fujairah,1217.80 PLN
15.03.2026,85460982,michael.wilson573@outlook.com,30.05.2026,04.06.2026,1178,NHCOSX,8651,1155,Not enough allotment,NH Collection Costa del Sol,3905.24
27.03.2026,76545378,martin.larsen320@yahoo.com,02.07.2026,11.07.2026,1178,NHBENX,2588,1732,Booking Payer Error: Brak wymaganego parametru,NH Collection Benidorm,
07.03.2026,89173318,marta.nowak683@gmail.com,19.05.2026,26.05.2026,1045,SUNMA1,9179,8056,  Wrong room configuration  ,Sunrise Marsa Alam,2912.58
15.03.2026,56986237,paul.wagner371@icloud.com,31.07.2026,14.08.2026,1045,HILSHA,1916,5704,Improper reservation price.,Hilton Sharm El Sheikh,2319.69
12.03.2026,88172993,martin.smith538@gmail.com,18.07.2026,01.08.2026,1178,NHBENX,2588,1054,Contractor calculation error.,NH Collection Benidorm,
29.03.2026,42791587,john.dubois376@gmail.com,17.05.2026,20.05.2026,1178,MELTEN,2545,1732,Booking Payer Error: Brak wymaganego parametru,Meliá Tenerife,3679.81
06.03.2026,68676263,julia.muller371@gmail.com,01.06.2026,10.06.2026,1426,ADDSHA,6139,1054,Contractor calculation error.,Address Hotels Sharjah,1778.19
25.03.2026,65197052,george.larsen899@outlook.com,16.04.2026,19.04.2026,2653,domvi1,3073,1467,Booking Complete Error: Error Message : StopSale.,Dom Pedro Vilamoura Resort,308.75
06.03.2026,28857212,mark.petrov168@yahoo.com,15.06.2026,20.06.2026,1301,BARALA,3144,1155,Not enough allotment,Barut Hotels Alanya,543.19
26.03.2026,10110122,alice.kravets811@yahoo.com,21.06.2026,24.06.2026,1045,SUNMAR,6313,1054,Contractor calculation error.,Sunwing Marsa Alam,"4093,93"
14.03.2026,24814798,olga.costa548@proton.me,18.05.2026,21.05.2026, 2653,VILPOR,7625,1732,Booking Payer Error: Brak wymaganego parametru,Vila Vita Parc Porto,1352.68
31.03.2026,58037222,sophie.kowalski548@hotmail.com,12.05.2026,21.05.2026,1178,NHCOS1,2604,1054,Contractor calculation error.,NH Collection Costa Brava,"518,41"
30.03.2026,65126041,alice.nowak882@icloud.com,19.03.2026,02.04.2026,2653,VILCA1,1745,1155,NOT ENOUGH ALLOTMENT,Vila Vita Parc Cascais Resort,2216.64
10.03.2026,61968105,andrew.smith814@yahoo.com,01.05.2026,08.05.2026,1045,HILMAR,5386,1467,Booking Complete Error: Error Message : StopSale.,Hilton Marsa Alam,3128.11
19.03.2026,28986566,julia.fischer1@proton.me,21.03.2026,28.03.2026,1178,RIUCO1,1828,5704,Improper reservation price.,RIU Costa del Sol,3415.88
17.03.2026,90569084,paul.smith259@icloud.com,05.05.2026,08.05.2026,4182,louayi,5335,1467,Booking Complete Error: Error Message : StopSale.,Louis Hotels Ayia Napa,1394.68
24.03.2026,72153630,laura.kowalski303@outlook.com,29.04.2026,13.05.2026,1301,MAXMAR,7484,1054,Contractor calculation error.,Maxx Royal Marmaris,3960.14
04.03.2026,79416639,laura.costa655@proton.me,18.04.2026,25.04.2026,1426,RADRAS,7528,1155,Not enough allotment,Radisson Blu Ras Al Khaimah,1592.55
27.03.2026,63437398,elena.novak806@hotmail.com,09.07.2026,12.07.2026,1426,ROTFUJ,2894,1755,BOOKING CREATE ERROR: BRAK MOŻLIWOŚCI ZAŁOŻENIA REZERWACJI WINTERFEJSIE.,Rotana Fujairah,1339.73
13.03.2026,44665942,michael.kravets618@hotmail.com,05.07.2026,10.07.2026,1045,CORMA1,2040,1155,Not enough allotment,Coral Sea Marsa Alam Resort,3471.99
25.03.2026,66977334,laura.kozlov268@hotmail.com,31.05.2026,14.06.2026,1178,MELFUE,5562,1155,Not enough allotment,Meliá Fuerteventura,1858.42
02.03.2026,89274842,robert.moretti584@outlook.com,13.06.2026,16.06.2026,1301, TITBOD ,5345,1054,Contractor calculation error.,Titanic Bodrum,629.64
02.03.2026,42860242,claire.berg123@yahoo.com,08.07.2026,17.07.2026,4182,conpa1,1977,1732,Booking Payer Error: Brak wymaganego parametru,Constantinou Bros Paphos Resort,613.36
07.03.2026,88219316,peter.costa458@hotmail.com,16.06.2026,19.06.2026,1714,SUNMA4,4919,1054,Contractor calculation error.,Sun Gardens Makarska Resort,"2773,54"
03.03.2026,65353136,james.wilson499@yahoo.com,25.04.2026,09.05.2026,4182,AMAAY1,3870,5704,Improper reservation price.,Amara Ayia Napa Resort,1761.16
24.03.2026,81795409,maria.novak245@proton.me,22.06.2026,27.06.2026,2653,TIVVI1,6912,1755,Booking Create Error: Brak możliwości założenia rezerwacji winterfejsie.,Tivoli Vilamoura Resort,"3676,49"
23.03.2026,56047142,julia.kozlov250@hotmail.com,16.06.2026,19.06.2026,1045,danhur,2139,1155,Not enough allotment,,2809.48
17.03.2026,48102759,elena.andersen944@hotmail.com,01.08.2026,04.08.2026,1178,HIBIXX,9834,1155,Not enough allotment,H10 Hotels Ibiza,2447.94
07.03.2026,22093343,andrew.bakker830@yahoo.com,06.06.2026,11.06.2026,1301,TITSID,5616,5704,Improper reservation price.,Titanic Side,"2064,88"
22.03.2026,59025393,emma.weber25@outlook.com,19.07.2026,28.07.2026,1301,MAXKEM,5351,1732,Booking Payer Error: Brak wymaganego parametru,Maxx Royal Kemer,1625.82
06.03.2026,67229772,anna.keller14@proton.me,30.03.2026,02.04.2026,1426,RADRAS,7528,,There is already such a booking for this agent.,Radisson Blu Ras Al Khaimah,"1218,75"
12.03.2026,59372757,peter.bianchi360@proton.me,05.07.2026,10.07.2026,1426,ADDDUB,1387,1755,Booking Create Error: Brak możliwości założenia rezerwacji winterfejsie.,Address Hotels Dubai,278.93 PLN
26.03.2026,14657496,michael.dubois425@icloud.com,24.07.2026,31.07.2026,1178,MELPAL,4119,1778,Booking Complete Error: Zablokowano allotment online.,,493.73
07.03.2026,63500237,anna.andersen97@outlook.com,24.04.2026,03.05.2026,1045,CORMAK,7216,1054,Contractor calculation error.,Coral Sea Makadi Bay,3559.62
15.03.2026,11904117,michael.moretti886@outlook.com,02.05.2026,09.05.2026,1426,ADDRA1,8144,1467,  Booking Complete Error: Error Message : StopSale.  ,Address Hotels Ras Al Khaimah Resort,844.50
14.03.2026,86821268,robert.johnson254@gmail.com,21.08.2026,26.08.2026,1426,JUMDUB,6000,1155,Not enough allotment,Jumeirah Dubai,"3595,85"
27.03.2026,31909297,george.schmidt924@outlook.com,30.06.2026,03.07.2026,1426,RADABU,6425,1155,  Not enough allotment  ,Radisson Blu Abu Dhabi,2375.47
04.03.2026,70203892,martin.schmidt506@icloud.com,19.05.2026,26.05.2026,1178,MELCOS,1344,1155,Not enough allotment,Meliá Costa del Sol,1382.11
14.03.2026,63841858,chris.nowak782@hotmail.com,01.07.2026,10.07.2026,1178,hgraxx,4899,1155,Not enough allotment,H10 Hotels Gran Canaria,
17.03.2026,78889607,olga.roth263@proton.me,29.04.2026,02.05.2026,1426,HILFUJ,1634,1225,There is already such a booking for this agent.,Hilton Fujairah,703.55
28.03.2026,19182050,paul.rossi451@outlook.com,11.06.2026,16.06.2026,1178,MELFUE,5562,1467,BOOKING COMPLETE ERROR: ERROR MESSAGE : STOPSALE.,Meliá Fuerteventura,2345.51
26.03.2026,45460709,martin.costa986@outlook.com,24.07.2026,31.07.2026,1045,PICELX,4752,1467,Booking Complete Error: Error Message : StopSale.,Pickalbatros El Gouna,2386.78
31.03.2026,81005505,chris.larsen182@proton.me,12.07.2026,15.07.2026,2247,ROCSIC,3496,1755,Booking Create Error: Brak możliwości założenia rezerwacji winterfejsie.,Rocco Forte Sicily,1119.95
28.03.2026,72914439,andrew.wagner223@proton.me,18.07.2026,01.08.2026,1045,SUNMA1,9179,1755,Booking Create Error: Brak możliwości założenia rezerwacji winterfejsie.,Sunrise Marsa Alam,"3859,14"
01.03.2026,30428950,andrew.fischer611@outlook.com,11.06.2026,25.06.2026,1426,ROTFUJ,2894,1225,There is already such a booking for this agent.,Rotana Fujairah,3886.57
30.03.2026,43730822,olga.garcia497@outlook.com,07.08.2026,16.08.2026, 1426,RADAB1,5844,1755,Booking Create Error: Brak możliwości założenia rezerwacji winterfejsie.,Radisson Blu Abu Dhabi Resort,2150.43
16.03.2026,30468147,mark.lang125@outlook.com,25.05.2026,28.05.2026,2247, MANRI1 ,3506,1778,Booking Complete Error: Zablokowano allotment online.,Mangia's Resorts Rimini Resort,1752.02
15.03.2026,97784963,david.fischer794@gmail.com,17.08.2026,22.08.2026,2247,THVEN1,8135,1155,Not enough allotment,Th Resorts Venice Resort,2268.46
23.03.2026,98612211,robert.johnson571@hotmail.com,11.05.2026,16.05.2026,1426,JUMABU,9785,1467,BOOKING COMPLETE ERROR: ERROR MESSAGE : STOPSALE.,Jumeirah Abu Dhabi,"2308,94"
27.03.2026,50952251,david.kozlov551@yahoo.com,13.07.2026,16.07.2026,2247,MANSAR,5558,1155,  Not enough allotment  ,Mangia's Resorts Sardinia,2027.74 PLN
17.03.2026,21358421,michael.meyer395@hotmail.com,07.07.2026,10.07.2026,1301,MAXBEL,5533,1054,Contractor calculation error.,Maxx Royal Belek,1346.24
11.03.2026,86621601,zofia.novak424@proton.me,09.07.2026,23.07.2026,1301,RIXAL1,1158,1155,Not enough allotment,Rixos Alanya Resort,3075.92
10.03.2026,40092731,elena.schmidt494@icloud.com,04.06.2026,09.06.2026,4182,OLYLIM,4824,5704,  Improper reservation price.  ,Olympic Lagoon Limassol,593.64
05.03.2026,23187101,alice.novak211@proton.me,23.05.2026,28.05.2026,1714,SUNDUB,5246,1155,Not enough allotment,Sun Gardens Dubrovnik,3497.45 PLN
14.03.2026,93045054,laura.weber30@proton.me,14.06.2026,23.06.2026,1301,BARAN1,8239,1155,Not enough allotment,Barut Hotels Antalya Resort,2240.16
09.03.2026,31311258,david.smith147@icloud.com,26.08.2026,04.09.2026,1178,bahco1,3296,1054,Contractor calculation error.,Bahia Principe Costa del Sol,2634.65
13.03.2026,75606391,maria.fischer668@proton.me,09.05.2026,12.05.2026,1301,MAXBEL,5533,1054,CONTRACTOR CALCULATION ERROR.,Maxx Royal Belek,3571.98
27.03.2026,96594655,irene.garcia442@outlook.com,01.06.2026,06.06.2026,1426,JUMRAS,7548,1732,Booking Payer Error: Brak wymaganego parametru,Jumeirah Ras Al Khaimah,"1486,10"
27.03.2026,43589412,james.johnson599@yahoo.com,08.07.2026,22.07.2026,1178,HFUEXX,1514,1755,BOOKING CREATE ERROR: BRAK MOŻLIWOŚCI ZAŁOŻENIA REZERWACJI WINTERFEJSIE.,H10 Hotels Fuerteventura,1322.29
10.03.2026,11395331,maria.muller50@outlook.com,04.04.2026,07.04.2026,2653,VIDVIL,5820,5704,Improper reservation price.,Vidamar Resorts Vilamoura,798.00
15.03.2026,24874914,george.schmidt207@outlook.com,01.05.2026,15.05.2026,1426,JUMSHA,4644,1755,Booking Create Error: Brak możliwości założenia rezerwacji winterfejsie.,Jumeirah Sharjah,2672.85
11.03.2026,65599802,robert.nowak279@gmail.com,11.07.2026,18.07.2026,1301,VOYBEL,2200,8056,WRONG ROOM CONFIGURATION,Voyage Belek,"1947,06"
31.03.2026,73562365,maria.keller342@hotmail.com,06.05.2026,09.05.2026,1426,radabu,6425,1732,Booking Payer Error: Brak wymaganego parametru,Radisson Blu Abu Dhabi,"1191,52"
25.03.2026,36949332,martin.johnson679@hotmail.com,25.05.2026,03.06.2026,2653,PINAL1,2869,1467,Booking Complete Error: Error Message : StopSale.,Pine Cliffs Albufeira Resort,752.10
05.03.2026,37868647,paul.petrov38@yahoo.com,10.08.2026,24.08.2026,2653,VIDLIS,6764,1467,Booking Complete Error: Error Message : StopSale.,Vidamar Resorts Lisbon,443.23
29.03.2026,39495553,james.larsen82@outlook.com,10.05.2026,24.05.2026,1714,amapo1,3267,5704,IMPROPER RESERVATION PRICE.,Amadria Park Porec Resort,3301.17
31.03.2026,79918804,julia.wagner24@yahoo.com,23.07.2026,06.08.2026,2653,PESPO1,2680,1467,Booking Complete Error: Error Message : StopSale.,Pestana Porto Resort,4063.83
17.03.2026,72375800,laura.meyer408@proton.me,11.05.2026,16.05.2026,1178,OCCIBI,2612,1467,Booking Complete Error: Error Message : StopSale.,Occidental Ibiza,"4027,45"
28.03.2026,61643194,paul.larsen260@yahoo.com,27.04.2026,11.05.2026,1301,VOYAN1,5291,1155,  Not enough allotment  ,Voyage Antalya Resort,4136.26
30.03.2026,41880763,martin.kozlov803@icloud.com,30.04.2026,07.05.2026,1045,HILSHA,1916,1155,  Not enough allotment  ,Hilton Sharm El Sheikh,4079.87
11.03.2026,95965392,john.keller299@outlook.com,22.07.2026,25.07.2026,1426,JUMRA1,6344,1155,Not enough allotment,Jumeirah Ras Al Khaimah Resort,1919.85
25.03.2026,75297400,zofia.garcia144@gmail.com,05.06.2026,12.06.2026,1178,MELFUE,5562,1755,  Booking Create Error: Brak możliwości założenia rezerwacji winterfejsie.  ,Meliá Fuerteventura,585.21
04.03.2026,76640445,thomas.bakker194@hotmail.com,09.05.2026,23.05.2026,1178, BAHFUE ,8260,1054,Contractor calculation error.,Bahia Principe Fuerteventura,"1209,60"
15.03.2026,41211039,zofia.kozlov928@gmail.com,17.07.2026,24.07.2026,2653,VILPOR,7625,1225,There is already such a booking for this agent.,Vila Vita Parc Porto,3506.24
07.03.2026,45506402,sophie.bianchi290@gmail.com,19.06.2026,28.06.2026,1178,HPALXX,4116,1155,Not enough allotment,H10 Hotels Palma de Mallorca,3387.58
26.03.2026,70364220,sophie.bakker653@yahoo.com,09.06.2026,18.06.2026,1426,AJMRAS,5573,1467,  Booking Complete Error: Error Message : StopSale.  ,Ajman Saray Ras Al Khaimah,1386.82
30.03.2026,73421110,john.meyer977@proton.me,16.03.2026,30.03.2026,1301,RIXAL1,1158,1755,Booking Create Error: Brak możliwości założenia rezerwacji winterfejsie.,Rixos Alanya Resort,1353.13
29.03.2026,78227936,peter.wilson373@gmail.com,11.08.2026,18.08.2026,1045,SUNMA1,9179,1054,Contractor calculation error.,Sunrise Marsa Alam,2471.21
21.03.2026,26239958,thomas.novak6@gmail.com,10.06.2026,24.06.2026,1178,RIUCOS,8062,1054,Contractor calculation error.,RIU Costa Brava,1373.81
30.03.2026,68917831,emma.kravets529@proton.me,15.06.2026,24.06.2026,4182,LOUAYI,5335,1778,Booking Complete Error: Zablokowano allotment online.,Louis Hotels Ayia Napa,292.31
22.03.2026,71207649,irene.kravets551@hotmail.com,12.08.2026,21.08.2026,2653,VILCA1,1745,1467,  Booking Complete Error: Error Message : StopSale.  ,Vila Vita Parc Cascais Resort,2098.54
20.03.2026,75151093,mark.lang539@proton.me,23.06.2026,02.07.2026,1426,RADDUB,6378,5704,Improper reservation price.,Radisson Blu Dubai,2620.01
01.03.2026,25494104,simon.novak398@gmail.com,25.04.2026,28.04.2026,2653, VILCAS ,4986,1155,Not enough allotment,Vila Vita Parc Cascais,"3562,98"
03.03.2026,72379893,olga.meyer661@gmail.com,02.08.2026,11.08.2026,1178,HPALXX,4116,1467,Booking Complete Error: Error Message : StopSale.,H10 Hotels Palma de Mallorca,2502.26
06.03.2026,19797356,laura.smith184@outlook.com,29.06.2026,02.07.2026,2653,PESAL1,8216,1155,Not enough allotment,Pestana Albufeira Resort,"3748,89"
20.03.2026,12188077,andrew.berg585@hotmail.com,13.04.2026,27.04.2026,1178,RIUIBI,2790,1755,Booking Create Error: Brak możliwości założenia rezerwacji winterfejsie.,RIU Ibiza,2294.56
28.03.2026,41940192,laura.andersen125@yahoo.com,06.07.2026,15.07.2026,1045,DANELX,4814,1155,  Not enough allotment  ,,3509.41
10.03.2026,76692866,john.garcia941@outlook.com,16.06.2026,23.06.2026,1426,RADDU1,6143,1155,Not enough allotment,Radisson Blu Dubai Resort,2142.31
29.03.2026,96465850,andrew.schmidt410@gmail.com,18.04.2026,21.04.2026,1714,VALDUB,3417,1155,NOT ENOUGH ALLOTMENT,Valamar Dubrovnik,1930.44
24.03.2026,77396777,michael.roth153@gmail.com,23.07.2026,28.07.2026,1178,HPALXX,4116,1155,Not enough allotment,H10 Hotels Palma de Mallorca,
15.03.2026,93906197,mark.nowak793@outlook.com,27.05.2026,10.06.2026,1426,AJMDUB,1452,1155,Not enough allotment,Ajman Saray Dubai,1364.05
24.03.2026,51208923,john.wagner996@hotmail.com,26.04.2026,03.05.2026,1045, CORSHA ,9830,1155,Not enough allotment,Coral Sea Sharm El Sheikh,2037.63
25.03.2026,12653862,kate.costa631@hotmail.com,17.07.2026,26.07.2026,2247,ROCRIM,9837,1225,There is already such a booking for this agent.,Rocco Forte Rimini,4192.12
18.03.2026,25188734,paul.larsen730@proton.me,05.07.2026,19.07.2026,1045,RIXMAK,1750,1755,Booking Create Error: Brak możliwości założenia rezerwacji winterfejsie.,Rixos Makadi Bay,"2462,26"
10.03.2026,91460345,elena.moretti654@hotmail.com,07.05.2026,21.05.2026,2247, THVEN1 ,8135,1155,NOT ENOUGH ALLOTMENT,Th Resorts Venice Resort,2262.61
12.03.2026,60064794,sophie.lang762@hotmail.com,23.06.2026,28.06.2026,1301,LIMANT,2697,1755,  Booking Create Error: Brak możliwości założenia rezerwacji winterfejsie.  ,Limak Antalya,3387.61
17.03.2026,61655958,daniel.johnson576@outlook.com,03.08.2026,12.08.2026,1178,HGRAXX,4899,8056,Wrong room configuration,H10 Hotels Gran Canaria,1833.44
14.03.2026,85954353,robert.petrov636@icloud.com,26.06.2026,10.07.2026,1045,BARELX,8573,1467,Booking Complete Error: Error Message : StopSale.,Baron Resort El Gouna,1983.39 PLN
30.03.2026,67182554,marta.wilson292@proton.me,07.07.2026,12.07.2026,4182,ATLPAP,5352,5704,Improper reservation price.,Atlantica Paphos,"784,98"
17.03.2026,94617850,laura.schmidt808@outlook.com,19.05.2026,02.06.2026,1301,TITSID,5616,1155,Not enough allotment,Titanic Side,3494.05
11.03.2026,96465850,sophie.novak761@gmail.com,18.04.2026,21.04.2026,1714,VALDUB,3417,1155,Not enough allotment,Valamar Dubrovnik,1930.44
23.03.2026,69014228,claire.bianchi14@yahoo.com,21.05.2026,24.05.2026,1301,BARALA,3144,1155,Not enough allotment,Barut Hotels Alanya,"1417,63"
10.03.2026,31299362,george.kozlov329@hotmail.com,03.06.2026,12.06.2026,1714,faldu1,9540,1054,Contractor calculation error.,Falkensteiner Dubrovnik Resort,"453,72"
03.03.2026,36293187,elena.weber287@outlook.com,17.05.2026,31.05.2026,1178,BARCOS,8744,1054,Contractor calculation error.,Barceló Costa del Sol,3693.77
31.03.2026,93967309,laura.andersen208@proton.me,03.05.2026,08.05.2026,1178,NHCOS1,2604,1054,Contractor calculation error.,NH Collection Costa Brava,1431.82
02.03.2026,17607930,zofia.dubois900@outlook.com,31.05.2026,07.06.2026,1301,TITKEM,5114,1467,Booking Complete Error: Error Message : StopSale.,Titanic Kemer,994.78
08.03.2026,18852560,zofia.lang694@yahoo.com,16.06.2026,30.06.2026,1301,LIMALA,9808,1155,Not enough allotment,Limak Alanya,2149.80
27.03.2026,75035969,maria.weber341@proton.me,26.05.2026,04.06.2026,1045,HILHUR,5422,1155,NOT ENOUGH ALLOTMENT,Hilton Hurghada,3630.38
26.03.2026,51823028,anna.dubois396@gmail.com,03.06.2026,06.06.2026,1045,HILSHA,1916,1054,Contractor calculation error.,Hilton Sharm El Sheikh,3059.79
19.03.2026,26111256,kate.kravets668@hotmail.com,27.05.2026,01.06.2026,1178, RIUPAL ,8350,1467,Booking Complete Error: Error Message : StopSale.,RIU Palma de Mallorca,2597.92
01.03.2026,37289414,michael.bakker569@outlook.com,06.04.2026,11.04.2026,1045,STEELX,3803,1155,Not enough allotment,Steigenberger El Gouna,"1974,37"
28.03.2026,54738928,george.wagner450@proton.me,30.07.2026,08.08.2026,1178,BAHPAL,9786,1054,Contractor calculation error.,Bahia Principe Palma de Mallorca,3854.02
03.03.2026,85208373,nina.kravets954@hotmail.com,05.07.2026,12.07.2026,1045,SUNSHA,6977,1225,There is already such a booking for this agent.,Sunrise Sharm El Sheikh,"4101,75"
05.03.2026,16727400,john.fischer270@yahoo.com,26.07.2026,09.08.2026,1301,VOYBEL,2200,5704,Improper reservation price.,Voyage Belek,854.31
26.03.2026,55434240,paul.petrov860@proton.me,25.04.2026,02.05.2026,4182,CONAYI,2229,,Not enough allotment,Constantinou Bros Ayia Napa,1644.85 PLN
15.03.2026,10943881,robert.andersen925@gmail.com,05.08.2026,10.08.2026,1301,BARMA2,1128,1467,BOOKING COMPLETE ERROR: ERROR MESSAGE : STOPSALE.,Barut Hotels Marmaris,"2963,09"
11.03.2026,71576114,martin.muller904@hotmail.com,09.04.2026,14.04.2026,2247,VALAMA,2874,1467,Booking Complete Error: Error Message : StopSale.,Valtur Amalfi Coast,275.36
29.03.2026,20548997,nina.berg80@outlook.com,16.06.2026,30.06.2026,2653,VILALB,4937,1155,Not enough allotment,Vila Vita Parc Albufeira,-1984.60
10.03.2026,86242194,irene.kozlov256@gmail.com,29.07.2026,12.08.2026,1301,barbod,1152,1755,Booking Create Error: Brak możliwości założenia rezerwacji winterfejsie.,Barut Hotels Bodrum,
15.03.2026,12838477,maria.moretti824@hotmail.com,18.03.2026,21.03.2026,1301,MAXBEL,5533,1467,Booking Complete Error: Error Message : StopSale.,Maxx Royal Belek,957.21
05.03.2026,63868567,emma.schmidt749@hotmail.com,19.05.2026,22.05.2026,1178,HPALXX,4116,1467,Booking Complete Error: Error Message : StopSale.,H10 Hotels Palma de Mallorca,3315.48
14.03.2026,41463321,marta.wilson796@outlook.com,13.07.2026,22.07.2026,1178,BAHTEN,1117,1155,Not enough allotment,Bahia Principe Tenerife,2936.33
10.03.2026,59961172,john.larsen601@outlook.com,14.04.2026,23.04.2026,1714,FALZAD,3881,1755,Booking Create Error: Brak możliwości założenia rezerwacji winterfejsie.,Falkensteiner Zadar,2960.83
15.03.2026,25746460,paul.larsen815@yahoo.com,10.05.2026,24.05.2026,1045,PICTAB,7543,1155,Not enough allotment,Pickalbatros Taba,1272.83 PLN
01.03.2026,60650080,claire.costa665@yahoo.com,08.07.2026,22.07.2026,2247,NHRIMX,4673,1467,Booking Complete Error: Error Message : StopSale.,NH Collection Rimini,"2624,27"
01.03.2026,57640750,sophie.berg799@outlook.com,21.05.2026,26.05.2026,4182,CONPAP,2625,5704,Improper reservation price.,Constantinou Bros Paphos,3218.52
17.03.2026,84158624,emma.moretti855@yahoo.com,10.05.2026,13.05.2026, 1045,STEHUR,4598,1054,Contractor calculation error.,Steigenberger Hurghada,2976.52 PLN
02.03.2026,93411355,chris.moretti864@proton.me,03.08.2026,17.08.2026, 1178,NHPALX,9856,5704,IMPROPER RESERVATION PRICE.,NH Collection Palma de Mallorca,4155.35 PLN
17.03.2026,81981701,robert.larsen213@gmail.com,16.03.2026,23.03.2026,1426,MARFU1,3041,1732,Booking Payer Error: Brak wymaganego parametru,Marriott Fujairah Resort,2673.50
03.03.2026,39510761,daniel.garcia555@hotmail.com,26.07.2026,02.08.2026,1178, NHGRAX ,7537,1732,Booking Payer Error: Brak wymaganego parametru,NH Collection Gran Canaria,928.78
21.03.2026,38282501,laura.petrov826@yahoo.com,15.07.2026,18.07.2026,1178,MELBEN,2982,1054,Contractor calculation error.,Meliá Benidorm,"2709,13"
18.03.2026,38799154,marta.moretti205@gmail.com,09.05.2026,18.05.2026,2653,DOMVIL,4630,1054,Contractor calculation error.,Dom Pedro Vilamoura,4185.64
10.03.2026,27321780,julia.kowalski489@outlook.com,16.07.2026,21.07.2026,4182,AMALIM,3441,1155,Not enough allotment,Amara Limassol,1448.24
25.03.2026,12446861,david.wilson971@icloud.com,01.07.2026,08.07.2026,1045,DANTAB,5339,5704,Improper reservation price.,Dana Beach Taba,1682.26
15.03.2026,66413822,daniel.petrov347@icloud.com,22.05.2026,29.05.2026,1714,RADMAK,2988,1778,Booking Complete Error: Zablokowano allotment online.,Radisson Blu Makarska,"2641,76"
07.03.2026,79108209,irene.moretti472@outlook.com,20.06.2026,25.06.2026,2653,VILCA1,1745,1054,  Contractor calculation error.  ,Vila Vita Parc Cascais Resort,3460.70
10.03.2026,48422247,anna.petrov291@gmail.com,06.05.2026,20.05.2026,4182,ANAPR1,9090,1467,Booking Complete Error: Error Message : StopSale.,Anassa Protaras Resort,918.81
21.03.2026,98880638,daniel.moretti470@icloud.com,15.06.2026,20.06.2026,1301,RIXSID,6617,1155,Not enough allotment,Rixos Side,1015.69
12.03.2026,75569067,zofia.johnson294@outlook.com,09.07.2026,23.07.2026,4182,OLYLAR,4457,1778,Booking Complete Error: Zablokowano allotment online.,Olympic Lagoon Larnaca,3378.26
31.03.2026,40019617,james.petrov568@gmail.com,06.05.2026,13.05.2026,1301,TITBEL,3200,1732,  Booking Payer Error: Brak wymaganego parametru  ,Titanic Belek,3020.04
10.03.2026,67605349,nina.bakker817@hotmail.com,18.07.2026,01.08.2026,1301,BARANT,5272,1155,Not enough allotment,Barut Hotels Antalya,1687.30
11.03.2026,71414821,irene.schmidt637@icloud.com,23.07.2026,26.07.2026,1178,NHGRAX,7537,1755,Booking Create Error: Brak możliwości założenia rezerwacji winterfejsie.,NH Collection Gran Canaria,3016.11
12.03.2026,26385947,andrew.smith368@proton.me,18.04.2026,25.04.2026,1714,AMAPO1,3267,1054,Contractor calculation error.,,1072.64
16.03.2026,58359530,robert.petrov21@icloud.com,18.05.2026,25.05.2026,1045,SUNEL1,8019,1155,Not enough allotment,Sunrise El Gouna,2463.38
13.03.2026,70473000,paul.fischer655@hotmail.com,09.08.2026,12.08.2026,1426,AJMRAS,5573,1755,Booking Create Error: Brak możliwości założenia rezerwacji winterfejsie.,Ajman Saray Ras Al Khaimah,3976.13
28.03.2026,32757919,john.berg546@hotmail.com,20.07.2026,03.08.2026,1178,NHBENX,2588,1155,Not enough allotment,NH Collection Benidorm,3977.37
23.03.2026,66807216,mark.johnson383@yahoo.com,18.05.2026,25.05.2026,4182,amalim,3441,5704,Improper reservation price.,Amara Limassol,463.18
08.03.2026,15684813,emma.bianchi282@proton.me,12.06.2026,21.06.2026,1301,RIXSID,6617,1755,Booking Create Error: Brak możliwości założenia rezerwacji winterfejsie.,Rixos Side,3120.92
29.03.2026,48261364,irene.larsen799@yahoo.com,10.07.2026,13.07.2026,1178,nhibix,7912,1467,Booking Complete Error: Error Message : StopSale.,NH Collection Ibiza,358.43 PLN
09.03.2026,52128097,martin.kravets859@outlook.com,31.05.2026,09.06.2026,1178,BARTEN,2163,1467,BOOKING COMPLETE ERROR: ERROR MESSAGE : STOPSALE.,Barceló Tenerife,"1487,81"
18.03.2026,63841858,andrew.garcia975@hotmail.com,01.07.2026,10.07.2026,1178, HGRAXX ,4899,1225,There is already such a booking for this agent.,H10 Hotels Gran Canaria,"1435,68"
08.03.2026,74082055,sophie.wilson293@proton.me,15.05.2026,24.05.2026,1045,JAZHUR,4456,1054,Contractor calculation error.,Jaz Hurghada,2819.63
28.03.2026,66864059,john.kravets387@yahoo.com,15.06.2026,20.06.2026,1178,RIUCOS,8062,1155,Not enough allotment,RIU Costa Brava,3929.23
02.03.2026,62395415,chris.wilson975@yahoo.com,26.08.2026,04.09.2026,1178,NHFUEX,2160,1467,Booking Complete Error: Error Message : StopSale.,NH Collection Fuerteventura,3971.82 PLN
02.03.2026,79814700,martin.wagner997@proton.me,08.06.2026,15.06.2026, 1301, DELBEL ,3584,1467,Booking Complete Error: Error Message : StopSale.,Delphin Belek,4054.90
23.03.2026,46506567,michael.roth116@yahoo.com,12.06.2026,19.06.2026,4182,anapr1,9090,1155,Not enough allotment,Anassa Protaras Resort,-1077.21
29.03.2026,87975659,martin.meyer831@proton.me,21.05.2026,24.05.2026,1301,CRYSID,5905,,Booking Complete Error: Error Message : StopSale.,Crystal Hotels Side,3073.94
18.03.2026,97454554,daniel.smith597@gmail.com,12.06.2026,19.06.2026,1301,VOYALA,5333,1225,  There is already such a booking for this agent.  ,Voyage Alanya,3668.11
26.03.2026,23782023,michael.kravets842@icloud.com,03.05.2026,10.05.2026,2247, ROCVEN ,2771,1225,There is already such a booking for this agent.,Rocco Forte Venice,3846.08
29.03.2026,14375434,martin.weber81@gmail.com,18.05.2026,01.06.2026,1426,ROTAB1,7211,1155,Not enough allotment,Rotana Abu Dhabi Resort,-2845.38
17.03.2026,91155978,daniel.rossi465@yahoo.com,18.05.2026,25.05.2026,1301,TITMAR,5669,1054,Contractor calculation error.,Titanic Marmaris,3292.33
02.03.2026,63048394,elena.bianchi688@yahoo.com,05.06.2026,10.06.2026,1714,AMAPO1,3267,1054,  Contractor calculation error.  ,Amadria Park Porec Resort,"433,38"
12.03.2026,35546357,thomas.petrov350@icloud.com,19.05.2026,22.05.2026,2653,VILALB,4937,1155,Not enough allotment,Vila Vita Parc Albufeira,1641.60
04.03.2026,28536193,anna.dubois808@yahoo.com,31.05.2026,07.06.2026,1178,MELIBI,7596,1155,Not enough allotment,Meliá Ibiza,914.39
06.03.2026,90947751,thomas.roth981@hotmail.com,19.05.2026,22.05.2026,1178,OCCBEN,6413,1467,Booking Complete Error: Error Message : StopSale.,Occidental Benidorm,1207.33
21.03.2026,23249368,julia.meyer251@proton.me,14.08.2026,23.08.2026,2247,valrom,2983,1225,There is already such a booking for this agent.,Valtur Rome,3136.69
01.03.2026,17850078,martin.novak858@proton.me,16.06.2026,30.06.2026,1045,HILMAK,9751,1755,Booking Create Error: Brak możliwości założenia rezerwacji winterfejsie.,Hilton Makadi Bay,1788.38
22.03.2026,23596829,george.schmidt508@yahoo.com,13.06.2026,22.06.2026,1426,ADDDU1,8066,1467,Booking Complete Error: Error Message : StopSale.,Address Hotels Dubai Resort,1118.56
12.03.2026,45075212,simon.rossi13@gmail.com,18.08.2026,23.08.2026, 1426,ROTDU1,6967,1467,Booking Complete Error: Error Message : StopSale.,Rotana Dubai Resort,
14.03.2026,25458308,marta.petrov91@icloud.com,16.07.2026,23.07.2026,1301,TITALA,4335,5704,Improper reservation price.,Titanic Alanya,1849.88
29.03.2026,15581866,james.bakker144@gmail.com,12.07.2026,26.07.2026,1301,TITALA,4335,1732,BOOKING PAYER ERROR: BRAK WYMAGANEGO PARAMETRU,Titanic Alanya,
12.03.2026,25378741,paul.andersen993@icloud.com,12.06.2026,21.06.2026, 1178,MELPAL,4119,5704,Improper reservation price.,Meliá Palma de Mallorca,589.66
11.03.2026,42291810,laura.fischer916@gmail.com,07.06.2026,16.06.2026,1714,RADZAD,6198,1155,Not enough allotment,Radisson Blu Zadar,1172.44
10.03.2026,21119104,peter.fischer939@hotmail.com,17.04.2026,22.04.2026,1714,SUNPOR,8612,5704,Improper reservation price.,,-4051.37
30.03.2026,77669895,george.wilson716@outlook.com,23.08.2026,26.08.2026,4182,AMALAR,4792,1054,Contractor calculation error.,Amara Larnaca,2517.31
02.03.2026,72275859,julia.petrov939@icloud.com,04.07.2026,18.07.2026,1714,radma1,2052,5704,Improper reservation price.,Radisson Blu Makarska Resort,3054.96
21.03.2026,57640750,anna.keller237@hotmail.com,21.05.2026,26.05.2026,4182,CONPAP,2625,1155,Not enough allotment,Constantinou Bros Paphos,3218.52
23.03.2026,32374171,olga.berg736@outlook.com,25.07.2026,01.08.2026,4182,OLYLIM,4824,1054,Contractor calculation error.,Olympic Lagoon Limassol,3272.97
31.03.2026,76942394,john.andersen518@icloud.com,10.07.2026,19.07.2026, 1045,RIXTAB,5554,5704,Improper reservation price.,Rixos Taba,3722.35
08.03.2026,97509675,alice.johnson235@gmail.com,28.05.2026,04.06.2026,1045,BARMAR,5741,1467,Booking Complete Error: Error Message : StopSale.,Baron Resort Marsa Alam,3044.09
31.03.2026,77714331,marta.kowalski712@outlook.com,27.06.2026,30.06.2026,1426,RADDU1,6143,1467,Booking Complete Error: Error Message : StopSale.,,3409.74
23.03.2026,15233258,simon.rossi430@yahoo.com,09.04.2026,18.04.2026,1045,HILMAR,5386,1732,Booking Payer Error: Brak wymaganego parametru,Hilton Marsa Alam,491.67 PLN
15.03.2026,45902065,marta.fischer819@icloud.com,23.04.2026,07.05.2026,4182,ANAAY1,2496,1732,Booking Payer Error: Brak wymaganego parametru,Anassa Ayia Napa Resort,"3790,45"
07.03.2026,71559591,kate.bakker250@icloud.com,20.08.2026,23.08.2026,1714,falrov,9486,1467,Booking Complete Error: Error Message : StopSale.,Falkensteiner Rovinj,333.94
20.03.2026,73558440,daniel.wagner691@gmail.com,03.07.2026,10.07.2026,1426,JUMSH1,1727,8056,Wrong room configuration,Jumeirah Sharjah Resort,3062.49
28.03.2026,24283930,david.berg769@outlook.com,21.06.2026,30.06.2026,2653,DOMAL1,5136,1755,BOOKING CREATE ERROR: BRAK MOŻLIWOŚCI ZAŁOŻENIA REZERWACJI WINTERFEJSIE.,Dom Pedro Albufeira Resort,472.69
23.03.2026,43738434,andrew.garcia561@outlook.com,27.07.2026,01.08.2026,1301,RIXMA1,6180,5704,Improper reservation price.,Rixos Marmaris,3769.43
25.03.2026,61524781,maria.dubois13@yahoo.com,09.04.2026,23.04.2026,1045,RIXSHA,3621,1155,Not enough allotment,Rixos Sharm El Sheikh,1339.25
01.03.2026,30141113,julia.kozlov721@proton.me,12.07.2026,15.07.2026,1301,CRYMAR,4492,1755,BOOKING CREATE ERROR: BRAK MOŻLIWOŚCI ZAŁOŻENIA REZERWACJI WINTERFEJSIE.,Crystal Hotels Marmaris,3959.04
20.03.2026,68174055,martin.dubois610@hotmail.com,30.06.2026,14.07.2026,1045,HILSHA,1916,1155,Not enough allotment,Hilton Sharm El Sheikh,3253.28
04.03.2026,33635791,zofia.meyer368@hotmail.com,06.06.2026,11.06.2026,2653,vilal1,4180,1467,Booking Complete Error: Error Message : StopSale.,Vila Vita Parc Albufeira Resort,1184.38
03.03.2026,81189728,kate.novak415@yahoo.com,21.07.2026,04.08.2026,1301, BARSID ,1832,1467,Booking Complete Error: Error Message : StopSale.,,"1008,82"
12.03.2026,58009699,claire.bakker309@hotmail.com,22.05.2026,25.05.2026,1714,RADSPL,4185,5704,Improper reservation price.,Radisson Blu Split,3915.79
08.03.2026,23439803,olga.keller811@proton.me,15.06.2026,20.06.2026,1301,MAXSID,3170,1467,Booking Complete Error: Error Message : StopSale.,Maxx Royal Side,1229.04
21.03.2026,88449352,maria.smith873@proton.me,31.07.2026,07.08.2026,1045,HILMAK,9751,5704,Improper reservation price.,Hilton Makadi Bay,2689.03
28.03.2026,49406327,marta.kravets269@outlook.com,15.07.2026,18.07.2026,1301,CRYKEM,5462,1155,Not enough allotment,Crystal Hotels Kemer,-1127.41
04.03.2026,86266699,michael.novak535@outlook.com,28.07.2026,04.08.2026,1426,RADABU,6425,5704,  Improper reservation price.  ,Radisson Blu Abu Dhabi,1337.43
13.03.2026,87066247,emma.fischer334@hotmail.com,18.06.2026,21.06.2026,1301,TITANT,8508,1054,Contractor calculation error.,Titanic Antalya,"3555,16"
12.03.2026,63359331,sophie.fischer896@hotmail.com,04.06.2026,11.06.2026,1426,ROTAB1,7211,5704,Improper reservation price.,Rotana Abu Dhabi Resort,834.39
10.03.2026,55039843,elena.novak411@icloud.com,21.03.2026,28.03.2026,1426,MARSHA,1626,5704,Improper reservation price.,Marriott Sharjah,"2009,47"
15.03.2026,79502107,chris.keller611@icloud.com,10.07.2026,17.07.2026,1045,DANMAK,3677,5704,Improper reservation price.,Dana Beach Makadi Bay,3309.38
19.03.2026,66776956,daniel.petrov646@gmail.com,30.04.2026,14.05.2026,2247,BAGRIM,4571,1755,Booking Create Error: Brak możliwości założenia rezerwacji winterfejsie.,Baglioni Hotels Rimini,3210.29
08.03.2026,20938161,zofia.wilson537@proton.me,06.08.2026,15.08.2026,1301,VOYKEM,2188,1155,Not enough allotment,Voyage Kemer,1794.30
05.03.2026,82790574,paul.wilson17@proton.me,02.05.2026,07.05.2026,2247,UNAROM,2876,1467,Booking Complete Error: Error Message : StopSale.,UNA Hotels Rome,2367.42
17.03.2026,54098516,emma.smith284@yahoo.com,14.06.2026,19.06.2026,1714,AMAPOR,4585,1155,Not enough allotment,Amadria Park Porec,3308.76
31.03.2026,32392242,george.nowak151@outlook.com,17.05.2026,24.05.2026,1426, AJMABU ,2137,5704,Improper reservation price.,,3472.45
29.03.2026,42291810,michael.fischer425@gmail.com,07.06.2026,16.06.2026,1714,RADZAD,6198,1155,Not enough allotment,Radisson Blu Zadar,1172.44
27.03.2026,50251543,julia.berg97@outlook.com,21.08.2026,24.08.2026,1426,ROTDU1,6967,1155,Not enough allotment,Rotana Dubai Resort,4170.21
28.03.2026,74248731,andrew.roth832@icloud.com,07.08.2026,12.08.2026,1045,RIXMAR,9348,1225,There is already such a booking for this agent.,Rixos Marsa Alam,"4164,90"
15.03.2026,82903355,laura.wagner58@icloud.com,06.05.2026,11.05.2026,1714,FALSPL,8478,1054,Contractor calculation error.,Falkensteiner Split,2605.82
10.03.2026,65268742,nina.lang677@icloud.com,15.06.2026,29.06.2026,2247,UNAVE1,2729,1155,Not enough allotment,UNA Hotels Venice Resort,2352.41
17.03.2026,43751555,martin.costa87@yahoo.com,01.04.2026,15.04.2026,1178,MELPAL,4119,1155,Not enough allotment,Meliá Palma de Mallorca,3786.09
18.03.2026,92791848,julia.kravets286@outlook.com,12.03.2026,21.03.2026,1045, HILTAB ,5040,5704,Improper reservation price.,Hilton Taba,996.15
16.03.2026,61955598,john.lang890@yahoo.com,16.04.2026,30.04.2026,4182,OLYPR1,8195,1155,Not enough allotment,Olympic Lagoon Protaras Resort,1797.93
27.03.2026,50486214,claire.muller943@hotmail.com,10.04.2026,13.04.2026,1301,DELAL1,3647,1778,Booking Complete Error: Zablokowano allotment online.,Delphin Alanya Resort,2886.97
15.03.2026,36672019,julia.garcia649@hotmail.com,05.07.2026,08.07.2026,2653,TIVPOR,8933,1225,There is already such a booking for this agent.,Tivoli Porto,"3739,90"
28.03.2026,12188077,sophie.smith308@yahoo.com,13.04.2026,27.04.2026,1178,RIUIBI,2790,1054,CONTRACTOR CALCULATION ERROR.,RIU Ibiza,"2294,56"
15.03.2026,58385021,irene.lang386@gmail.com,08.06.2026,17.06.2026,2247,BLUAMA,8705,1155,Not enough allotment,Bluserena Amalfi Coast,1965.41
15.03.2026,66272254,anna.roth948@gmail.com,02.05.2026,07.05.2026,2247,ROCSAR,4249,5704,Improper reservation price.,Rocco Forte Sardinia,2836.05
23.03.2026,43738434,andrew.garcia561@outlook.com,27.07.2026,01.08.2026,1301,RIXMA1,6180,5704,Improper reservation price.,Rixos Marmaris,3769.43
21.03.2026,81251601,chris.larsen338@icloud.com,08.08.2026,22.08.2026,1045,CORSHA,9830,1054,Contractor calculation error.,Coral Sea Sharm El Sheikh,-4002.37
22.03.2026,98368477,elena.smith983@hotmail.com,05.06.2026,19.06.2026,2653,PINVIL,9041,1054,Contractor calculation error.,Pine Cliffs Vilamoura,2708.68 PLN
03.03.2026,18697653,simon.wilson605@outlook.com,19.05.2026,28.05.2026,1178, IBEFUE ,5563,1755,Booking Create Error: Brak możliwości założenia rezerwacji winterfejsie.,Iberostar Fuerteventura,3802.56
12.03.2026,18772342,irene.wagner55@outlook.com,27.05.2026,30.05.2026,1714,SUNDUB,5246,5704,Improper reservation price.,Sun Gardens Dubrovnik,-588.71
12.03.2026,10292428,nina.kozlov286@yahoo.com,06.07.2026,09.07.2026, 1301,MAXBOD,6718,5704,  Improper reservation price.  ,Maxx Royal Bodrum,3653.77
20.03.2026,23259460,zofia.kozlov572@icloud.com,20.08.2026,27.08.2026,1045,BARHUR,1525,1467,  Booking Complete Error: Error Message : StopSale.  ,Baron Resort Hurghada,4021.27
14.03.2026,48153914,laura.bianchi193@gmail.com,15.07.2026,20.07.2026,1301,CRYSID,5905,1225,There is already such a booking for this agent.,Crystal Hotels Side,1428.09
30.03.2026,53372139,andrew.kozlov804@yahoo.com,06.06.2026,13.06.2026,1045,STETAB,4432,1755,Booking Create Error: Brak możliwości założenia rezerwacji winterfejsie.,Steigenberger Taba,896.42
25.03.2026,13917037,sophie.roth327@yahoo.com,11.06.2026,25.06.2026,1178,RIUGRA,4139,1467,Booking Complete Error: Error Message : StopSale.,RIU Gran Canaria,2506.28
08.03.2026,37016931,maria.garcia135@outlook.com,02.08.2026,09.08.2026,2653,VIDVIL,5820,1467,Booking Complete Error: Error Message : StopSale.,Vidamar Resorts Vilamoura,"741,28"
29.03.2026,81543451,mark.rossi414@hotmail.com,10.07.2026,15.07.2026,1178,BARGRA,1993,1054,Contractor calculation error.,Barceló Gran Canaria,3257.92 PLN
12.03.2026,85008117,sophie.meyer886@gmail.com,20.04.2026,04.05.2026,1301,MAXSID,3170,1755,  Booking Create Error: Brak możliwości założenia rezerwacji winterfejsie.  ,Maxx Royal Side,3554.90
09.03.2026,53855682,simon.weber698@proton.me,18.04.2026,02.05.2026,1045,RIXSHA,3621,5704,Improper reservation price.,Rixos Sharm El Sheikh,1793.39
11.03.2026,68443141,zofia.meyer737@hotmail.com,11.05.2026,18.05.2026,2653,PESVI1,5786,1054,Contractor calculation error.,,1540.24
30.03.2026,57124706,thomas.bianchi562@hotmail.com,11.06.2026,18.06.2026,1045,CORSHA,9830,1155,Not enough allotment,Coral Sea Sharm El Sheikh,1908.64
10.03.2026,74524663,simon.smith372@gmail.com,18.06.2026,23.06.2026,1426,HILRAS,8119,1155,  Not enough allotment  ,Hilton Ras Al Khaimah,-3151.62
29.03.2026,39510761,anna.muller253@icloud.com,26.07.2026,02.08.2026,1178,NHGRAX,7537,5704,Improper reservation price.,NH Collection Gran Canaria,"928,78"
22.03.2026,37201429,michael.wilson367@proton.me,05.04.2026,10.04.2026,1426,AJMRAS,5573,5704,Improper reservation price.,Ajman Saray Ras Al Khaimah,2042.77
25.03.2026,64763549,irene.kowalski676@outlook.com,15.06.2026,18.06.2026,1045,BARMAK,4150,1732,Booking Payer Error: Brak wymaganego parametru,Baron Resort Makadi Bay,3720.48 PLN
28.03.2026,57640750,mark.nowak659@yahoo.com,21.05.2026,26.05.2026,4182,CONPAP,2625,1155,  Not enough allotment  ,Constantinou Bros Paphos,-3218.52
15.03.2026,50559278,maria.johnson312@icloud.com,01.06.2026,10.06.2026,1426,mardu1,9518,1755,Booking Create Error: Brak możliwości założenia rezerwacji winterfejsie.,Marriott Dubai Resort,2814.50
25.03.2026,81927860,robert.weber714@proton.me,24.07.2026,29.07.2026,2653,DOMVI1,3073,1467,Booking Complete Error: Error Message : StopSale.,Dom Pedro Vilamoura Resort,1054.86
04.03.2026,80350607,julia.muller322@hotmail.com,13.06.2026,27.06.2026,1045,CORSHA,9830,8056,Wrong room configuration,Coral Sea Sharm El Sheikh,3793.36
22.03.2026,21659353,laura.bianchi737@proton.me,04.05.2026,09.05.2026,1178,IBEIBI,1964,1467,Booking Complete Error: Error Message : StopSale.,Iberostar Ibiza,2887.81
01.03.2026,33535297,sophie.novak182@proton.me,25.06.2026,09.07.2026,1426,AJMDUB,1452,1732,Booking Payer Error: Brak wymaganego parametru,Ajman Saray Dubai,1744.62
09.03.2026,80722909,chris.bianchi900@proton.me,06.06.2026,11.06.2026,1178,BARTEN,2163,1755,Booking Create Error: Brak możliwości założenia rezerwacji winterfejsie.,Barceló Tenerife,"4109,55"
05.03.2026,60212465,daniel.costa456@outlook.com,21.07.2026,04.08.2026,1714,AMAZAD,7291,1155,Not enough allotment,Amadria Park Zadar,1753.69
02.03.2026,61112881,james.schmidt297@outlook.com,18.07.2026,21.07.2026,1178,IBEBEN,6804,1467,Booking Complete Error: Error Message : StopSale.,Iberostar Benidorm,1407.22
12.03.2026,31443889,peter.smith9@outlook.com,19.05.2026,26.05.2026,2653,DOMCA1,3939,,There is already such a booking for this agent.,Dom Pedro Cascais Resort,4006.59
25.03.2026,98120500,irene.schmidt595@outlook.com,06.08.2026,13.08.2026, 1714,FALPOR,9099,1467,Booking Complete Error: Error Message : StopSale.,Falkensteiner Porec,1312.13
22.03.2026,23417922,maria.costa1@yahoo.com,03.05.2026,10.05.2026,1301,DELALA,6183,1054,Contractor calculation error.,Delphin Alanya,403.82
29.03.2026,98018133,sophie.bakker795@icloud.com,07.06.2026,21.06.2026,2247,ROCRIM,9837,1155,Not enough allotment,Rocco Forte Rimini,681.39
14.03.2026,68443796,daniel.dubois916@gmail.com,27.06.2026,02.07.2026,2653,VILCA1,1745,1467,Booking Complete Error: Error Message : StopSale.,Vila Vita Parc Cascais Resort,2396.59
09.03.2026,83735740,anna.weber481@yahoo.com,06.05.2026,09.05.2026,1426,AJMABU,2137,1155,NOT ENOUGH ALLOTMENT,Ajman Saray Abu Dhabi,3682.67
21.03.2026,59792980,chris.rossi196@icloud.com,09.06.2026,23.06.2026,1178,ibegra,9479,1732,  Booking Payer Error: Brak wymaganego parametru  ,Iberostar Gran Canaria,439.83 PLN
11.03.2026,28476277,paul.costa930@icloud.com,15.08.2026,18.08.2026,1301,TITSID,5616,1155,NOT ENOUGH ALLOTMENT,Titanic Side,1432.00
23.03.2026,87180611,maria.dubois634@icloud.com,18.05.2026,25.05.2026,1301,LIMKE1,8007,1054,Contractor calculation error.,Limak Kemer Resort,3224.57
15.03.2026,29269124,thomas.andersen288@icloud.com,28.04.2026,12.05.2026,1045,danhur,2139,1732,Booking Payer Error: Brak wymaganego parametru,Dana Beach Hurghada,"2072,54"
05.03.2026,33535297,mark.andersen872@hotmail.com,25.06.2026,09.07.2026,1426,AJMDUB,1452,5704,Improper reservation price.,Ajman Saray Dubai,1744.62 PLN
01.03.2026,90301439,david.smith727@proton.me,12.04.2026,19.04.2026,1045,BARHUR,1525,1155,  Not enough allotment  ,Baron Resort Hurghada,
13.03.2026,65346005,zofia.garcia224@outlook.com,04.04.2026,13.04.2026, 1178,IBEFUE,5563,1755,BOOKING CREATE ERROR: BRAK MOŻLIWOŚCI ZAŁOŻENIA REZERWACJI WINTERFEJSIE.,Iberostar Fuerteventura,2363.17
08.03.2026,97811204,martin.kozlov813@outlook.com,20.07.2026,29.07.2026,1045, JAZMAR ,9085,1155,Not enough allotment,Jaz Marsa Alam,800.16
02.03.2026,83835976,claire.lang144@gmail.com,20.06.2026,04.07.2026,4182,AMAPAP,4404,1755,Booking Create Error: Brak możliwości założenia rezerwacji winterfejsie.,Amara Paphos,1236.92 PLN
04.03.2026,19650604,elena.roth834@hotmail.com,29.06.2026,08.07.2026,1178,BARBEN,4608,1732,BOOKING PAYER ERROR: BRAK WYMAGANEGO PARAMETRU,Barceló Benidorm,1074.04
21.03.2026,35233025,robert.smith444@icloud.com,18.05.2026,25.05.2026,2247,NHRIMX,4673,1755,Booking Create Error: Brak możliwości założenia rezerwacji winterfejsie.,NH Collection Rimini,3686.31
15.03.2026,75302659,michael.wilson834@proton.me,19.05.2026,02.06.2026,1178,riupal,8350,1467,Booking Complete Error: Error Message : StopSale.,RIU Palma de Mallorca,2798.43
03.03.2026,67981146,martin.moretti936@proton.me,07.07.2026,14.07.2026,1301,MAXBEL,5533,1467,Booking Complete Error: Error Message : StopSale.,Maxx Royal Belek,"2022,86"
14.03.2026,38131027,irene.keller927@yahoo.com,09.05.2026,23.05.2026,1301,MAXBOD,6718,1732,Booking Payer Error: Brak wymaganego parametru,Maxx Royal Bodrum,3573.12
18.03.2026,41177793,paul.costa454@yahoo.com,21.04.2026,05.05.2026,1426,ROTSH1,7691,1155,  Not enough allotment  ,Rotana Sharjah Resort,1521.63
14.03.2026,56135978,irene.roth777@gmail.com,24.06.2026,27.06.2026,4182,CONLIM,5720,1155,  Not enough allotment  ,Constantinou Bros Limassol,"3737,96"
27.03.2026,94817178,david.weber481@gmail.com,12.05.2026,26.05.2026,1301,TITSID,5616,1467,BOOKING COMPLETE ERROR: ERROR MESSAGE : STOPSALE.,Titanic Side,"1742,44"
25.03.2026,78049544,paul.keller923@icloud.com,17.03.2026,31.03.2026,2653,VILPOR,7625,1155,Not enough allotment,Vila Vita Parc Porto,"2857,90"
02.03.2026,91924787,mark.weber510@gmail.com,22.05.2026,27.05.2026,1426,AJMFU1,4228,1225,There is already such a booking for this agent.,Ajman Saray Fujairah Resort,2647.16
17.03.2026,17940265,kate.schmidt671@yahoo.com,19.04.2026,24.04.2026,1426,ROTSH1,7691,1732,  Booking Payer Error: Brak wymaganego parametru  ,Rotana Sharjah Resort,1245.25
21.03.2026,27698856,michael.novak105@hotmail.com,13.05.2026,16.05.2026,1301,TITBEL,3200,1732,Booking Payer Error: Brak wymaganego parametru,Titanic Belek,2211.87
13.03.2026,53185509,julia.petrov356@gmail.com,04.07.2026,18.07.2026,1045,cormar,6925,1155,Not enough allotment,Coral Sea Marsa Alam,"4102,94"
18.03.2026,89727494,thomas.fischer490@proton.me,09.06.2026,14.06.2026,1045,RIXTAB,5554,5704,Improper reservation price.,Rixos Taba,"2958,73"
09.03.2026,12512536,emma.nowak329@proton.me,24.06.2026,29.06.2026,1045,JAZSHA,8517,1467,Booking Complete Error: Error Message : StopSale.,Jaz Sharm El Sheikh,-2697.95
12.03.2026,37369495,nina.petrov152@icloud.com,12.05.2026,19.05.2026,1045,HILSHA,1916,1155,  Not enough allotment  ,Hilton Sharm El Sheikh,2547.57
29.03.2026,11395331,irene.meyer742@icloud.com,04.04.2026,07.04.2026,2653,VIDVIL,5820,1225,There is already such a booking for this agent.,Vidamar Resorts Vilamoura,798.00
28.03.2026,34427131,george.wagner418@gmail.com,19.08.2026,02.09.2026,1301,BARBEL,5325,1155,Not enough allotment,Barut Hotels Belek,"3892,57"
05.03.2026,93246092,alice.moretti28@icloud.com,09.05.2026,23.05.2026,1178,MELTEN,2545,1732,Booking Payer Error: Brak wymaganego parametru,Meliá Tenerife,3728.51
02.03.2026,39566552,alice.roth760@yahoo.com,01.05.2026,08.05.2026,4182,CONPR1,1423,1054,Contractor calculation error.,Constantinou Bros Protaras Resort,540.92
30.03.2026,40123918,kate.roth243@gmail.com,23.04.2026,30.04.2026,1301,BARANT,5272,5704,Improper reservation price.,Barut Hotels Antalya,1475.15
30.03.2026,83564403,peter.rossi119@outlook.com,14.07.2026,19.07.2026,1045,stehur,4598,5704,Improper reservation price.,Steigenberger Hurghada,
05.03.2026,95909978,daniel.weber923@icloud.com,24.07.2026,07.08.2026,1301,LIMBOD,2127,5704,Improper reservation price.,Limak Bodrum,2994.21
14.03.2026,46595028,james.costa574@hotmail.com,23.07.2026,26.07.2026,1301,titkem,5114,5704,Improper reservation price.,Titanic Kemer,839.82
08.03.2026,41522381,david.wagner802@icloud.com,20.07.2026,29.07.2026,1301,VOYBOD,2512,1155,Not enough allotment,Voyage Bodrum,"364,40"
29.03.2026,55841180,david.berg697@hotmail.com,15.07.2026,18.07.2026,2653,PINFUN,4545,5704,Improper reservation price.,Pine Cliffs Funchal (Madeira),1211.14
03.03.2026,12746652,maria.lang380@gmail.com,02.05.2026,05.05.2026,1301,TITBOD,5345,1467,  Booking Complete Error: Error Message : StopSale.  ,Titanic Bodrum,1202.35 PLN
28.03.2026,81251601,emma.berg677@hotmail.com,08.08.2026,22.08.2026,1045,corsha,9830,1732,Booking Payer Error: Brak wymaganego parametru,Coral Sea Sharm El Sheikh,4002.37 PLN
01.03.2026,83517562,peter.costa504@gmail.com,16.06.2026,21.06.2026,1045,stetab,4432,,NOT ENOUGH ALLOTMENT,Steigenberger Taba,1400.29
16.03.2026,49026419,michael.wagner298@gmail.com,28.08.2026,04.09.2026,1045,SUNSH1,6930,1155,Not enough allotment,Sunwing Sharm El Sheikh,3630.36 PLN
26.03.2026,66794885,marta.kozlov978@hotmail.com,18.06.2026,27.06.2026,1301,VOYBEL,2200,1054,Contractor calculation error.,Voyage Belek,2293.21
15.03.2026,10549895,james.kowalski934@proton.me,19.04.2026,26.04.2026, 1426,ajmra1,9308,1155,Not enough allotment,Ajman Saray Ras Al Khaimah Resort,3390.89
17.03.2026,38280205,nina.smith250@gmail.com,29.07.2026,07.08.2026,1714,BLUDUB,3607,1155,Not enough allotment,Bluesun Dubrovnik,2583.62
16.03.2026,20398976,julia.larsen573@yahoo.com,08.05.2026,22.05.2026,1045,JAZTAB,2489,8056,Wrong room configuration,Jaz Taba,1121.68
18.03.2026,57021454,simon.meyer587@proton.me,26.07.2026,31.07.2026,2653,VIDVI1,1231,1467,Booking Complete Error: Error Message : StopSale.,Vidamar Resorts Vilamoura Resort,"1431,85"
30.03.2026,21191711,george.wilson428@gmail.com,16.08.2026,23.08.2026,1714,AMAZA1,2269,1467,Booking Complete Error: Error Message : StopSale.,Amadria Park Zadar Resort,2304.56
18.03.2026,97813295,james.wagner111@icloud.com,11.06.2026,25.06.2026,1178,RIUBEN,8177,1054,Contractor calculation error.,RIU Benidorm,2906.46
24.03.2026,29091078,john.kozlov513@gmail.com,06.06.2026,20.06.2026,1178,IBECO1,2235,1467,Booking Complete Error: Error Message : StopSale.,Iberostar Costa del Sol,2081.14
31.03.2026,94799875,robert.nowak908@hotmail.com,16.03.2026,23.03.2026,1178,IBEFUE,5563,1155,Not enough allotment,Iberostar Fuerteventura,433.33
16.03.2026,44730338,john.muller825@gmail.com,13.06.2026,16.06.2026,1045,PICMAR,2169,1155,Not enough allotment,Pickalbatros Marsa Alam,2473.66
08.03.2026,90298801,david.lang14@gmail.com,22.06.2026,01.07.2026,1178,NHTENX,4510,1755,Booking Create Error: Brak możliwości założenia rezerwacji winterfejsie.,NH Collection Tenerife,"3065,44"
07.03.2026,38083258,john.dubois910@icloud.com,24.06.2026,08.07.2026,1178,HFUEXX,1514,1467,Booking Complete Error: Error Message : StopSale.,H10 Hotels Fuerteventura,
29.03.2026,46878825,paul.wilson100@yahoo.com,19.07.2026,24.07.2026,1045,RIXHUR,4593,8056,Wrong room configuration,Rixos Hurghada,1304.86
16.03.2026,11523452,michael.kozlov800@outlook.com,03.06.2026,08.06.2026, 1714,VALMAK,7547,1467,Booking Complete Error: Error Message : StopSale.,Valamar Makarska,897.14
18.03.2026,30555871,andrew.johnson815@hotmail.com,23.07.2026,01.08.2026,2653,DOMFUN,5530,1155,Not enough allotment,Dom Pedro Funchal (Madeira),2405.74
05.03.2026,66631756,simon.petrov169@outlook.com,08.06.2026,15.06.2026,2653,villis,6169,1155,Not enough allotment,Vila Vita Parc Lisbon,2456.57
09.03.2026,96565865,peter.moretti606@icloud.com,18.06.2026,25.06.2026,1045, RIXMAR ,9348,1732,Booking Payer Error: Brak wymaganego parametru,Rixos Marsa Alam,"4107,15"
29.03.2026,53772726,nina.wagner205@icloud.com,13.05.2026,16.05.2026,1045,STEMAR,3287,1755,  Booking Create Error: Brak możliwości założenia rezerwacji winterfejsie.  ,Steigenberger Marsa Alam,1149.74
21.03.2026,30738663,maria.muller762@outlook.com,03.06.2026,10.06.2026,2653,VILFUN,9779,5704,IMPROPER RESERVATION PRICE.,Vila Vita Parc Funchal (Madeira),1922.14
31.03.2026,69744547,paul.roth343@proton.me,02.06.2026,07.06.2026,1301,LIMANT,2697,1155,Not enough allotment,Limak Antalya,2319.95 PLN
23.03.2026,56982946,kate.petrov296@proton.me,03.05.2026,10.05.2026,1045,STEMAR,3287,1467,  Booking Complete Error: Error Message : StopSale.  ,Steigenberger Marsa Alam,2151.65
07.03.2026,69940949,emma.meyer701@proton.me,22.06.2026,27.06.2026,2247,bagsic,9728,1225,There is already such a booking for this agent.,Baglioni Hotels Sicily,3343.28
31.03.2026,52970787,sophie.costa862@yahoo.com,27.05.2026,05.06.2026,1301,BARBOD,1152,1732,Booking Payer Error: Brak wymaganego parametru,Barut Hotels Bodrum,"3715,44"
30.03.2026,33294933,maria.kowalski965@yahoo.com,08.07.2026,11.07.2026,1714,FALSPL,8478,1467,  Booking Complete Error: Error Message : StopSale.  ,Falkensteiner Split,1348.08
28.03.2026,98814242,peter.nowak203@hotmail.com,21.06.2026,28.06.2026,1714, BLUZAD ,9976,1755,Booking Create Error: Brak możliwości założenia rezerwacji winterfejsie.,Bluesun Zadar,"3183,19"
19.03.2026,62336313,simon.novak734@outlook.com,26.07.2026,09.08.2026,1178,MELIBI,7596,5704,  Improper reservation price.  ,,1033.76
26.03.2026,20250766,alice.fischer741@proton.me,16.06.2026,21.06.2026,4182,ANAAYI,2166,1467,Booking Complete Error: Error Message : StopSale.,Anassa Ayia Napa,1208.91
20.03.2026,87038964,irene.roth182@hotmail.com,07.06.2026,14.06.2026,1045,STEMAR,3287,1054,  Contractor calculation error.  ,Steigenberger Marsa Alam,948.87
19.03.2026,81305655,john.berg97@yahoo.com,20.07.2026,23.07.2026,1045,DANELX,4814,1467,Booking Complete Error: Error Message : StopSale.,,3167.79
02.03.2026,99309703,john.roth592@hotmail.com,18.07.2026,25.07.2026,1045,BARTAB,5374,5704,Improper reservation price.,Baron Resort Taba,3225.28
15.03.2026,36672019,julia.garcia649@hotmail.com,05.07.2026,08.07.2026,2653,TIVPOR,8933,1225,There is already such a booking for this agent.,Tivoli Porto,"3739,90"
06.03.2026,14497675,sophie.wilson163@proton.me,17.06.2026,22.06.2026,1714,FALROV,9486,1467,Booking Complete Error: Error Message : StopSale.,Falkensteiner Rovinj,1036.76
17.03.2026,74525013,peter.moretti922@proton.me,29.04.2026,08.05.2026,1178,NHTENX,4510,1155,Not enough allotment,NH Collection Tenerife,1717.00
21.03.2026,37308590,kate.weber135@proton.me,05.07.2026,08.07.2026,1045,hiltab,5040,1467,Booking Complete Error: Error Message : StopSale.,Hilton Taba,3717.27
17.03.2026,36446456,anna.costa551@yahoo.com,27.05.2026,05.06.2026,1178,RIUBEN,8177,1467,  Booking Complete Error: Error Message : StopSale.  ,RIU Benidorm,"261,40"
28.03.2026,30099327,chris.berg207@proton.me,14.05.2026,21.05.2026,1426,RADAB1,5844,1155,Not enough allotment,Radisson Blu Abu Dhabi Resort,
26.03.2026,31198792,peter.rossi967@gmail.com,25.05.2026,28.05.2026,1426,HILDU1,7311,1467,Booking Complete Error: Error Message : StopSale.,Hilton Dubai Resort,295.06
16.03.2026,15187852,chris.bianchi874@icloud.com,04.07.2026,09.07.2026,1045,JAZTAB,2489,1155,Not enough allotment,Jaz Taba,844.56
02.03.2026,91120550,daniel.larsen715@proton.me,14.06.2026,21.06.2026,1045,DANELX,4814,8056,Wrong room configuration,Dana Beach El Gouna,321.76
16.03.2026,80474132,sophie.meyer275@hotmail.com,05.07.2026,19.07.2026,1426,RADAB1,5844,1225,There is already such a booking for this agent.,Radisson Blu Abu Dhabi Resort,1272.40
26.03.2026,71228059,claire.costa226@gmail.com,18.04.2026,21.04.2026,1045,JAZSHA,8517,1155,Not enough allotment,Jaz Sharm El Sheikh,2664.34
27.03.2026,93008294,john.wilson231@outlook.com,29.06.2026,08.07.2026,1178,RIUFUE,7669,5704,  Improper reservation price.  ,RIU Fuerteventura,3805.02
04.03.2026,43388761,daniel.costa899@icloud.com,08.06.2026,15.06.2026,1045,HILMAK,9751,1467,Booking Complete Error: Error Message : StopSale.,Hilton Makadi Bay,3073.99
20.03.2026,48948545,olga.wagner874@outlook.com,24.05.2026,31.05.2026,2653,vidvil,5820,1467,BOOKING COMPLETE ERROR: ERROR MESSAGE : STOPSALE.,Vidamar Resorts Vilamoura,1310.40
03.03.2026,74854563,olga.berg422@gmail.com,29.05.2026,12.06.2026,1301,MAXBOD,6718,1155,  Not enough allotment  ,Maxx Royal Bodrum,"2854,17"
18.03.2026,72379893,olga.weber647@yahoo.com,02.08.2026,11.08.2026,1178,HPALXX,4116,1755,Booking Create Error: Brak możliwości założenia rezerwacji winterfejsie.,H10 Hotels Palma de Mallorca,"2502,26"
03.03.2026,39774445,maria.nowak61@gmail.com,18.08.2026,21.08.2026,4182,ATLAYI,1043,1778,Booking Complete Error: Zablokowano allotment online.,Atlantica Ayia Napa,-3019.74
04.03.2026,73430999,julia.meyer923@outlook.com,19.06.2026,26.06.2026,2653,VIDPOR,8753,1054,Contractor calculation error.,Vidamar Resorts Porto,3772.41
05.03.2026,47241745,kate.keller114@outlook.com,10.05.2026,17.05.2026,2247,UNAROM,2876,,Not enough allotment,UNA Hotels Rome,3351.13
19.03.2026,99635309,marta.schmidt1@proton.me,30.05.2026,13.06.2026,1045, HILSHA ,1916,1155,Not enough allotment,Hilton Sharm El Sheikh,1845.86
11.03.2026,48257465,elena.costa77@gmail.com,04.04.2026,13.04.2026,1178,OCCCOS,4770,1155,  Not enough allotment  ,Occidental Costa del Sol,2805.71
15.03.2026,19240560,david.smith304@proton.me,03.07.2026,12.07.2026,1426,ADDDU1,8066,1755,Booking Create Error: Brak możliwości założenia rezerwacji winterfejsie.,Address Hotels Dubai Resort,"1442,61"
31.03.2026,38170117,mark.weber108@outlook.com,25.04.2026,02.05.2026,1178,BAHGRA,6107,1467,BOOKING COMPLETE ERROR: ERROR MESSAGE : STOPSALE.,Bahia Principe Gran Canaria,"3093,19"
25.03.2026,68917831,marta.lang531@outlook.com,15.06.2026,24.06.2026,4182,LOUAYI,5335,1755,Booking Create Error: Brak możliwości założenia rezerwacji winterfejsie.,Louis Hotels Ayia Napa,292.31
27.03.2026,65226257,michael.dubois850@gmail.com,10.06.2026,15.06.2026,1178,RIUBEN,8177,1155,Not enough allotment,RIU Benidorm,3454.23
01.03.2026,16944435,alice.wagner63@outlook.com,14.08.2026,19.08.2026,1178,BAHCOS,4981,1155,Not enough allotment,Bahia Principe Costa Brava,3064.10
24.03.2026,19321385,george.berg821@gmail.com,08.05.2026,15.05.2026,2247,NHSICX,2124,5704,  Improper reservation price.  ,NH Collection Sicily,1880.63
07.03.2026,28036027,marta.keller914@outlook.com,26.07.2026,29.07.2026,1301,delkem,5915,1732,Booking Payer Error: Brak wymaganego parametru,Delphin Kemer,1869.14
27.03.2026,94195455,george.costa556@hotmail.com,31.07.2026,03.08.2026,2653,DOMCA1,3939,1467,Booking Complete Error: Error Message : StopSale.,,529.26
14.03.2026,22142343,elena.fischer888@yahoo.com,17.05.2026,31.05.2026,2247,ROCAMA,1672,1467,Booking Complete Error: Error Message : StopSale.,Rocco Forte Amalfi Coast,1147.24
10.03.2026,72507231,zofia.novak667@outlook.com,24.07.2026,31.07.2026,1045,JAZELX,4733,5704,Improper reservation price.,Jaz El Gouna,2032.59 PLN
28.03.2026,65306850,laura.fischer725@hotmail.com,17.04.2026,22.04.2026,1178,NHFUEX,2160,5704,  Improper reservation price.  ,NH Collection Fuerteventura,2654.02
22.03.2026,39560456,mark.petrov743@outlook.com,29.03.2026,01.04.2026,1178,occgra,1887,1155,Not enough allotment,Occidental Gran Canaria,691.23
31.03.2026,25368629,olga.weber199@proton.me,18.07.2026,23.07.2026,1045,SUNMAR,6313,1467,Booking Complete Error: Error Message : StopSale.,Sunwing Marsa Alam,
10.03.2026,31299362,george.kozlov329@hotmail.com,03.06.2026,12.06.2026,1714,faldu1,9540,1054,Contractor calculation error.,Falkensteiner Dubrovnik Resort,"453,72"
30.03.2026,95763040,olga.moretti83@gmail.com,04.07.2026,18.07.2026,1426,AJMDUB,1452,1155,Not enough allotment,Ajman Saray Dubai,2221.20
18.03.2026,14734820,paul.keller363@icloud.com,03.07.2026,08.07.2026,1301,RIXAL1,1158,5704,Improper reservation price.,Rixos Alanya Resort,620.39
08.03.2026,29096178,irene.kravets395@gmail.com,03.04.2026,12.04.2026,4182,AMALIM,3441,5704,Improper reservation price.,Amara Limassol,646.90
05.03.2026,66925500,chris.kozlov784@gmail.com,29.08.2026,12.09.2026,4182,LOULIM,3330,1054,Contractor calculation error.,Louis Hotels Limassol,"2351,14"
24.03.2026,53365278,daniel.andersen310@icloud.com,09.07.2026,14.07.2026,2247,BAGAMA,1659,1755,  Booking Create Error: Brak możliwości założenia rezerwacji winterfejsie.  ,Baglioni Hotels Amalfi Coast,3356.78
19.03.2026,81690032,david.garcia708@yahoo.com,07.09.2026,14.09.2026,1426,RADSH1,7888,1732,Booking Payer Error: Brak wymaganego parametru,Radisson Blu Sharjah Resort,3645.14
02.03.2026,61176016,robert.lang669@hotmail.com,11.06.2026,16.06.2026,1426,MARFU1,3041,1225,There is already such a booking for this agent.,Marriott Fujairah Resort,-2095.96
27.03.2026,80264613,john.kowalski111@outlook.com,22.07.2026,25.07.2026,2653,VIDVI1,1231,1225,There is already such a booking for this agent.,Vidamar Resorts Vilamoura Resort,"2524,23"
24.03.2026,94817178,zofia.schmidt493@icloud.com,12.05.2026,26.05.2026,1301,TITSID,5616,1732,  Booking Payer Error: Brak wymaganego parametru  ,Titanic Side,1742.44
09.03.2026,10292428,zofia.lang805@icloud.com,06.07.2026,09.07.2026, 1301,MAXBOD,6718,1755,Booking Create Error: Brak możliwości założenia rezerwacji winterfejsie.,Maxx Royal Bodrum,"3653,77"
11.03.2026,60213478,kate.muller303@icloud.com,13.06.2026,22.06.2026,1301,RIXSID,6617,1755,Booking Create Error: Brak możliwości założenia rezerwacji winterfejsie.,Rixos Side,1794.98
16.03.2026,24155900,robert.bakker488@proton.me,24.08.2026,27.08.2026,1045,CORMA1,2040,1467,  Booking Complete Error: Error Message : StopSale.  ,Coral Sea Marsa Alam Resort,1967.83
16.03.2026,29037185,chris.lang937@yahoo.com,23.03.2026,30.03.2026,1426,JUMRAS,7548,1054,Contractor calculation error.,Jumeirah Ras Al Khaimah,1287.77
20.03.2026,92624794,kate.johnson40@outlook.com,29.04.2026,13.05.2026,1301,CRYANT,7868,1225,There is already such a booking for this agent.,Crystal Hotels Antalya,4083.64
03.03.2026,37743616,david.wilson414@icloud.com,03.05.2026,08.05.2026,1426,ROTAB1,7211,1225,There is already such a booking for this agent.,Rotana Abu Dhabi Resort,2055.29
28.03.2026,34918714,james.roth174@gmail.com,07.04.2026,10.04.2026,1045,RIXSHA,3621,1467,Booking Complete Error: Error Message : StopSale.,Rixos Sharm El Sheikh,1504.13
06.03.2026,29786357,daniel.smith826@icloud.com,02.08.2026,05.08.2026,2247,BAGRIM,4571,5704,Improper reservation price.,Baglioni Hotels Rimini,3858.43
16.03.2026,95203223,robert.johnson999@outlook.com,11.05.2026,25.05.2026,1178,HCOSX1,5092,1755,BOOKING CREATE ERROR: BRAK MOŻLIWOŚCI ZAŁOŻENIA REZERWACJI WINTERFEJSIE.,H10 Hotels Costa Brava,3880.23
12.03.2026,23187101,maria.bakker869@hotmail.com,23.05.2026,28.05.2026,1714,SUNDUB,5246,1155,NOT ENOUGH ALLOTMENT,,"3497,45"
11.03.2026,65376984,emma.lang38@hotmail.com,01.04.2026,10.04.2026,1178,RIUBEN,8177,8056,Wrong room configuration,RIU Benidorm,3654.01
18.03.2026,44398138,emma.fischer191@yahoo.com,09.06.2026,23.06.2026,1045,SUNMAK,6155,1467,Booking Complete Error: Error Message : StopSale.,Sunrise Makadi Bay,1653.80 PLN
06.03.2026,13239162,daniel.roth165@proton.me,05.04.2026,19.04.2026,1426,ROTDUB,4652,5704,Improper reservation price.,Rotana Dubai,2939.84 PLN
23.03.2026,78851029,olga.meyer513@hotmail.com,30.05.2026,06.06.2026,1301,CRYMAR,4492,1054,Contractor calculation error.,Crystal Hotels Marmaris,2524.05
27.03.2026,97863486,george.moretti299@yahoo.com,10.07.2026,19.07.2026,1045,CORELX,7916,5704,Improper reservation price.,Coral Sea El Gouna,896.59
30.03.2026,74336097,alice.novak260@icloud.com,17.07.2026,22.07.2026,4182,ANAAYI,2166,1755,Booking Create Error: Brak możliwości założenia rezerwacji winterfejsie.,Anassa Ayia Napa,663.38
18.03.2026,81845535,emma.costa677@hotmail.com,08.07.2026,15.07.2026,1178,BARCOS,8744,1155,Not enough allotment,Barceló Costa del Sol,2640.92 PLN
18.03.2026,76122158,james.moretti182@gmail.com,31.05.2026,09.06.2026,1714,FALDUB,8784,5704,Improper reservation price.,Falkensteiner Dubrovnik,"3791,50"
15.03.2026,45025422,paul.kozlov187@icloud.com,20.04.2026,04.05.2026,2247,blusar,7043,1778,Booking Complete Error: Zablokowano allotment online.,Bluserena Sardinia,1798.23
16.03.2026,94125851,olga.andersen962@icloud.com,25.05.2026,08.06.2026,1301,MAXBEL,5533,5704,Improper reservation price.,Maxx Royal Belek,998.71
05.03.2026,94809528,julia.smith147@proton.me,11.06.2026,20.06.2026,1426,ADDFU1,5173,1054,Contractor calculation error.,Address Hotels Fujairah Resort,439.67
22.03.2026,67860520,laura.kozlov485@hotmail.com,27.05.2026,03.06.2026,1178,nhcos1,2604,1155,  Not enough allotment  ,NH Collection Costa Brava,"3001,74"
20.03.2026,67381214,nina.schmidt974@outlook.com,09.07.2026,23.07.2026,2653,PINAL1,2869,1732,Booking Payer Error: Brak wymaganego parametru,Pine Cliffs Albufeira Resort,"1864,98"
26.03.2026,68421330,sophie.muller938@proton.me,12.05.2026,15.05.2026,2653,TIVVI1,6912,1155,Not enough allotment,Tivoli Vilamoura Resort,1433.70
01.03.2026,49872333,james.meyer642@outlook.com,14.06.2026,28.06.2026,1178,melibi,7596,1467,BOOKING COMPLETE ERROR: ERROR MESSAGE : STOPSALE.,Meliá Ibiza,-1544.43
16.03.2026,23660839,robert.meyer655@hotmail.com,08.07.2026,22.07.2026,1426,HILRAS,8119,1732,Booking Payer Error: Brak wymaganego parametru,Hilton Ras Al Khaimah,3856.91
04.03.2026,28429726,anna.keller971@icloud.com,15.05.2026,18.05.2026,4182,ATLPRO,5771,1155,Not enough allotment,Atlantica Protaras,3716.67
15.03.2026,27321780,daniel.kravets818@outlook.com,16.07.2026,21.07.2026,4182,AMALIM,3441,1155,  Not enough allotment  ,Amara Limassol,1448.24
26.03.2026,65534969,irene.johnson180@yahoo.com,15.04.2026,20.04.2026, 1045,PICMAR,2169,1155,Not enough allotment,Pickalbatros Marsa Alam,1928.69
25.03.2026,57946297,john.weber149@gmail.com,18.04.2026,27.04.2026,1301,DELBOD,2891,1054,Contractor calculation error.,Delphin Bodrum,
07.03.2026,47890884,emma.rossi361@gmail.com,17.08.2026,26.08.2026,1178,BAHFUE,8260,1155,Not enough allotment,Bahia Principe Fuerteventura,3135.90
28.03.2026,97901087,julia.wagner427@icloud.com,25.06.2026,02.07.2026,1178,OCCFUE,5073,1155,Not enough allotment,Occidental Fuerteventura,"2410,78"
06.03.2026,90622846,james.wilson879@yahoo.com,19.06.2026,28.06.2026,1045,STEELX,3803,1225,There is already such a booking for this agent.,Steigenberger El Gouna,3447.01
04.03.2026,84881217,anna.fischer783@icloud.com,13.07.2026,16.07.2026,4182,LOUAYI,5335,1467,Booking Complete Error: Error Message : StopSale.,Louis Hotels Ayia Napa,2118.26
28.03.2026,74843897,zofia.weber583@icloud.com,25.04.2026,02.05.2026,2247,ROCRI1,8532,1732,Booking Payer Error: Brak wymaganego parametru,Rocco Forte Rimini Resort,"1409,50"
07.03.2026,94509825,nina.larsen410@icloud.com,18.07.2026,23.07.2026,1045,JAZMAK,1771,1155,Not enough allotment,Jaz Makadi Bay,1475.67
27.03.2026,64450900,daniel.lang110@proton.me,19.08.2026,02.09.2026,1045,SUNMA1,9179,5704,Improper reservation price.,Sunrise Marsa Alam,1058.13
20.03.2026,56540324,george.wagner669@icloud.com,05.08.2026,14.08.2026,1178,RIUBEN,8177,5704,Improper reservation price.,RIU Benidorm,3216.96
17.03.2026,56982946,george.bakker895@yahoo.com,03.05.2026,10.05.2026,1045,STEMAR,3287,1467,Booking Complete Error: Error Message : StopSale.,Steigenberger Marsa Alam,2151.65
04.03.2026,25108848,chris.larsen978@icloud.com,23.05.2026,30.05.2026,2653,PESVI1,5786,1732,Booking Payer Error: Brak wymaganego parametru,Pestana Vilamoura Resort,1085.71
19.03.2026,51495842,emma.kowalski980@proton.me,06.04.2026,15.04.2026,1045,STETAB,4432,1155,Not enough allotment,Steigenberger Taba,1298.60
12.03.2026,63359331,sophie.fischer896@hotmail.com,04.06.2026,11.06.2026,1426,ROTAB1,7211,5704,Improper reservation price.,Rotana Abu Dhabi Resort,834.39
01.03.2026,44506369,john.novak895@gmail.com,27.04.2026,04.05.2026,1045,SUNEL1,8019,1732,Booking Payer Error: Brak wymaganego parametru,Sunrise El Gouna,1891.52
31.03.2026,45153165,anna.berg356@icloud.com,21.08.2026,30.08.2026,1301,VOYMAR,2753,8056,Wrong room configuration,Voyage Marmaris,3541.96
27.03.2026,65428338,claire.petrov616@proton.me,18.04.2026,27.04.2026,1045,RIXSHA,3621,1155,Not enough allotment,Rixos Sharm El Sheikh,2602.86
13.03.2026,78673518,george.andersen836@outlook.com,04.04.2026,07.04.2026,2653,DOMVI1,3073,1155,Not enough allotment,Dom Pedro Vilamoura Resort,1932.72
19.03.2026,97470361,chris.berg795@yahoo.com,11.07.2026,25.07.2026,1045,STEELX,3803,1155,Not enough allotment,Steigenberger El Gouna,3229.78
04.03.2026,53253408,nina.roth496@gmail.com,04.07.2026,07.07.2026,1301,TITANT,8508,1155,Not enough allotment,Titanic Antalya,1998.48
25.03.2026,41229060,paul.roth356@icloud.com,02.04.2026,11.04.2026,1045,PICHUR,2084,1755,Booking Create Error: Brak możliwości założenia rezerwacji winterfejsie.,Pickalbatros Hurghada,1501.12
31.03.2026,33475529,john.bianchi53@proton.me,11.06.2026,14.06.2026,1178,RIUFUE,7669,5704,Improper reservation price.,RIU Fuerteventura,599.07
15.03.2026,92954945,kate.fischer8@gmail.com,15.07.2026,24.07.2026,1714,AMASPL,9702,1467,Booking Complete Error: Error Message : StopSale.,Amadria Park Split,
25.03.2026,15063406,james.wilson776@hotmail.com,22.06.2026,25.06.2026,1301,TITMAR,5669,8056,Wrong room configuration,Titanic Marmaris,2358.44
24.03.2026,91527632,simon.bakker702@proton.me,26.05.2026,29.05.2026,2653,DOMFUN,5530,1225,There is already such a booking for this agent.,Dom Pedro Funchal (Madeira),"1403,55"
07.03.2026,55598060,michael.bakker630@gmail.com,05.06.2026,14.06.2026, 1426, HILRAS ,8119,1467,Booking Complete Error: Error Message : StopSale.,Hilton Ras Al Khaimah,"3445,15"
11.03.2026,75294487,robert.schmidt512@icloud.com,04.08.2026,13.08.2026,1045, STESHA ,3504,1778,Booking Complete Error: Zablokowano allotment online.,Steigenberger Sharm El Sheikh,2598.44
07.03.2026,89711823,nina.lang614@yahoo.com,05.05.2026,12.05.2026,1426,AJMFUJ,4728,1778,Booking Complete Error: Zablokowano allotment online.,Ajman Saray Fujairah,857.47
29.03.2026,39495553,james.larsen82@outlook.com,10.05.2026,24.05.2026,1714,amapo1,3267,5704,IMPROPER RESERVATION PRICE.,Amadria Park Porec Resort,3301.17
07.03.2026,47808938,elena.kowalski682@hotmail.com,31.05.2026,05.06.2026,1426,AJMAB1,5920,1225,There is already such a booking for this agent.,Ajman Saray Abu Dhabi Resort,646.31
13.03.2026,48493069,michael.johnson489@yahoo.com,27.03.2026,30.03.2026,2247,BLUVEN,2669,1155,Not enough allotment,Bluserena Venice,4140.61
02.03.2026,44712014,nina.larsen993@gmail.com,01.06.2026,04.06.2026,1045,CORHUR,8428,1467,Booking Complete Error: Error Message : StopSale.,Coral Sea Hurghada,"2190,80"
12.03.2026,82953400,claire.moretti102@proton.me,30.05.2026,04.06.2026,1045,JAZMAR,9085,1467,Booking Complete Error: Error Message : StopSale.,Jaz Marsa Alam,1759.52
06.03.2026,25494104,james.garcia203@outlook.com,25.04.2026,28.04.2026,2653,VILCAS,4986,1732,Booking Payer Error: Brak wymaganego parametru,Vila Vita Parc Cascais,3562.98
18.03.2026,75063283,alice.nowak731@icloud.com,31.08.2026,09.09.2026,2653,TIVALB,6023,1155,Not enough allotment,Tivoli Albufeira,2072.36 PLN
28.03.2026,71401461,zofia.roth310@icloud.com,16.06.2026,30.06.2026,2247,BLUROM,1333,1732,Booking Payer Error: Brak wymaganego parametru,Bluserena Rome,"1684,80"
28.03.2026,83735740,david.garcia454@proton.me,06.05.2026,09.05.2026,1426,ajmabu,2137,1732,Booking Payer Error: Brak wymaganego parametru,Ajman Saray Abu Dhabi,3682.67
22.03.2026,86260745,claire.kowalski225@icloud.com,16.05.2026,30.05.2026,1045,DANMAR,3266,1732,Booking Payer Error: Brak wymaganego parametru,Dana Beach Marsa Alam,1257.83
25.03.2026,93641697,andrew.muller178@icloud.com,04.09.2026,11.09.2026,1714,SUNMA4,4919,1467,Booking Complete Error: Error Message : StopSale.,Sun Gardens Makarska Resort,"1648,45"
08.03.2026,24336334,peter.bianchi261@hotmail.com,24.05.2026,29.05.2026,1714,AMASP1,9890,1155,Not enough allotment,Amadria Park Split Resort,941.86
25.03.2026,27669523,anna.wagner558@outlook.com,22.06.2026,27.06.2026,1045,STESHA,3504,1467,Booking Complete Error: Error Message : StopSale.,Steigenberger Sharm El Sheikh,577.16 PLN
25.03.2026,41211039,emma.wagner853@outlook.com,17.07.2026,24.07.2026,2653,VILPOR,7625,1755,Booking Create Error: Brak możliwości założenia rezerwacji winterfejsie.,,3506.24
28.03.2026,64786956,michael.moretti445@yahoo.com,14.05.2026,23.05.2026,1045,STEMAK,5304,1732,Booking Payer Error: Brak wymaganego parametru,Steigenberger Makadi Bay,"2621,89"
21.03.2026,78089422,irene.garcia933@outlook.com,27.05.2026,30.05.2026,1714, BLUMA1 ,5499,1467,Booking Complete Error: Error Message : StopSale.,Bluesun Makarska Resort,666.37 PLN
05.03.2026,86994349,chris.moretti390@icloud.com,07.06.2026,10.06.2026,1178,OCCTEN,7118,1467,Booking Complete Error: Error Message : StopSale.,Occidental Tenerife,325.89
18.03.2026,81981701,olga.meyer20@hotmail.com,16.03.2026,23.03.2026,1426,MARFU1,3041,1155,Not enough allotment,Marriott Fujairah Resort,2673.50 PLN
03.03.2026,42970199,paul.fischer682@yahoo.com,11.07.2026,25.07.2026,1178,baribi,4750,1054,Contractor calculation error.,Barceló Ibiza,1084.53
20.03.2026,61850636,olga.wagner943@icloud.com,29.04.2026,02.05.2026,2247,BAGAM1,5425,1467,Booking Complete Error: Error Message : StopSale.,Baglioni Hotels Amalfi Coast Resort,1671.05
15.03.2026,94512148,irene.andersen371@icloud.com,02.07.2026,07.07.2026,1178,OCCCOS,4770,1155,Not enough allotment,Occidental Costa del Sol,"3739,20"
10.03.2026,57605885,laura.garcia306@gmail.com,26.06.2026,05.07.2026,1045,JAZMAK,1771,5704,Improper reservation price.,,568.04
19.03.2026,99635309,james.bianchi277@yahoo.com,30.05.2026,13.06.2026,1045,HILSHA,1916,1732,Booking Payer Error: Brak wymaganego parametru,Hilton Sharm El Sheikh,1845.86
05.03.2026,68443141,peter.schmidt302@yahoo.com,11.05.2026,18.05.2026,2653,PESVI1,5786,1732,Booking Payer Error: Brak wymaganego parametru,Pestana Vilamoura Resort,
08.03.2026,17325877,peter.johnson340@hotmail.com,08.05.2026,22.05.2026,1045,HILHUR,5422,5704,Improper reservation price.,Hilton Hurghada,1120.00
30.03.2026,36949332,kate.moretti112@gmail.com,25.05.2026,03.06.2026,2653,PINAL1,2869,1755,Booking Create Error: Brak możliwości założenia rezerwacji winterfejsie.,Pine Cliffs Albufeira Resort,752.10
01.03.2026,33202743,emma.novak900@proton.me,18.05.2026,23.05.2026,1178,BARBEN,4608,1467,Booking Complete Error: Error Message : StopSale.,,3044.88
15.03.2026,67279821,andrew.keller189@gmail.com,05.07.2026,19.07.2026,1045,HILHUR,5422,1155,Not enough allotment,Hilton Hurghada,
29.03.2026,10889695,marta.larsen278@outlook.com,08.04.2026,11.04.2026,1426,AJMABU,2137,1467,Booking Complete Error: Error Message : StopSale.,Ajman Saray Abu Dhabi,2637.90
07.03.2026,25190188,anna.moretti929@proton.me,17.04.2026,24.04.2026,1178,OCCCOS,4770,1755,Booking Create Error: Brak możliwości założenia rezerwacji winterfejsie.,Occidental Costa del Sol,2989.05
16.03.2026,70253048,george.moretti446@icloud.com,06.04.2026,09.04.2026,1045,SUNHU1,4483,1732,Booking Payer Error: Brak wymaganego parametru,Sunwing Hurghada,748.13
01.03.2026,38933153,simon.garcia46@outlook.com,30.03.2026,06.04.2026,1426, MARSHA ,1626,1467,Booking Complete Error: Error Message : StopSale.,Marriott Sharjah,1500.29
16.03.2026,59961172,john.wagner850@outlook.com,14.04.2026,23.04.2026,1714,FALZAD,3881,1755,Booking Create Error: Brak możliwości założenia rezerwacji winterfejsie.,Falkensteiner Zadar,2960.83
26.03.2026,20939544,michael.larsen507@proton.me,26.05.2026,29.05.2026,1178,IBEPAL,2104,1054,Contractor calculation error.,Iberostar Palma de Mallorca,"1863,59"
11.03.2026,69333754,emma.kozlov634@proton.me,01.07.2026,04.07.2026,1301,CRYBOD,4450,1155,  Not enough allotment  ,Crystal Hotels Bodrum,2791.70
27.03.2026,45434750,robert.moretti259@hotmail.com,15.05.2026,18.05.2026,1301,LIMKE1,8007,1732,Booking Payer Error: Brak wymaganego parametru,Limak Kemer Resort,2404.74
06.03.2026,49789085,olga.andersen444@hotmail.com,12.06.2026,19.06.2026,1301,barbod,1152,1054,Contractor calculation error.,Barut Hotels Bodrum,565.62
02.03.2026,40153085,alice.dubois892@hotmail.com,16.05.2026,25.05.2026,1045,SUNMA2,2796,5704,Improper reservation price.,Sunwing Makadi Bay,360.56
13.03.2026,63067163,elena.kravets739@proton.me,18.08.2026,23.08.2026,1301,VOYBOD,2512,1155,Not enough allotment,Voyage Bodrum,1416.76
14.03.2026,72827018,mark.kozlov45@outlook.com,24.04.2026,03.05.2026,2653,PESALB,8434,1732,BOOKING PAYER ERROR: BRAK WYMAGANEGO PARAMETRU,Pestana Albufeira,2033.85
16.03.2026,59061599,alice.novak324@icloud.com,22.06.2026,27.06.2026,1045,JAZMAK,1771,1225,There is already such a booking for this agent.,Jaz Makadi Bay,3474.39
15.03.2026,61028283,maria.larsen971@proton.me,31.05.2026,14.06.2026,1045,BARHUR,1525,5704,  Improper reservation price.  ,Baron Resort Hurghada,833.71
18.03.2026,71656163,martin.keller685@hotmail.com,12.06.2026,19.06.2026,2247,MANVEN,2245,1732,Booking Payer Error: Brak wymaganego parametru,Mangia's Resorts Venice,499.55
01.03.2026,34220993,irene.wagner597@icloud.com,03.09.2026,06.09.2026, 1714,BLUMA1,5499,5704,  Improper reservation price.  ,Bluesun Makarska Resort,3778.42
24.03.2026,50248639,david.larsen779@outlook.com,14.07.2026,19.07.2026,1714,FALPO1,5681,1467,Booking Complete Error: Error Message : StopSale.,Falkensteiner Porec Resort,2016.53
19.03.2026,35039011,alice.johnson282@gmail.com,17.05.2026,24.05.2026,1045,STEMAK,5304,1467,BOOKING COMPLETE ERROR: ERROR MESSAGE : STOPSALE.,Steigenberger Makadi Bay,1196.90
10.03.2026,67879290,julia.meyer183@hotmail.com,12.06.2026,19.06.2026,1178,RIUCO1,1828,1732,Booking Payer Error: Brak wymaganego parametru,RIU Costa del Sol,2222.87
09.03.2026,36949332,daniel.rossi86@proton.me,25.05.2026,03.06.2026,2653,PINAL1,2869,5704,Improper reservation price.,Pine Cliffs Albufeira Resort,
23.03.2026,75836262,sophie.smith318@yahoo.com,19.04.2026,03.05.2026,1301,MAXBEL,5533,1054,Contractor calculation error.,Maxx Royal Belek,3976.25
27.03.2026,51333822,mark.dubois162@gmail.com,11.05.2026,20.05.2026,1714,AMASP1,9890,,Booking Complete Error: Error Message : StopSale.,Amadria Park Split Resort,"2662,45"
01.03.2026,19729173,marta.lang791@outlook.com,01.04.2026,10.04.2026,1426,AJMABU,2137,1155,Not enough allotment,Ajman Saray Abu Dhabi,
13.03.2026,21840119,andrew.weber397@proton.me,26.05.2026,02.06.2026,1714,SUNMA4,4919,1155,Not enough allotment,Sun Gardens Makarska Resort,2411.37
09.03.2026,12650315,claire.lang543@icloud.com,03.06.2026,12.06.2026,1178,BARCO1,6559,1155,Not enough allotment,Barceló Costa Brava,"1805,50"
30.03.2026,30036175,zofia.kozlov215@icloud.com,25.07.2026,08.08.2026,1714,FALDUB,8784,1155,Not enough allotment,Falkensteiner Dubrovnik,3668.59
24.03.2026,71740969,laura.bakker480@gmail.com,25.06.2026,09.07.2026,1426,ADDSHA,6139,1732,Booking Payer Error: Brak wymaganego parametru,Address Hotels Sharjah,"1814,15"
31.03.2026,32708438,simon.muller54@yahoo.com,01.05.2026,10.05.2026,1178,IBETEN,8397,1467,Booking Complete Error: Error Message : StopSale.,Iberostar Tenerife,482.71
03.03.2026,22956718,david.muller754@hotmail.com,12.08.2026,26.08.2026, 4182,CONLIM,5720,1755,BOOKING CREATE ERROR: BRAK MOŻLIWOŚCI ZAŁOŻENIA REZERWACJI WINTERFEJSIE.,Constantinou Bros Limassol,2824.17
09.03.2026,88871038,irene.larsen4@hotmail.com,26.05.2026,29.05.2026,2653,PINLI1,1200,1467,Booking Complete Error: Error Message : StopSale.,Pine Cliffs Lisbon Resort,2814.94
01.03.2026,88447306,maria.novak674@icloud.com,31.05.2026,07.06.2026,1178,IBEIBI,1964,1225,There is already such a booking for this agent.,Iberostar Ibiza,3522.13
14.03.2026,99418882,chris.muller24@yahoo.com,24.07.2026,27.07.2026,1178,IBECO1,2235,5704,  Improper reservation price.  ,Iberostar Costa del Sol,"3857,70"
17.03.2026,50470861,daniel.kozlov737@proton.me,16.07.2026,21.07.2026,1178,RIUPAL,8350,1155,Not enough allotment,RIU Palma de Mallorca,582.91
20.03.2026,16080513,claire.moretti532@icloud.com,27.06.2026,30.06.2026,1045,CORTAB,7572,1778,Booking Complete Error: Zablokowano allotment online.,Coral Sea Taba,
01.03.2026,69132249,peter.bianchi248@hotmail.com,13.06.2026,16.06.2026,2653,PINALB,4155,1155,Not enough allotment,Pine Cliffs Albufeira,881.64
30.03.2026,26687988,robert.fischer552@icloud.com,01.06.2026,10.06.2026,2247,BAGSAR,6590,1467,Booking Complete Error: Error Message : StopSale.,Baglioni Hotels Sardinia,508.25
11.03.2026,41624005,nina.costa758@hotmail.com,20.07.2026,23.07.2026,1301,barbel,5325,1054,Contractor calculation error.,Barut Hotels Belek,2199.54
11.03.2026,96594655,laura.bakker710@yahoo.com,01.06.2026,06.06.2026,1426,JUMRAS,7548,1467,Booking Complete Error: Error Message : StopSale.,Jumeirah Ras Al Khaimah,1486.10
01.03.2026,37931703,emma.andersen415@icloud.com,10.07.2026,19.07.2026,2653,VILLIS,6169,1155,  Not enough allotment  ,Vila Vita Parc Lisbon,2141.51
24.03.2026,88294709,peter.lang863@icloud.com,29.08.2026,01.09.2026,1045,BARMA1,7304,1155,Not enough allotment,Baron Resort Makadi Bay Resort,1322.81
05.03.2026,44286083,maria.kozlov752@outlook.com,13.05.2026,27.05.2026,1045,RIXMAR,9348,1467,Booking Complete Error: Error Message : StopSale.,Rixos Marsa Alam,1258.31
05.03.2026,57906991,peter.johnson936@yahoo.com,21.05.2026,26.05.2026,1714,SUNROV,3184,1755,Booking Create Error: Brak możliwości założenia rezerwacji winterfejsie.,Sun Gardens Rovinj,1490.16 PLN
14.03.2026,37308590,claire.meyer800@hotmail.com,05.07.2026,08.07.2026,1045,hiltab,5040,1155,Not enough allotment,Hilton Taba,3717.27
19.03.2026,90879572,claire.roth283@proton.me,11.07.2026,20.07.2026,1426,HILABU,8541,1155,Not enough allotment,Hilton Abu Dhabi,3806.70
18.03.2026,65396292,thomas.garcia942@hotmail.com,24.06.2026,03.07.2026,1301,LIMANT,2697,1755,Booking Create Error: Brak możliwości założenia rezerwacji winterfejsie.,Limak Antalya,"1602,87"
16.03.2026,50098215,mark.weber622@gmail.com,20.05.2026,25.05.2026,1178,IBECO1,2235,1732,Booking Payer Error: Brak wymaganego parametru,Iberostar Costa del Sol,"290,05"
04.03.2026,54187782,anna.smith492@icloud.com,29.04.2026,04.05.2026,1301,LIMKEM,4346,1778,  Booking Complete Error: Zablokowano allotment online.  ,Limak Kemer,1477.68
20.03.2026,38410963,peter.bakker892@hotmail.com,29.04.2026,02.05.2026,1178,RIUIBI,2790,1467,Booking Complete Error: Error Message : StopSale.,RIU Ibiza,3438.06
10.03.2026,29678030,zofia.keller598@hotmail.com,18.06.2026,21.06.2026,1045,SUNMAK,6155,1778,Booking Complete Error: Zablokowano allotment online.,Sunrise Makadi Bay,2995.29
13.03.2026,84016756,nina.weber330@gmail.com,03.06.2026,12.06.2026,1301,LIMBOD,2127,1155,Not enough allotment,Limak Bodrum,858.82
29.03.2026,44911314,emma.nowak756@hotmail.com,28.07.2026,04.08.2026,4182,OLYLAR,4457,1225,  There is already such a booking for this agent.  ,Olympic Lagoon Larnaca,490.42
03.03.2026,27924882,peter.schmidt210@outlook.com,14.05.2026,28.05.2026,1178,NHBENX,2588,1155,Not enough allotment,NH Collection Benidorm,2440.22
25.03.2026,77911681,james.costa194@hotmail.com,10.04.2026,24.04.2026,2247,MANVEN,2245,1155,Not enough allotment,Mangia's Resorts Venice,"2166,17"
25.03.2026,26153687,chris.weber838@yahoo.com,26.08.2026,09.09.2026,2653,VILPOR,7625,1467,Booking Complete Error: Error Message : StopSale.,Vila Vita Parc Porto,412.10
15.03.2026,13968838,daniel.meyer839@yahoo.com,17.07.2026,24.07.2026,1045,BARSHA,7227,1155,Not enough allotment,Baron Resort Sharm El Sheikh,2521.79
24.03.2026,19099882,elena.meyer238@gmail.com,12.05.2026,26.05.2026,1426,MARABU,2889,1155,Not enough allotment,Marriott Abu Dhabi,1341.09
02.03.2026,62669959,david.keller257@icloud.com,29.03.2026,05.04.2026,1045,BARMAR,5741,1225,There is already such a booking for this agent.,Baron Resort Marsa Alam,531.97
11.03.2026,95110541,alice.larsen677@icloud.com,03.06.2026,06.06.2026,1426,JUMSH1,1727,1467,Booking Complete Error: Error Message : StopSale.,Jumeirah Sharjah Resort,1329.64
21.03.2026,34452059,peter.bakker860@icloud.com,27.05.2026,05.06.2026,1301,MAXBOD,6718,1225,There is already such a booking for this agent.,Maxx Royal Bodrum,2368.89
21.03.2026,91835402,mark.wilson643@proton.me,02.09.2026,05.09.2026,1426,JUMSH1,1727,1467,Booking Complete Error: Error Message : StopSale.,,
06.03.2026,15756641,emma.kowalski585@proton.me,05.05.2026,14.05.2026,1301,DELKEM,5915,5704,Improper reservation price.,Delphin Kemer,1003.09
22.03.2026,78123460,simon.meyer700@icloud.com,16.04.2026,25.04.2026,2653,DOMLIS,5118,1467,Booking Complete Error: Error Message : StopSale.,Dom Pedro Lisbon,2681.77
14.03.2026,59966944,chris.johnson331@proton.me,16.07.2026,23.07.2026,1045,SUNTAB,2654,1467,Booking Complete Error: Error Message : StopSale.,Sunrise Taba,2476.89
24.03.2026,37192391,peter.kravets696@hotmail.com,09.06.2026,16.06.2026,1178,MELCOS,1344,1155,Not enough allotment,Meliá Costa del Sol,
11.03.2026,70040074,alice.larsen353@outlook.com,29.07.2026,03.08.2026,1178,BAHIBI,3167,1054,Contractor calculation error.,Bahia Principe Ibiza,3781.25
28.03.2026,34900364,chris.meyer662@proton.me,13.06.2026,18.06.2026,1045,BARMAR,5741,1225,THERE IS ALREADY SUCH A BOOKING FOR THIS AGENT.,Baron Resort Marsa Alam,1393.97
07.03.2026,41138547,martin.schmidt675@yahoo.com,30.05.2026,06.06.2026,1178, HCOSXX ,7939,1467,  Booking Complete Error: Error Message : StopSale.  ,H10 Hotels Costa del Sol,2467.57
10.03.2026,86544529,emma.costa270@outlook.com,26.04.2026,05.05.2026,1045,STEMAR,3287,1755,Booking Create Error: Brak możliwości założenia rezerwacji winterfejsie.,Steigenberger Marsa Alam,2590.85
30.03.2026,98212034,andrew.smith888@outlook.com,09.05.2026,12.05.2026,1426,AJMABU,2137,1755,Booking Create Error: Brak możliwości założenia rezerwacji winterfejsie.,Ajman Saray Abu Dhabi,1904.60 PLN
13.03.2026,13965137,paul.bakker478@outlook.com,20.05.2026,29.05.2026,1045,SUNSHA,6977,1155,NOT ENOUGH ALLOTMENT,Sunrise Sharm El Sheikh,618.80
16.03.2026,58015656,laura.petrov149@outlook.com,07.06.2026,12.06.2026,1045, CORHUR ,8428,8056,Wrong room configuration,Coral Sea Hurghada,1219.01
09.03.2026,75631212,kate.lang680@hotmail.com,24.05.2026,07.06.2026,1426,ADDABU,6753,1225,There is already such a booking for this agent.,Address Hotels Abu Dhabi,"1076,49"
06.03.2026,85920319,olga.keller376@hotmail.com,30.04.2026,09.05.2026,1178,MELTEN,2545,1467,Booking Complete Error: Error Message : StopSale.,Meliá Tenerife,3182.95 PLN
16.03.2026,39329906,elena.lang2@yahoo.com,01.07.2026,10.07.2026,2653,VIDFU1,1893,5704,Improper reservation price.,Vidamar Resorts Funchal (Madeira) Resort,2774.75
01.03.2026,30976064,mark.costa14@gmail.com,07.06.2026,21.06.2026,1714,SUNZAD,9270,1054,Contractor calculation error.,Sun Gardens Zadar,3244.66
13.03.2026,52046364,simon.kowalski13@icloud.com,21.06.2026,26.06.2026,1301,RIXMA1,6180,1155,  Not enough allotment  ,Rixos Marmaris,2413.07
06.03.2026,25793207,chris.fischer301@yahoo.com,11.04.2026,25.04.2026,1301,BARBEL,5325,5704,Improper reservation price.,Barut Hotels Belek,3007.96
22.03.2026,77408068,john.kozlov246@gmail.com,13.06.2026,22.06.2026,1426,MARRAS,4164,1155,Not enough allotment,Marriott Ras Al Khaimah,1382.94 PLN
17.03.2026,45606090,julia.kozlov509@outlook.com,26.06.2026,01.07.2026,1045, CORMAK ,7216,5704,Improper reservation price.,Coral Sea Makadi Bay,2106.96
26.03.2026,69475914,kate.dubois96@proton.me,21.05.2026,30.05.2026,1178,MELGRA,4681,1155,Not enough allotment,Meliá Gran Canaria,"1051,91"
13.03.2026,35709072,martin.berg5@proton.me,11.05.2026,16.05.2026,2247,MANSA1,1207,1732,Booking Payer Error: Brak wymaganego parametru,Mangia's Resorts Sardinia Resort,4058.84
10.03.2026,10104135,nina.costa457@icloud.com,29.04.2026,02.05.2026, 1426,AJMABU,2137,5704,Improper reservation price.,Ajman Saray Abu Dhabi,2059.90
01.03.2026,17438597,kate.schmidt108@yahoo.com,08.06.2026,22.06.2026,1178,OCCPAL,4006,1155,Not enough allotment,Occidental Palma de Mallorca,1322.65
01.03.2026,52991650,julia.roth551@hotmail.com,15.04.2026,20.04.2026,1301,LIMMAR,5956,1467,Booking Complete Error: Error Message : StopSale.,Limak Marmaris,2279.88
15.03.2026,43083240,martin.kravets933@icloud.com,31.03.2026,07.04.2026,1045,JAZELX,4733,5704,Improper reservation price.,Jaz El Gouna,2883.55
07.03.2026,41213772,laura.lang771@outlook.com,12.06.2026,26.06.2026,1045,SUNTAB,2654,1755,Booking Create Error: Brak możliwości założenia rezerwacji winterfejsie.,Sunrise Taba,2238.68
14.03.2026,73926166,thomas.keller267@icloud.com,10.07.2026,13.07.2026, 1178,HBENXX,8579,1467,Booking Complete Error: Error Message : StopSale.,H10 Hotels Benidorm,2786.66
12.03.2026,64070299,alice.weber937@proton.me,01.06.2026,10.06.2026,4182,ANAPRO,8381,1155,  Not enough allotment  ,Anassa Protaras,968.08
07.03.2026,56016278,mark.kozlov863@outlook.com,02.06.2026,05.06.2026,1426,addsha,6139,1467,Booking Complete Error: Error Message : StopSale.,Address Hotels Sharjah,4137.08
24.03.2026,52039919,kate.schmidt639@proton.me,26.04.2026,10.05.2026,1714,VALMA1,4841,1155,Not enough allotment,Valamar Makarska Resort,998.39
25.03.2026,28529036,john.muller819@proton.me,17.07.2026,22.07.2026,1426,JUMSHA,4644,1155,  Not enough allotment  ,Jumeirah Sharjah,3581.22 PLN
18.03.2026,66631756,emma.costa447@icloud.com,08.06.2026,15.06.2026,2653,VILLIS,6169,5704,IMPROPER RESERVATION PRICE.,Vila Vita Parc Lisbon,2456.57
14.03.2026,50942728,mark.nowak958@icloud.com,16.06.2026,25.06.2026,1178,RIUIBI,2790,1155,Not enough allotment,RIU Ibiza,1777.06 PLN
13.03.2026,34447345,daniel.costa784@hotmail.com,07.05.2026,10.05.2026,1301,TITKEM,5114,5704,Improper reservation price.,Titanic Kemer,2988.91
08.03.2026,21362751,mark.moretti708@outlook.com,06.07.2026,09.07.2026,1045,DANMAR,3266,1225,There is already such a booking for this agent.,Dana Beach Marsa Alam,466.04
20.03.2026,12895539,olga.larsen930@proton.me,28.06.2026,03.07.2026,1178,BARPAL,2049,1054,Contractor calculation error.,Barceló Palma de Mallorca,408.17
03.03.2026,55145632,james.novak386@outlook.com,31.07.2026,07.08.2026,1045,danhu1,7252,1155,Not enough allotment,Dana Beach Hurghada Resort,
16.03.2026,11211767,peter.rossi104@yahoo.com,01.07.2026,06.07.2026,1045,RIXHUR,4593,1467,Booking Complete Error: Error Message : StopSale.,Rixos Hurghada,
22.03.2026,65581553,marta.moretti486@outlook.com,08.06.2026,15.06.2026,1426,RADDUB,6378,1225,There is already such a booking for this agent.,Radisson Blu Dubai,
29.03.2026,29346175,marta.bianchi249@yahoo.com,27.04.2026,06.05.2026,2653,DOMPO1,8690,1755,Booking Create Error: Brak możliwości założenia rezerwacji winterfejsie.,Dom Pedro Porto Resort,3549.25 PLN
20.03.2026,96912383,zofia.costa27@proton.me,11.05.2026,25.05.2026,1426,HILSH1,6663,1732,Booking Payer Error: Brak wymaganego parametru,Hilton Sharjah,
17.03.2026,10943881,chris.wagner866@hotmail.com,05.08.2026,10.08.2026,1301,BARMA2,1128,1155,Not enough allotment,Barut Hotels Marmaris,"2963,09"
30.03.2026,25629156,daniel.rossi755@icloud.com,03.07.2026,08.07.2026,1301,LIMANT,2697,1225,There is already such a booking for this agent.,Limak Antalya,"3298,24"
05.03.2026,31818964,peter.keller578@proton.me,14.07.2026,21.07.2026,1045,RIXHUR,4593,1467,Booking Complete Error: Error Message : StopSale.,Rixos Hurghada,3116.25
18.03.2026,69138923,simon.johnson170@proton.me,30.07.2026,08.08.2026,1045,SUNEL1,8019,5704,Improper reservation price.,Sunrise El Gouna,2398.42
02.03.2026,99028524,julia.berg672@yahoo.com,02.07.2026,16.07.2026,2653,VIDFU1,1893,1467,Booking Complete Error: Error Message : StopSale.,Vidamar Resorts Funchal (Madeira) Resort,452.22
14.03.2026,73868261,michael.meyer886@proton.me,18.06.2026,27.06.2026,1714,AMASPL,9702,5704,Improper reservation price.,Amadria Park Split,3124.97
26.03.2026,20250766,alice.fischer741@proton.me,16.06.2026,21.06.2026,4182,ANAAYI,2166,1467,Booking Complete Error: Error Message : StopSale.,Anassa Ayia Napa,1208.91
03.03.2026,78090664,george.larsen307@icloud.com,25.06.2026,02.07.2026,4182,CONLI1,6280,1155,Not enough allotment,Constantinou Bros Limassol Resort,"3521,74"
01.03.2026,40445873,andrew.costa623@yahoo.com,12.06.2026,21.06.2026,1178,BAHBEN,6539,5704,Improper reservation price.,,3012.28
09.03.2026,41076043,daniel.roth997@icloud.com,28.07.2026,04.08.2026,1426,ADDSHA,6139,1755,Booking Create Error: Brak możliwości założenia rezerwacji winterfejsie.,Address Hotels Sharjah,4126.25
19.03.2026,44590202,anna.andersen746@yahoo.com,12.05.2026,26.05.2026,2653, PESPOR ,9698,1054,Contractor calculation error.,Pestana Porto,2569.13
19.03.2026,56104604,marta.roth157@icloud.com,03.07.2026,08.07.2026,1045,RIXELX,5010,1467,  Booking Complete Error: Error Message : StopSale.  ,Rixos El Gouna,"3811,47"
03.03.2026,82420995,sophie.dubois310@icloud.com,21.04.2026,24.04.2026,1426,JUMRA1,6344,5704,Improper reservation price.,Jumeirah Ras Al Khaimah Resort,"3474,99"
04.03.2026,97292994,mark.roth391@yahoo.com,14.07.2026,19.07.2026,1301,BARAN1,8239,1155,Not enough allotment,Barut Hotels Antalya Resort,
09.03.2026,35937389,claire.larsen427@icloud.com,06.06.2026,09.06.2026,1045,DANSHA,2307,1155,Not enough allotment,Dana Beach Sharm El Sheikh,3003.21
30.03.2026,71922800,anna.bakker872@outlook.com,30.05.2026,06.06.2026,1714,SUNMA4,4919,5704,Improper reservation price.,Sun Gardens Makarska Resort,1481.96
02.03.2026,28484479,simon.bianchi851@yahoo.com,24.06.2026,03.07.2026,1178,BAHBEN,6539,1054,Contractor calculation error.,Bahia Principe Benidorm,1716.44
15.03.2026,24321446,nina.lang530@icloud.com,11.05.2026,14.05.2026,1045,HILTAB,5040,1755,Booking Create Error: Brak możliwości założenia rezerwacji winterfejsie.,Hilton Taba,1694.96
20.03.2026,50216625,claire.johnson945@yahoo.com,30.07.2026,13.08.2026,1301,CRYBOD,4450,1732,  Booking Payer Error: Brak wymaganego parametru  ,Crystal Hotels Bodrum,1538.01
26.03.2026,96740906,thomas.keller328@yahoo.com,06.06.2026,20.06.2026,2653,VILVI1,6582,1755,Booking Create Error: Brak możliwości założenia rezerwacji winterfejsie.,Vila Vita Parc Vilamoura Resort,"1915,91"
01.03.2026,20305086,martin.petrov185@gmail.com,13.04.2026,16.04.2026,1045,STEMAR,3287,1467,Booking Complete Error: Error Message : StopSale.,Steigenberger Marsa Alam,1772.95
18.03.2026,40092731,emma.meyer55@yahoo.com,04.06.2026,09.06.2026,4182,OLYLIM,4824,1732,Booking Payer Error: Brak wymaganego parametru,Olympic Lagoon Limassol,593.64
13.03.2026,84935401,michael.novak29@proton.me,01.05.2026,15.05.2026,1426,ADDAB1,6067,1225,  There is already such a booking for this agent.  ,Address Hotels Abu Dhabi Resort,3985.93
09.03.2026,16666640,peter.andersen151@hotmail.com,18.04.2026,25.04.2026,1045,STESHA,3504,1732,Booking Payer Error: Brak wymaganego parametru,Steigenberger Sharm El Sheikh,2826.87
22.03.2026,11211767,robert.petrov749@icloud.com,01.07.2026,06.07.2026,1045,RIXHUR,4593,1054,Contractor calculation error.,Rixos Hurghada,"992,10"
07.03.2026,59621760,sophie.fischer379@icloud.com,06.08.2026,11.08.2026,1714,RADMA1,2052,1467,Booking Complete Error: Error Message : StopSale.,,2020.78
31.03.2026,37344860,mark.fischer167@hotmail.com,29.04.2026,04.05.2026,1178,IBEIBI,1964,5704,Improper reservation price.,Iberostar Ibiza,3534.98
31.03.2026,64635982,robert.johnson824@hotmail.com,06.04.2026,13.04.2026,2653,PESPO1,2680,5704,Improper reservation price.,Pestana Porto Resort,3567.35
07.03.2026,53362410,marta.kozlov255@gmail.com,07.06.2026,21.06.2026,1301,TITMAR,5669,1755,Booking Create Error: Brak możliwości założenia rezerwacji winterfejsie.,,1470.18
12.03.2026,77408068,john.dubois417@outlook.com,13.06.2026,22.06.2026,1426,marras,4164,1467,Booking Complete Error: Error Message : StopSale.,Marriott Ras Al Khaimah,1382.94
07.03.2026,61215153,alice.wilson990@hotmail.com,06.07.2026,09.07.2026,1714,VALRO1,5451,8056,Wrong room configuration,Valamar Rovinj Resort,1780.84
26.03.2026,37686666,thomas.novak281@yahoo.com,21.06.2026,26.06.2026,1045,STESHA,3504,1155,Not enough allotment,Steigenberger Sharm El Sheikh,592.61
31.03.2026,67790557,anna.muller537@yahoo.com,11.04.2026,25.04.2026,1178,NHPALX,9856,5704,Improper reservation price.,NH Collection Palma de Mallorca,"3434,36"
29.03.2026,14887223,alice.berg949@hotmail.com,08.06.2026,22.06.2026,1178,HBENXX,8579,1755,Booking Create Error: Brak możliwości założenia rezerwacji winterfejsie.,H10 Hotels Benidorm,942.38
28.03.2026,94238694,thomas.rossi371@icloud.com,01.06.2026,06.06.2026,2653,pinal1,2869,1155,Not enough allotment,Pine Cliffs Albufeira Resort,1265.43
27.03.2026,76120776,daniel.keller589@yahoo.com,19.06.2026,28.06.2026, 2653,VILALB,4937,1054,Contractor calculation error.,Vila Vita Parc Albufeira,413.72
15.03.2026,38944689,zofia.costa541@icloud.com,16.03.2026,23.03.2026,1426,AJMDU1,3085,1467,Booking Complete Error: Error Message : StopSale.,Ajman Saray Dubai Resort,3548.10 PLN
09.03.2026,74052253,michael.schmidt768@hotmail.com,20.07.2026,23.07.2026,4182,OLYAY1,8708,5704,Improper reservation price.,Olympic Lagoon Ayia Napa Resort,3159.85
30.03.2026,51570260,maria.rossi540@proton.me,23.05.2026,26.05.2026,1045,hilsha,1916,1155,Not enough allotment,Hilton Sharm El Sheikh,3621.75
30.03.2026,99271401,alice.roth953@proton.me,29.03.2026,05.04.2026, 1045,BARELX,8573,1467,Booking Complete Error: Error Message : StopSale.,Baron Resort El Gouna,1391.79
10.03.2026,95004924,michael.meyer434@icloud.com,31.07.2026,05.08.2026,1714,SUNZAD,9270,1155,Not enough allotment,Sun Gardens Zadar,1446.19
02.03.2026,45153165,marta.fischer808@outlook.com,21.08.2026,30.08.2026,1301,VOYMAR,2753,1755,Booking Create Error: Brak możliwości założenia rezerwacji winterfejsie.,Voyage Marmaris,3541.96
28.03.2026,41302719,laura.moretti71@yahoo.com,13.04.2026,20.04.2026,2653,PESLIS,2524,1778,Booking Complete Error: Zablokowano allotment online.,Pestana Lisbon,1284.85
14.03.2026,39990423,michael.kozlov896@outlook.com,22.06.2026,06.07.2026,1178,IBEGRA,9479,1225,There is already such a booking for this agent.,Iberostar Gran Canaria,"2487,97"
01.03.2026,75314742,elena.andersen614@gmail.com,23.04.2026,07.05.2026,1045,SUNMAR,6313,5704,Improper reservation price.,Sunwing Marsa Alam,2331.39
19.03.2026,80910084,elena.novak690@gmail.com,15.05.2026,20.05.2026,2653,TIVCAS,9595,1467,Booking Complete Error: Error Message : StopSale.,,"2808,58"
02.03.2026,36949332,zofia.wilson45@hotmail.com,25.05.2026,03.06.2026,2653,PINAL1,2869,1732,BOOKING PAYER ERROR: BRAK WYMAGANEGO PARAMETRU,Pine Cliffs Albufeira Resort,752.10 PLN
24.03.2026,71423841,mark.wilson975@hotmail.com,30.05.2026,02.06.2026,2247,VALAMA,2874,1467,Booking Complete Error: Error Message : StopSale.,,"831,86"
15.03.2026,44081688,emma.meyer896@icloud.com,09.07.2026,23.07.2026,1714,RADPO1,6238,1155,  Not enough allotment  ,Radisson Blu Porec Resort,3929.82
21.03.2026,77134583,george.wilson353@outlook.com,07.05.2026,16.05.2026,1714,sunzad,9270,1155,NOT ENOUGH ALLOTMENT,Sun Gardens Zadar,2601.75
18.03.2026,51496023,michael.bakker218@gmail.com,06.07.2026,15.07.2026,1045,CORMAK,7216,1755,Booking Create Error: Brak możliwości założenia rezerwacji winterfejsie.,Coral Sea Makadi Bay,1781.21
13.03.2026,66388658,chris.kravets597@outlook.com,29.06.2026,13.07.2026,1045,rixmak,1750,5704,Improper reservation price.,Rixos Makadi Bay,"756,80"
15.03.2026,49665931,marta.kowalski896@hotmail.com,31.03.2026,09.04.2026,1426,RADSH1,7888,1467,BOOKING COMPLETE ERROR: ERROR MESSAGE : STOPSALE.,Radisson Blu Sharjah Resort,"1733,33"
17.03.2026,63928057,irene.kozlov532@yahoo.com,24.03.2026,27.03.2026,1714,FALDU1,9540,1225,There is already such a booking for this agent.,Falkensteiner Dubrovnik Resort,1926.44
05.03.2026,96935346,claire.andersen885@icloud.com,21.06.2026,28.06.2026, 2653,VIDAL1,8827,5704,Improper reservation price.,Vidamar Resorts Albufeira Resort,1936.81
30.03.2026,21385328,michael.bianchi112@icloud.com,22.07.2026,25.07.2026,1045,CORHUR,8428,1467,  Booking Complete Error: Error Message : StopSale.  ,Coral Sea Hurghada,-3269.45
02.03.2026,13347310,alice.roth770@yahoo.com,11.06.2026,16.06.2026,1045,RIXELX,5010,1467,Booking Complete Error: Error Message : StopSale.,Rixos El Gouna,2397.65
28.03.2026,73319051,marta.rossi424@gmail.com,17.04.2026,20.04.2026,2653,PESPO1,2680,1467,Booking Complete Error: Error Message : StopSale.,,4184.89
24.03.2026,75661787,george.kozlov97@hotmail.com,28.03.2026,31.03.2026,1178,RIUTEN,5061,1155,  Not enough allotment  ,RIU Tenerife,2783.57
06.03.2026,38264338,paul.berg404@gmail.com,10.07.2026,17.07.2026,1301,barkem,9666,5704,Improper reservation price.,Barut Hotels Kemer,2988.61
03.03.2026,30030929,david.keller378@icloud.com,29.06.2026,06.07.2026,1426,AJMRA1,9308,1467,Booking Complete Error: Error Message : StopSale.,Ajman Saray Ras Al Khaimah Resort,4117.51
24.03.2026,69118335,nina.roth765@hotmail.com,25.05.2026,30.05.2026,1178,NHCOSX,8651,1755,Booking Create Error: Brak możliwości założenia rezerwacji winterfejsie.,NH Collection Costa del Sol,"2304,12"
17.03.2026,30421134,julia.muller289@outlook.com,08.05.2026,11.05.2026,1426,ADDSHA,6139,1467,Booking Complete Error: Error Message : StopSale.,Address Hotels Sharjah,446.05
30.03.2026,12864439,laura.fischer792@proton.me,19.07.2026,02.08.2026,2247,MANVEN,2245,1755,Booking Create Error: Brak możliwości założenia rezerwacji winterfejsie.,Mangia's Resorts Venice,2138.51
06.03.2026,54738928,sophie.berg288@hotmail.com,30.07.2026,08.08.2026,1178,BAHPAL,9786,1778,Booking Complete Error: Zablokowano allotment online.,Bahia Principe Palma de Mallorca,3854.02
01.03.2026,51127483,michael.bakker211@hotmail.com,12.05.2026,21.05.2026,1045,BARSHA,7227,5704,Improper reservation price.,Baron Resort Sharm El Sheikh,1557.87
28.03.2026,96606400,mark.keller355@hotmail.com,24.06.2026,01.07.2026,1178,bahfue,8260,5704,Improper reservation price.,Bahia Principe Fuerteventura,4040.81 PLN
17.03.2026,22166283,sophie.rossi615@yahoo.com,18.08.2026,01.09.2026, 1045,SUNMA2,2796,1755,Booking Create Error: Brak możliwości założenia rezerwacji winterfejsie.,Sunwing Makadi Bay,1998.36
13.03.2026,26782946,nina.fischer234@proton.me,26.07.2026,31.07.2026,1714,VALZA1,7275,1732,Booking Payer Error: Brak wymaganego parametru,Valamar Zadar Resort,3861.80
17.03.2026,88164250,john.kowalski64@icloud.com,27.04.2026,11.05.2026,1301,titant,8508,1155,Not enough allotment,Titanic Antalya,-1010.59
17.03.2026,65243509,irene.weber130@proton.me,10.06.2026,15.06.2026,1301,VOYAN1,5291,5704,  Improper reservation price.  ,Voyage Antalya Resort,3879.14
06.03.2026,44418169,michael.kravets762@gmail.com,11.04.2026,20.04.2026,1426,ROTDUB,4652,1732,Booking Payer Error: Brak wymaganego parametru,Rotana Dubai,2754.10
05.03.2026,47309803,james.rossi131@yahoo.com,03.04.2026,12.04.2026,1426,ADDRA1,8144,1225,There is already such a booking for this agent.,Address Hotels Ras Al Khaimah Resort,670.11
25.03.2026,80934691,marta.roth124@outlook.com,17.06.2026,22.06.2026,1301,CRYBOD,4450,1467,Booking Complete Error: Error Message : StopSale.,Crystal Hotels Bodrum,1489.09
29.03.2026,71007704,james.nowak825@proton.me,23.06.2026,30.06.2026,1426,radra1,6409,1155,Not enough allotment,Radisson Blu Ras Al Khaimah Resort,"3237,57"
10.03.2026,87275890,simon.kowalski92@outlook.com,05.07.2026,19.07.2026,1178,BARPAL,2049,5704,Improper reservation price.,Barceló Palma de Mallorca,519.19
21.03.2026,65484975,daniel.lang497@gmail.com,10.05.2026,17.05.2026,1178,RIUPAL,8350,5704,  Improper reservation price.  ,RIU Palma de Mallorca,1101.68 PLN
13.03.2026,66250312,anna.lang54@outlook.com,12.07.2026,17.07.2026,2653,tivvil,8342,5704,Improper reservation price.,Tivoli Vilamoura,-1626.41
10.03.2026,30930333,elena.larsen663@yahoo.com,09.03.2026,12.03.2026,1178,MELGRA,4681,1732,Booking Payer Error: Brak wymaganego parametru,Meliá Gran Canaria,3416.40
05.03.2026,13094200,george.nowak482@yahoo.com,17.05.2026,20.05.2026,1301,DELALA,6183,1778,Booking Complete Error: Zablokowano allotment online.,Delphin Alanya,1856.49
07.03.2026,81227072,marta.moretti525@icloud.com,25.07.2026,28.07.2026,1178,NHBENX,2588,1732,Booking Payer Error: Brak wymaganego parametru,NH Collection Benidorm,2317.80
28.03.2026,95206855,john.lang548@icloud.com,16.06.2026,25.06.2026,1178,BAHGRA,6107,1732,  Booking Payer Error: Brak wymaganego parametru  ,Bahia Principe Gran Canaria,2873.37 PLN
23.03.2026,95228222,olga.lang769@icloud.com,17.05.2026,24.05.2026,1301,delmar,9280,1155,Not enough allotment,Delphin Marmaris,700.48 PLN
16.03.2026,17505818,chris.keller445@icloud.com,03.07.2026,06.07.2026,1178,RIUIBI,2790,1054,Contractor calculation error.,RIU Ibiza,3891.39
10.03.2026,68264870,marta.keller870@icloud.com,15.07.2026,20.07.2026, 2247,VALSAR,6111,1778,Booking Complete Error: Zablokowano allotment online.,Valtur Sardinia,2151.48
25.03.2026,13017249,chris.garcia329@yahoo.com,01.08.2026,08.08.2026,2653,VIDVIL,5820,5704,Improper reservation price.,Vidamar Resorts Vilamoura,2531.36
08.03.2026,60285636,anna.petrov246@gmail.com,28.07.2026,06.08.2026,1426,ADDRA1,8144,1155,Not enough allotment,Address Hotels Ras Al Khaimah Resort,3270.46
26.03.2026,33310374,peter.dubois169@proton.me,15.04.2026,18.04.2026,4182,CONPA2,9056,5704,Improper reservation price.,Constantinou Bros Paphos Beach,2590.89
10.03.2026,72170333,andrew.rossi938@yahoo.com,24.05.2026,29.05.2026,1045,BARHUR,1525,8056,Wrong room configuration,Baron Resort Hurghada,3176.62
13.03.2026,54734846,emma.smith968@hotmail.com,06.08.2026,11.08.2026,4182,conpa2,9056,1054,Contractor calculation error.,Constantinou Bros Paphos Beach,1985.90
31.03.2026,25108848,marta.dubois532@yahoo.com,23.05.2026,30.05.2026, 2653,PESVI1,5786,1155,Not enough allotment,Pestana Vilamoura Resort,1085.71
02.03.2026,88511877,simon.moretti577@icloud.com,10.06.2026,17.06.2026,1178,NHFUEX,2160,1225,There is already such a booking for this agent.,NH Collection Fuerteventura,"3916,26"
13.03.2026,56172299,simon.moretti371@hotmail.com,31.05.2026,14.06.2026,1178,nhbenx,2588,1467,Booking Complete Error: Error Message : StopSale.,NH Collection Benidorm,2169.64
22.03.2026,29967361,andrew.moretti179@icloud.com,01.05.2026,06.05.2026,1301,TITSID,5616,1778,BOOKING COMPLETE ERROR: ZABLOKOWANO ALLOTMENT ONLINE.,Titanic Side,
11.03.2026,20623444,chris.rossi695@gmail.com,15.05.2026,29.05.2026,2653,VILLIS,6169,1778,Booking Complete Error: Zablokowano allotment online.,Vila Vita Parc Lisbon,2083.81
26.03.2026,73820451,james.berg802@hotmail.com,09.06.2026,18.06.2026,1178,OCCCOS,4770,1755,Booking Create Error: Brak możliwości założenia rezerwacji winterfejsie.,Occidental Costa del Sol,2365.25
06.03.2026,66011264,chris.roth150@proton.me,13.07.2026,16.07.2026,1301,LIMKEM,4346,1155,Not enough allotment,Limak Kemer,512.02
03.03.2026,62183668,alice.kowalski486@proton.me,11.04.2026,14.04.2026,1045,stetab,4432,5704,Improper reservation price.,Steigenberger Taba,3209.98
08.03.2026,34793325,zofia.moretti470@gmail.com,17.07.2026,24.07.2026,2247,BAGSIC,9728,1155,Not enough allotment,Baglioni Hotels Sicily,1202.64
14.03.2026,27129638,john.smith917@outlook.com,09.06.2026,12.06.2026,1301,RIXBOD,8179,1467,Booking Complete Error: Error Message : StopSale.,Rixos Bodrum,3910.21
06.03.2026,48260712,emma.lang912@icloud.com,31.05.2026,07.06.2026,1426,ADDFUJ,8711,1755,Booking Create Error: Brak możliwości założenia rezerwacji winterfejsie.,Address Hotels Fujairah,1077.88
07.03.2026,37355760,julia.costa539@hotmail.com,12.06.2026,15.06.2026,1045,SUNSH1,6930,1155,Not enough allotment,Sunwing Sharm El Sheikh,2234.88
11.03.2026,98217691,irene.nowak690@hotmail.com,24.08.2026,07.09.2026,1426,ADDRA1,8144,1755,Booking Create Error: Brak możliwości założenia rezerwacji winterfejsie.,Address Hotels Ras Al Khaimah Resort,"554,80"
15.03.2026,25746460,paul.larsen815@yahoo.com,10.05.2026,24.05.2026,1045,PICTAB,7543,1155,Not enough allotment,Pickalbatros Taba,1272.83 PLN
03.03.2026,86956727,claire.wilson214@proton.me,30.03.2026,13.04.2026,1714,RADPOR,1090,5704,Improper reservation price.,Radisson Blu Porec,"1430,52"
26.03.2026,86868659,emma.nowak512@hotmail.com,01.08.2026,08.08.2026,1178,BAHCO1,3296,1732,Booking Payer Error: Brak wymaganego parametru,Bahia Principe Costa del Sol,
18.03.2026,53844504,chris.johnson168@icloud.com,27.06.2026,30.06.2026,1045,JAZSHA,8517,1732,Booking Payer Error: Brak wymaganego parametru,Jaz Sharm El Sheikh,4061.17
27.03.2026,92107937,michael.bakker379@yahoo.com,05.06.2026,14.06.2026,1301,DELBEL,3584,1778,Booking Complete Error: Zablokowano allotment online.,Delphin Belek,1052.11
22.03.2026,39604115,simon.keller681@yahoo.com,23.08.2026,26.08.2026,1178,OCCCOS,4770,1755,Booking Create Error: Brak możliwości założenia rezerwacji winterfejsie.,Occidental Costa del Sol,4037.04
31.03.2026,62111591,marta.keller54@icloud.com,30.04.2026,05.05.2026,2247,NHSIC1,9548,1755,BOOKING CREATE ERROR: BRAK MOŻLIWOŚCI ZAŁOŻENIA REZERWACJI WINTERFEJSIE.,NH Collection Sicily Resort,2291.90
25.03.2026,33075119,kate.kowalski155@icloud.com,12.06.2026,26.06.2026,1301,BARANT,5272,5704,Improper reservation price.,Barut Hotels Antalya,-3003.64
19.03.2026,62336313,maria.smith454@gmail.com,26.07.2026,09.08.2026,1178,MELIBI,7596,1755,Booking Create Error: Brak możliwości założenia rezerwacji winterfejsie.,Meliá Ibiza,"1033,76"
01.03.2026,25922674,andrew.novak746@yahoo.com,29.05.2026,05.06.2026,4182,OLYPA1,9502,1467,Booking Complete Error: Error Message : StopSale.,Olympic Lagoon Paphos Resort,954.97
05.03.2026,74227366,john.meyer795@icloud.com,16.06.2026,25.06.2026,1178,NHFUEX,2160,5704,Improper reservation price.,NH Collection Fuerteventura,2745.36
12.03.2026,28618004,john.rossi94@proton.me,05.06.2026,08.06.2026,1714,FALPOR,9099,8056,Wrong room configuration,Falkensteiner Porec,1038.11
08.03.2026,96200025,kate.lang50@hotmail.com,23.03.2026,26.03.2026,1426,RADSH1,7888,1054,Contractor calculation error.,Radisson Blu Sharjah Resort,1872.58
24.03.2026,72065244,robert.fischer63@gmail.com,12.06.2026,15.06.2026,1301,MAXANT,3546,1155,Not enough allotment,Maxx Royal Antalya,"292,36"
24.03.2026,92355208,thomas.smith493@yahoo.com,09.07.2026,23.07.2026,1178,RIUPAL,8350,1755,  Booking Create Error: Brak możliwości założenia rezerwacji winterfejsie.  ,RIU Palma de Mallorca,2518.93
05.03.2026,71207649,chris.kozlov139@gmail.com,12.08.2026,21.08.2026,2653,VILCA1,1745,1467,  Booking Complete Error: Error Message : StopSale.  ,Vila Vita Parc Cascais Resort,2098.54
14.03.2026,18728266,julia.dubois937@yahoo.com,05.04.2026,19.04.2026,1426,ADDFUJ,8711,1467,BOOKING COMPLETE ERROR: ERROR MESSAGE : STOPSALE.,Address Hotels Fujairah,3485.54
02.03.2026,13611753,michael.wilson310@icloud.com,28.07.2026,31.07.2026,1301,DELANT,9288,1755,Booking Create Error: Brak możliwości założenia rezerwacji winterfejsie.,Delphin Antalya,1365.14
03.03.2026,76815785,marta.berg106@yahoo.com,26.05.2026,29.05.2026,1301,LIMKE1,8007,5704,Improper reservation price.,Limak Kemer Resort,3507.31
30.03.2026,92978349,andrew.fischer4@hotmail.com,02.06.2026,09.06.2026,1045, CORELX ,7916,5704,Improper reservation price.,Coral Sea El Gouna,"2728,18"
02.03.2026,91847869,elena.roth628@yahoo.com,26.05.2026,31.05.2026,1178,HTENXX,8749,5704,  Improper reservation price.  ,H10 Hotels Tenerife,3528.36
02.03.2026,85841389,paul.meyer804@proton.me,21.08.2026,24.08.2026,1178,IBEIBI,1964,1467,Booking Complete Error: Error Message : StopSale.,Iberostar Ibiza,3012.17
26.03.2026,41329793,alice.moretti300@hotmail.com,10.06.2026,15.06.2026,1178,BAHGRA,6107,1225,  There is already such a booking for this agent.  ,Bahia Principe Gran Canaria,511.11
05.03.2026,48930648,martin.bianchi35@outlook.com,02.07.2026,05.07.2026,1426,MARDU1,9518,5704,Improper reservation price.,Marriott Dubai Resort,4106.36
27.03.2026,56177572,paul.schmidt788@yahoo.com,02.06.2026,09.06.2026,1301,VOYANT,9565,1155,Not enough allotment,Voyage Antalya,1641.89
27.03.2026,70417500,alice.wilson148@gmail.com,10.04.2026,19.04.2026,2653,DOMLIS,5118,1155,Not enough allotment,Dom Pedro Lisbon,990.94
02.03.2026,74767215,chris.nowak383@gmail.com,10.06.2026,17.06.2026,1045,SUNEL1,8019,1155,Not enough allotment,Sunrise El Gouna,"3376,83"
28.03.2026,47054585,sophie.smith632@yahoo.com,12.06.2026,19.06.2026,1426,JUMABU,9785,5704,IMPROPER RESERVATION PRICE.,Jumeirah Abu Dhabi,3466.30
19.03.2026,42762641,john.wilson382@gmail.com,14.06.2026,28.06.2026,1301,VOYBEL,2200,1778,Booking Complete Error: Zablokowano allotment online.,Voyage Belek,3879.16
26.03.2026,96422953,peter.smith2@outlook.com,20.07.2026,23.07.2026,4182,AMALI1,5557,1054,Contractor calculation error.,Amara Limassol Resort,3235.76
03.03.2026,39668704,olga.larsen20@yahoo.com,16.05.2026,19.05.2026,1301,CRYSID,5905,5704,Improper reservation price.,Crystal Hotels Side,575.70
10.03.2026,52407306,elena.johnson947@gmail.com,14.07.2026,23.07.2026,1045,DANELX,4814,5704,Improper reservation price.,Dana Beach El Gouna,2625.60
04.03.2026,73860394,marta.keller278@proton.me,19.05.2026,24.05.2026,1045,SUNMA1,9179,1467,Booking Complete Error: Error Message : StopSale.,Sunrise Marsa Alam,1780.48
29.03.2026,38418851,andrew.novak165@yahoo.com,03.07.2026,10.07.2026,2653,VILVIL,5438,1778,Booking Complete Error: Zablokowano allotment online.,Vila Vita Parc Vilamoura,-1879.99
06.03.2026,25706912,marta.roth421@yahoo.com,06.06.2026,13.06.2026,1714,RADPOR,1090,1225,There is already such a booking for this agent.,Radisson Blu Porec,531.78
04.03.2026,11547478,george.smith884@proton.me,19.04.2026,22.04.2026,1426,JUMRA1,6344,1755,Booking Create Error: Brak możliwości założenia rezerwacji winterfejsie.,Jumeirah Ras Al Khaimah Resort,3331.19 PLN
22.03.2026,66776956,james.lang21@gmail.com,30.04.2026,14.05.2026,2247,BAGRIM,4571,1155,Not enough allotment,Baglioni Hotels Rimini,3210.29
02.03.2026,36705345,michael.costa813@yahoo.com,18.07.2026,23.07.2026,1045,PICTAB,7543,1225,There is already such a booking for this agent.,Pickalbatros Taba,1044.12
23.03.2026,74696916,emma.kowalski539@outlook.com,28.04.2026,07.05.2026,2247, UNARIM ,3068,1467,Booking Complete Error: Error Message : StopSale.,UNA Hotels Rimini,580.19
18.03.2026,22419350,claire.garcia42@proton.me,09.08.2026,14.08.2026,1045,JAZELX,4733,1155,Not enough allotment,Jaz El Gouna,1432.51
15.03.2026,33369425,julia.dubois524@yahoo.com,11.06.2026,18.06.2026,1301,TITKEM,5114,1778,Booking Complete Error: Zablokowano allotment online.,Titanic Kemer,2723.53
25.03.2026,27103487,elena.kravets747@outlook.com,03.06.2026,06.06.2026,1301,LIMKEM,4346,1054,Contractor calculation error.,Limak Kemer,1275.52
20.03.2026,28023391,martin.kozlov424@yahoo.com,23.04.2026,02.05.2026,1301,DELBEL,3584,1778,Booking Complete Error: Zablokowano allotment online.,Delphin Belek,3729.36
26.03.2026,50369409,zofia.kozlov783@hotmail.com,30.03.2026,08.04.2026,1426,HILFU1,4114,1155,Not enough allotment,Hilton Fujairah Resort,-422.27
29.03.2026,50399190,elena.bakker789@icloud.com,16.05.2026,19.05.2026,1045,RIXHUR,4593,1755,BOOKING CREATE ERROR: BRAK MOŻLIWOŚCI ZAŁOŻENIA REZERWACJI WINTERFEJSIE.,Rixos Hurghada,3318.17
13.03.2026,13113730,irene.roth19@outlook.com,10.07.2026,24.07.2026,1301, VOYBEL ,2200,1054,Contractor calculation error.,Voyage Belek,4172.64
27.03.2026,80259009,irene.moretti130@gmail.com,29.07.2026,05.08.2026,1426,adddu1,8066,1755,Booking Create Error: Brak możliwości założenia rezerwacji winterfejsie.,Address Hotels Dubai Resort,3950.64
11.03.2026,11548620,james.costa725@hotmail.com,18.03.2026,27.03.2026,1178,IBETEN,8397,1155,Not enough allotment,Iberostar Tenerife,2734.13
20.03.2026,43823840,zofia.petrov745@proton.me,29.05.2026,07.06.2026,1714,FALSPL,8478,1155,Not enough allotment,Falkensteiner Split,2462.52
31.03.2026,17328474,john.kravets459@hotmail.com,17.06.2026,20.06.2026,1301,VOYMAR,2753,1467,Booking Complete Error: Error Message : StopSale.,Voyage Marmaris,1811.40
15.03.2026,54805339,david.keller670@icloud.com,06.05.2026,09.05.2026,4182,atlpa1,3973,1755,Booking Create Error: Brak możliwości założenia rezerwacji winterfejsie.,Atlantica Paphos Resort,851.35
13.03.2026,56446975,simon.bianchi445@icloud.com,27.06.2026,30.06.2026, 1178,BAHBEN,6539,5704,Improper reservation price.,Bahia Principe Benidorm,2772.84
12.03.2026,84689957,thomas.wagner580@yahoo.com,12.06.2026,26.06.2026,1178,NHPALX,9856,1225,There is already such a booking for this agent.,NH Collection Palma de Mallorca,3370.32
23.03.2026,49796475,daniel.johnson166@hotmail.com,29.03.2026,07.04.2026,4182,LOUAY1,5728,1155,Not enough allotment,Louis Hotels Ayia Napa Resort,3494.28
13.03.2026,36170767,mark.wilson853@proton.me,03.08.2026,08.08.2026,1714,AMAPO1,3267,1755,Booking Create Error: Brak możliwości założenia rezerwacji winterfejsie.,Amadria Park Porec Resort,"1493,70"
20.03.2026,80152714,zofia.roth506@proton.me,09.07.2026,23.07.2026,1301,TITKEM,5114,5704,Improper reservation price.,,-4003.88
14.03.2026,15756641,daniel.roth329@proton.me,05.05.2026,14.05.2026,1301,DELKEM,5915,1732,Booking Payer Error: Brak wymaganego parametru,Delphin Kemer,"1003,09"
11.03.2026,75620447,john.bakker857@gmail.com,19.05.2026,26.05.2026,1045,SUNELX,3340,1755,Booking Create Error: Brak możliwości założenia rezerwacji winterfejsie.,Sunwing El Gouna,3905.57
05.03.2026,40434030,laura.garcia922@gmail.com,21.08.2026,24.08.2026, 1426,HILSH1,6663,1155,  Not enough allotment  ,Hilton Sharjah,3546.32
23.03.2026,91386202,chris.berg43@hotmail.com,02.06.2026,09.06.2026,1045,RIXELX,5010,5704,Improper reservation price.,Rixos El Gouna,
26.03.2026,62953021,peter.muller335@outlook.com,30.04.2026,05.05.2026,1178,OCCTEN,7118,1755,Booking Create Error: Brak możliwości założenia rezerwacji winterfejsie.,Occidental Tenerife,"1464,94"
08.03.2026,45306385,nina.schmidt206@outlook.com,31.05.2026,09.06.2026,1301,VOYAN1,5291,1225,There is already such a booking for this agent.,Voyage Antalya Resort,2830.27
23.03.2026,73115666,john.roth104@outlook.com,01.05.2026,15.05.2026,1714,radma1,2052,1155,Not enough allotment,Radisson Blu Makarska Resort,3970.96
17.03.2026,98858674,marta.weber361@icloud.com,13.06.2026,18.06.2026,1045,DANMAK,3677,1467,Booking Complete Error: Error Message : StopSale.,Dana Beach Makadi Bay,-3408.63
24.03.2026,91527632,laura.andersen59@icloud.com,26.05.2026,29.05.2026, 2653,DOMFUN,5530,1054,Contractor calculation error.,Dom Pedro Funchal (Madeira),1403.55
29.03.2026,44712014,andrew.schmidt129@hotmail.com,01.06.2026,04.06.2026,1045,CORHUR,8428,5704,Improper reservation price.,Coral Sea Hurghada,2190.80
04.03.2026,50828255,james.wilson89@hotmail.com,03.06.2026,06.06.2026,1045,HILHUR,5422,1155,  Not enough allotment  ,Hilton Hurghada,"2882,83"
09.03.2026,12118101,zofia.bianchi539@gmail.com,17.06.2026,24.06.2026,1178,BAHPAL,9786,1155,Not enough allotment,Bahia Principe Palma de Mallorca,938.27
14.03.2026,36084448,alice.petrov486@hotmail.com,05.05.2026,19.05.2026,1301,delbod,2891,1155,Not enough allotment,Delphin Bodrum,429.12
31.03.2026,65356542,julia.schmidt704@hotmail.com,01.06.2026,06.06.2026,1301,CRYALA,6464,1155,Not enough allotment,Crystal Hotels Alanya,1304.39
01.03.2026,79291785,sophie.weber319@proton.me,09.06.2026,14.06.2026,1301,BARKEM,9666,1054,Contractor calculation error.,Barut Hotels Kemer,819.40
20.03.2026,41463321,olga.roth851@gmail.com,13.07.2026,22.07.2026,1178,BAHTEN,1117,1155,Not enough allotment,Bahia Principe Tenerife,
09.03.2026,58343701,sophie.wilson378@icloud.com,23.05.2026,06.06.2026,1301,LIMANT,2697,1467,Booking Complete Error: Error Message : StopSale.,Limak Antalya,3929.35
21.03.2026,54241559,alice.muller477@outlook.com,30.05.2026,06.06.2026,1045,CORMAK,7216,1155,Not enough allotment,Coral Sea Makadi Bay,1442.69
07.03.2026,13377210,simon.kozlov116@proton.me,24.04.2026,01.05.2026,1045, BARMAK ,4150,1155,NOT ENOUGH ALLOTMENT,Baron Resort Makadi Bay,1592.67
01.03.2026,95110541,thomas.petrov110@gmail.com,03.06.2026,06.06.2026,1426,JUMSH1,1727,1732,Booking Payer Error: Brak wymaganego parametru,Jumeirah Sharjah Resort,1329.64
07.03.2026,65137801,martin.bianchi889@proton.me,09.07.2026,12.07.2026,4182,ANAPA1,3037,1732,Booking Payer Error: Brak wymaganego parametru,Anassa Paphos Resort,
13.03.2026,47690657,sophie.rossi153@gmail.com,16.04.2026,21.04.2026,2653,TIVALB,6023,5704,Improper reservation price.,Tivoli Albufeira,1732.42
21.03.2026,61586351,thomas.wilson291@icloud.com,31.05.2026,05.06.2026,2653,VIDLI1,8843,8056,Wrong room configuration,Vidamar Resorts Lisbon Resort,990.14
16.03.2026,17003454,olga.muller729@hotmail.com,06.06.2026,13.06.2026,1045,SUNSHA,6977,5704,Improper reservation price.,Sunrise Sharm El Sheikh,2782.66
29.03.2026,92242860,david.weber856@outlook.com,30.05.2026,06.06.2026,1045,BARMAK,4150,1732,Booking Payer Error: Brak wymaganego parametru,Baron Resort Makadi Bay,1290.13
10.03.2026,29788104,paul.garcia463@hotmail.com,05.07.2026,19.07.2026,1714,RADROV,5082,1467,Booking Complete Error: Error Message : StopSale.,Radisson Blu Rovinj,3991.26
03.03.2026,56000822,martin.garcia169@icloud.com,24.07.2026,29.07.2026,1301,TITBOD,5345,5704,Improper reservation price.,Titanic Bodrum,4184.75
14.03.2026,95108432,marta.wagner102@gmail.com,02.07.2026,11.07.2026,1301,LIMBOD,2127,1755,Booking Create Error: Brak możliwości założenia rezerwacji winterfejsie.,,1368.83 PLN
07.03.2026,93101517,emma.bakker120@icloud.com,02.06.2026,09.06.2026,2247,VALAMA,2874,1467,Booking Complete Error: Error Message : StopSale.,Valtur Amalfi Coast,1799.98
31.03.2026,82634888,zofia.weber575@icloud.com,07.07.2026,12.07.2026,1045,rixmak,1750,1155,Not enough allotment,Rixos Makadi Bay,377.61
25.03.2026,13610372,mark.smith684@outlook.com,11.08.2026,16.08.2026,1178,BAHIBI,3167,1225,There is already such a booking for this agent.,Bahia Principe Ibiza,3168.66
13.03.2026,97168906,david.weber529@hotmail.com,20.05.2026,03.06.2026,1301,MAXSID,3170,1054,Contractor calculation error.,Maxx Royal Side,1123.21
19.03.2026,32561918,david.kowalski952@hotmail.com,27.07.2026,01.08.2026,1714,BLUMA1,5499,1225,There is already such a booking for this agent.,Bluesun Makarska Resort,"260,55"
23.03.2026,75032172,george.wilson719@icloud.com,23.06.2026,02.07.2026,4182,CONPAP,2625,5704,Improper reservation price.,Constantinou Bros Paphos,3061.17
10.03.2026,28536193,kate.johnson106@outlook.com,31.05.2026,07.06.2026,1178,MELIBI,7596,5704,Improper reservation price.,Meliá Ibiza,914.39
05.03.2026,59733577,michael.wagner797@yahoo.com,03.05.2026,12.05.2026, 2247,VALVEN,8619,5704,Improper reservation price.,Valtur Venice,1579.88
23.03.2026,61500679,olga.meyer942@proton.me,05.06.2026,19.06.2026,1301, VOYSID ,7054,1155,Not enough allotment,Voyage Side,1921.00
20.03.2026,42724726,thomas.novak808@hotmail.com,02.06.2026,05.06.2026,1301,RIXBOD,8179,1054,Contractor calculation error.,Rixos Bodrum,832.00
29.03.2026,57392175,sophie.rossi442@icloud.com,31.05.2026,09.06.2026,1045,BARTAB,5374,1054,Contractor calculation error.,Baron Resort Taba,"896,49"
20.03.2026,70264344,zofia.dubois659@icloud.com,28.06.2026,07.07.2026,1301,LIMMAR,5956,1467,Booking Complete Error: Error Message : StopSale.,Limak Marmaris,3800.53
06.03.2026,13824787,irene.novak936@icloud.com,10.03.2026,17.03.2026,1178,OCCBEN,6413,1155,Not enough allotment,Occidental Benidorm,3760.84
10.03.2026,31404984,david.keller817@proton.me,21.07.2026,30.07.2026,1301,rixbel,9900,5704,Improper reservation price.,Rixos Belek,3882.76
10.03.2026,48780910,elena.larsen110@proton.me,10.05.2026,17.05.2026,1045,picmak,7482,1155,Not enough allotment,Pickalbatros Makadi Bay,1265.76
29.03.2026,61215153,robert.garcia636@icloud.com,06.07.2026,09.07.2026,1714,VALRO1,5451,1054,Contractor calculation error.,Valamar Rovinj Resort,1780.84
04.03.2026,64100881,nina.lang625@hotmail.com,26.06.2026,05.07.2026,1178,NHCOS1,2604,1467,Booking Complete Error: Error Message : StopSale.,NH Collection Costa Brava,
13.03.2026,38048221,kate.dubois738@proton.me,09.08.2026,23.08.2026,1301,MAXBEL,5533,1755,Booking Create Error: Brak możliwości założenia rezerwacji winterfejsie.,Maxx Royal Belek,1790.31
15.03.2026,18993381,michael.wilson245@hotmail.com,16.06.2026,30.06.2026,1045,BARELX,8573,1467,  Booking Complete Error: Error Message : StopSale.  ,Baron Resort El Gouna,2464.99
28.03.2026,19824222,simon.andersen653@proton.me,08.05.2026,13.05.2026,1178,MELBEN,2982,1467,Booking Complete Error: Error Message : StopSale.,Meliá Benidorm,3916.31
28.03.2026,62150268,sophie.fischer889@yahoo.com,11.04.2026,25.04.2026,1045,JAZELX,4733,1155,Not enough allotment,Jaz El Gouna,1735.58
17.03.2026,89101664,martin.fischer597@gmail.com,29.05.2026,01.06.2026, 1426,HILSH1,6663,1755,Booking Create Error: Brak możliwości założenia rezerwacji winterfejsie.,Hilton Sharjah,1915.62
11.03.2026,84939715,laura.petrov558@proton.me,24.05.2026,27.05.2026,1045,STETAB,4432,1467,Booking Complete Error: Error Message : StopSale.,Steigenberger Taba,"3389,40"
27.03.2026,86502371,alice.rossi186@gmail.com,22.04.2026,06.05.2026,1426,hilabu,8541,5704,Improper reservation price.,Hilton Abu Dhabi,4116.68
05.03.2026,15708452,james.kravets645@hotmail.com,14.07.2026,21.07.2026,2653,VILCAS,4986,1155,Not enough allotment,Vila Vita Parc Cascais,
14.03.2026,60661928,nina.petrov56@proton.me,30.08.2026,04.09.2026,1045,BARMA1,7304,1467,Booking Complete Error: Error Message : StopSale.,Baron Resort Makadi Bay Resort,
20.03.2026,99991136,olga.bianchi602@proton.me,19.06.2026,26.06.2026,2653,VILPOR,7625,1054,Contractor calculation error.,Vila Vita Parc Porto,4000.05
07.03.2026,13461757,julia.bianchi591@hotmail.com,12.04.2026,26.04.2026,1045, SUNSHA ,6977,1054,  Contractor calculation error.  ,Sunrise Sharm El Sheikh,4041.94
31.03.2026,28818549,simon.dubois616@yahoo.com,26.06.2026,05.07.2026,1301,DELANT,9288,1778,Booking Complete Error: Zablokowano allotment online.,Delphin Antalya,380.22
16.03.2026,45686084,nina.lang567@hotmail.com,20.05.2026,29.05.2026,1301, RIXANT ,1058,1467,Booking Complete Error: Error Message : StopSale.,Rixos Antalya,3758.65
16.03.2026,42158208,anna.schmidt186@icloud.com,05.06.2026,10.06.2026,2653,VILALB,4937,1732,Booking Payer Error: Brak wymaganego parametru,Vila Vita Parc Albufeira,
29.03.2026,54599228,olga.bakker626@icloud.com,17.03.2026,24.03.2026,2653,VIDFU1,1893,1467,Booking Complete Error: Error Message : StopSale.,Vidamar Resorts Funchal (Madeira) Resort,429.35
28.03.2026,83242279,emma.costa657@gmail.com,19.05.2026,02.06.2026,4182,LOUPAP,4929,1732,Booking Payer Error: Brak wymaganego parametru,Louis Hotels Paphos,3715.30
15.03.2026,80130705,thomas.petrov828@hotmail.com,29.05.2026,12.06.2026,2653,PESCA1,5658,1155,Not enough allotment,Pestana Cascais Resort,"1449,17"
18.03.2026,63804242,nina.moretti480@outlook.com,03.05.2026,06.05.2026,4182,AMALIM,3441,1467,  Booking Complete Error: Error Message : StopSale.  ,Amara Limassol,1421.16
