Date,tripid,ClientEmail,startdate,enddate,providerid,hotelcode,hotelid,no,message,Hotelname,Price
01.05.2026,99028524,john.wilson663@yahoo.com,02.07.2026,16.07.2026,2653,VIDFU1,1893,1755,Booking Create Error: Brak możliwości założenia rezerwacji winterfejsie.,Vidamar Resorts Funchal (Madeira) Resort,452.22
24.05.2026,88399481,chris.wilson692@icloud.com,18.05.2026,25.05.2026,1178, BAHFUE ,8260,1155,Not enough allotment,Bahia Principe Fuerteventura,-1770.92
03.05.2026,63392351,paul.rossi668@outlook.com,17.07.2026,22.07.2026,1178,BAHPAL,9786,5704,Improper reservation price.,Bahia Principe Palma de Mallorca,"3394,56"
22.05.2026,86868540,alice.dubois851@hotmail.com,15.07.2026,29.07.2026,1426,ADDRA1,8144,1778,  Booking Complete Error: Zablokowano allotment online.  ,Address Hotels Ras Al Khaimah Resort,"3441,88"
22.05.2026,52335406,martin.schmidt234@hotmail.com,09.05.2026,23.05.2026,2247,ROCVEN,2771,1054,  Contractor calculation error.  ,Rocco Forte Venice,1531.83
26.05.2026,98175428,zofia.meyer400@icloud.com,12.07.2026,26.07.2026,1301,VOYALA,5333,1467,Booking Complete Error: Error Message : StopSale.,Voyage Alanya,2100.45
30.05.2026,20340310,elena.wilson543@yahoo.com,24.05.2026,27.05.2026,1178,HGRAXX,4899,1755,Booking Create Error: Brak możliwości założenia rezerwacji winterfejsie.,H10 Hotels Gran Canaria,1063.83
14.05.2026,38805562,laura.novak798@proton.me,14.06.2026,17.06.2026,1178,MELFUE,5562,1155,Not enough allotment,Meliá Fuerteventura,3076.91
16.05.2026,78673518,anna.rossi475@outlook.com,04.04.2026,07.04.2026,2653,DOMVI1,3073,1755,Booking Create Error: Brak możliwości założenia rezerwacji winterfejsie.,Dom Pedro Vilamoura Resort,"1932,72"
05.05.2026,11421591,claire.costa701@yahoo.com,08.06.2026,22.06.2026,1301,rixala,6147,1225,There is already such a booking for this agent.,Rixos Alanya,2867.58
05.05.2026,28484479,elena.meyer415@yahoo.com,24.06.2026,03.07.2026,1178,BAHBEN,6539,1467,Booking Complete Error: Error Message : StopSale.,Bahia Principe Benidorm,"1716,44"
07.05.2026,42860242,nina.kozlov451@proton.me,08.07.2026,17.07.2026,4182,CONPA1,1977,1155,Not enough allotment,Constantinou Bros Paphos Resort,-613.36
26.05.2026,16437523,daniel.rossi354@proton.me,23.06.2026,26.06.2026,2653,PINCAS,2647,1732,Booking Payer Error: Brak wymaganego parametru,Pine Cliffs Cascais,924.45
01.05.2026,85864089,thomas.meyer116@proton.me,09.08.2026,14.08.2026,1178, NHCOS1 ,2604,1054,Contractor calculation error.,NH Collection Costa Brava,3127.75
14.05.2026,16948119,elena.kowalski320@yahoo.com,20.05.2026,25.05.2026,1426,MARSHA,1626,1755,Booking Create Error: Brak możliwości założenia rezerwacji winterfejsie.,Marriott Sharjah,3008.54
20.05.2026,15496767,marta.wagner296@yahoo.com,03.05.2026,08.05.2026,1426,RADFUJ,2776,1467,Booking Complete Error: Error Message : StopSale.,Radisson Blu Fujairah,3632.92
17.05.2026,67796330,emma.novak308@outlook.com,10.06.2026,17.06.2026,1178,IBEFUE,5563,1732,Booking Payer Error: Brak wymaganego parametru,Iberostar Fuerteventura,3471.13
27.05.2026,77978901,martin.roth250@outlook.com,24.05.2026,27.05.2026,2653,TIVAL1,4020,1155,Not enough allotment,Tivoli Albufeira Resort,2665.72
18.05.2026,96223229,robert.kozlov137@icloud.com,24.04.2026,27.04.2026,2653,VIDLIS,6764,5704,Improper reservation price.,Vidamar Resorts Lisbon,4121.09
06.05.2026,73446008,laura.bakker687@hotmail.com,10.05.2026,19.05.2026,1301,VOYMAR,2753,1732,  Booking Payer Error: Brak wymaganego parametru  ,Voyage Marmaris,456.92
07.05.2026,27489655,laura.kozlov798@hotmail.com,31.05.2026,14.06.2026,1045,DANTAB,5339,1778,Booking Complete Error: Zablokowano allotment online.,Dana Beach Taba,1558.29
27.05.2026,73989419,george.nowak175@outlook.com,04.08.2026,18.08.2026,1045,CORHUR,8428,1755,Booking Create Error: Brak możliwości założenia rezerwacji winterfejsie.,Coral Sea Hurghada,3169.41
16.05.2026,49500723,zofia.weber828@gmail.com,15.03.2026,20.03.2026,1045,SUNMA2,2796,5704,Improper reservation price.,Sunwing Makadi Bay,3452.05
26.05.2026,28158871,paul.kowalski211@outlook.com,17.05.2026,31.05.2026,1178,BARTEN,2163,1467,Booking Complete Error: Error Message : StopSale.,Barceló Tenerife,1008.96
21.05.2026,37466847,james.larsen330@icloud.com,18.04.2026,27.04.2026,1301,CRYMAR,4492,1467,Booking Complete Error: Error Message : StopSale.,Crystal Hotels Marmaris,1648.05
12.05.2026,57576607,elena.lang764@hotmail.com,23.05.2026,06.06.2026,1045,RIXMAK,1750,1467,Booking Complete Error: Error Message : StopSale.,Rixos Makadi Bay,739.06
08.05.2026,18861468,michael.rossi426@gmail.com,19.04.2026,26.04.2026,2653,VIDPOR,8753,1054,Contractor calculation error.,Vidamar Resorts Porto,1683.61
22.05.2026,98020037,nina.smith36@icloud.com,26.07.2026,04.08.2026, 2247,THROMX,7071,5704,Improper reservation price.,Th Resorts Rome,934.67
01.05.2026,94797689,emma.bianchi374@yahoo.com,01.09.2026,10.09.2026,2653,VIDPOR,8753,1732,BOOKING PAYER ERROR: BRAK WYMAGANEGO PARAMETRU,Vidamar Resorts Porto,4174.73
31.05.2026,54486784,julia.smith104@yahoo.com,12.05.2026,19.05.2026,1045,DANHU1,7252,1155,Not enough allotment,Dana Beach Hurghada Resort,1014.24
19.05.2026,57218427,john.weber416@outlook.com,17.05.2026,24.05.2026,1714,AMAMAK,2746,1155,Not enough allotment,Amadria Park Makarska,2684.79
17.05.2026,66329364,claire.bianchi389@gmail.com,24.07.2026,29.07.2026,1301,CRYKEM,5462,5704,Improper reservation price.,Crystal Hotels Kemer,"3495,19"
05.05.2026,72182980,john.costa302@outlook.com,18.06.2026,23.06.2026,1178,BARCO1,6559,1155,Not enough allotment,Barceló Costa Brava,765.14
18.05.2026,80674136,simon.kozlov668@gmail.com,07.06.2026,14.06.2026, 1178,RIUCO1,1828,1778,Booking Complete Error: Zablokowano allotment online.,RIU Costa del Sol,"1773,80"
30.05.2026,14726873,robert.petrov217@hotmail.com,02.07.2026,16.07.2026,1426,ROTABU,3925,1155,Not enough allotment,Rotana Abu Dhabi,"3293,14"
10.05.2026,50804903,paul.rossi448@hotmail.com,08.08.2026,11.08.2026,1178,BAHPAL,9786,1732,Booking Payer Error: Brak wymaganego parametru,Bahia Principe Palma de Mallorca,1094.79
27.05.2026,22775337,michael.larsen232@hotmail.com,19.07.2026,22.07.2026,1426,MARFUJ,5564,1155,Not enough allotment,Marriott Fujairah,254.29
12.05.2026,87163248,zofia.lang68@yahoo.com,15.04.2026,24.04.2026,1045, PICTAB ,7543,1054,Contractor calculation error.,Pickalbatros Taba,3253.41
18.05.2026,10822385,paul.muller453@outlook.com,03.04.2026,12.04.2026,1714,FALZA1,3471,1467,Booking Complete Error: Error Message : StopSale.,Falkensteiner Zadar Resort,1419.97
06.05.2026,81960628,paul.bakker831@outlook.com,03.06.2026,08.06.2026,1301,TITMAR,5669,1755,Booking Create Error: Brak możliwości założenia rezerwacji winterfejsie.,Titanic Marmaris,302.97
28.05.2026,71762034,emma.petrov708@proton.me,16.06.2026,25.06.2026,1178,BAHGRA,6107,1467,Booking Complete Error: Error Message : StopSale.,Bahia Principe Gran Canaria,-2982.63
27.05.2026,13400255,david.costa898@proton.me,27.06.2026,06.07.2026,2247,THVENX,6733,1155,Not enough allotment,Th Resorts Venice,-3028.81
07.05.2026,33105299,james.smith54@icloud.com,20.06.2026,23.06.2026, 1714,FALSP1,7797,1155,Not enough allotment,Falkensteiner Split Resort,1256.32
27.05.2026,43384189,elena.lang87@gmail.com,27.06.2026,04.07.2026,2653,TIVCAS,9595,1467,Booking Complete Error: Error Message : StopSale.,Tivoli Cascais,1971.72 PLN
15.05.2026,31983567,irene.kravets344@gmail.com,21.06.2026,28.06.2026,2653,PESVI1,5786,1467,Booking Complete Error: Error Message : StopSale.,Pestana Vilamoura Resort,3432.41
20.05.2026,75241100,mark.roth848@hotmail.com,20.07.2026,03.08.2026,2653,PINCAS,2647,1778,  Booking Complete Error: Zablokowano allotment online.  ,Pine Cliffs Cascais,2436.11
07.05.2026,74648810,zofia.dubois908@yahoo.com,07.06.2026,12.06.2026,2653,DOMPO1,8690,1155,Not enough allotment,Dom Pedro Porto Resort,-1661.12
27.05.2026,83409743,peter.kravets204@gmail.com,24.07.2026,02.08.2026,1301,BARKEM,9666,1054,Contractor calculation error.,Barut Hotels Kemer,1987.57
14.05.2026,27489655,elena.weber283@yahoo.com,31.05.2026,14.06.2026,1045, DANTAB ,5339,1155,Not enough allotment,Dana Beach Taba,1558.29
18.05.2026,13714198,martin.bianchi91@yahoo.com,17.06.2026,26.06.2026,1178,BARCOS,8744,1054,Contractor calculation error.,Barceló Costa del Sol,3854.61
04.05.2026,77139181,andrew.johnson868@proton.me,20.05.2026,29.05.2026,1301,BARALA,3144,1054,Contractor calculation error.,Barut Hotels Alanya,
20.05.2026,56344378,claire.dubois705@icloud.com,07.04.2026,10.04.2026,1301,TITBEL,3200,1054,Contractor calculation error.,Titanic Belek,2592.38
27.05.2026,29000472,andrew.keller306@yahoo.com,12.06.2026,15.06.2026,1301,BARSID,1832,,  Contractor calculation error.  ,Barut Hotels Side,"3666,12"
19.05.2026,53238807,paul.johnson338@gmail.com,05.06.2026,12.06.2026, 1178,OCCFUE,5073,1732,BOOKING PAYER ERROR: BRAK WYMAGANEGO PARAMETRU,Occidental Fuerteventura,"748,27"
10.05.2026,43320572,zofia.keller351@gmail.com,02.06.2026,09.06.2026,1178,MELTEN,2545,,Booking Payer Error: Brak wymaganego parametru,Meliá Tenerife,
24.05.2026,96290143,zofia.larsen768@outlook.com,17.03.2026,22.03.2026,2653, VILAL1 ,4180,1755,Booking Create Error: Brak możliwości założenia rezerwacji winterfejsie.,Vila Vita Parc Albufeira Resort,2529.89
12.05.2026,54417200,sophie.berg853@outlook.com,13.05.2026,20.05.2026,1426,HILFUJ,1634,1467,  Booking Complete Error: Error Message : StopSale.  ,Hilton Fujairah,3776.19
11.05.2026,49566968,nina.lang392@outlook.com,24.04.2026,01.05.2026, 1045,CORSHA,9830,1155,  Not enough allotment  ,Coral Sea Sharm El Sheikh,3538.58
06.05.2026,17850078,andrew.moretti251@outlook.com,16.06.2026,30.06.2026,1045,HILMAK,9751,5704,  Improper reservation price.  ,Hilton Makadi Bay,1788.38
03.05.2026,30964359,robert.novak355@hotmail.com,12.05.2026,15.05.2026,1426,JUMRA1,6344,1467,Booking Complete Error: Error Message : StopSale.,Jumeirah Ras Al Khaimah Resort,833.80
01.05.2026,94301757,daniel.keller295@gmail.com,21.05.2026,30.05.2026,1426,JUMFUJ,9379,1155,Not enough allotment,Jumeirah Fujairah,1217.80
19.05.2026,55025143,maria.bakker210@icloud.com,07.06.2026,12.06.2026,1301,VOYSID,7054,1755,Booking Create Error: Brak możliwości założenia rezerwacji winterfejsie.,Voyage Side,1903.24
22.05.2026,46152919,anna.meyer431@outlook.com,08.07.2026,15.07.2026,1301,VOYALA,5333,1778,Booking Complete Error: Zablokowano allotment online.,Voyage Alanya,1233.67
17.05.2026,69611267,daniel.kozlov588@proton.me,18.07.2026,23.07.2026,4182,LOULAR,1534,1155,Not enough allotment,Louis Hotels Larnaca,3368.19
13.05.2026,43442775,thomas.fischer676@hotmail.com,05.04.2026,10.04.2026,1178,BAHCOS,4981,1155,Not enough allotment,Bahia Principe Costa Brava,269.20
07.05.2026,33105299,james.smith54@icloud.com,20.06.2026,23.06.2026, 1714,FALSP1,7797,1155,Not enough allotment,Falkensteiner Split Resort,1256.32
17.05.2026,46712168,julia.costa12@gmail.com,14.04.2026,19.04.2026,1045,corma1,2040,1467,Booking Complete Error: Error Message : StopSale.,Coral Sea Marsa Alam Resort,594.40
18.05.2026,96577129,mark.dubois631@hotmail.com,14.08.2026,17.08.2026,1426,JUMSHA,4644,1054,Contractor calculation error.,Jumeirah Sharjah,266.09
10.05.2026,94301757,michael.novak74@hotmail.com,21.05.2026,30.05.2026,1426,jumfuj,9379,1225,There is already such a booking for this agent.,Jumeirah Fujairah,1217.80
27.05.2026,16066047,emma.wagner91@gmail.com,04.07.2026,09.07.2026,1714,FALPO1,5681,5704,Improper reservation price.,Falkensteiner Porec Resort,1537.64
26.05.2026,89362602,mark.muller91@yahoo.com,05.07.2026,14.07.2026,4182,ATLLAR,4683,1225,There is already such a booking for this agent.,Atlantica Larnaca,"3986,60"
06.05.2026,44919531,james.kowalski268@proton.me,10.06.2026,13.06.2026,1714,VALSPL,5050,5704,IMPROPER RESERVATION PRICE.,Valamar Split,1758.91 PLN
08.05.2026,25749208,claire.weber952@gmail.com,12.06.2026,26.06.2026,4182,CONLIM,5720,1155,Not enough allotment,Constantinou Bros Limassol,1704.23
09.05.2026,20043277,paul.meyer909@icloud.com,13.05.2026,18.05.2026,2653,VILALB,4937,1755,Booking Create Error: Brak możliwości założenia rezerwacji winterfejsie.,Vila Vita Parc Albufeira,2104.49
14.05.2026,46593570,simon.johnson918@icloud.com,04.04.2026,11.04.2026,1714,SUNPO1,6421,5704,Improper reservation price.,Sun Gardens Porec Resort,2342.41 PLN
03.05.2026,61655727,alice.larsen770@hotmail.com,05.05.2026,14.05.2026,1301,VOYBOD,2512,1467,Booking Complete Error: Error Message : StopSale.,Voyage Bodrum,"367,07"
05.05.2026,47625585,olga.roth170@outlook.com,28.03.2026,11.04.2026,1178,OCCBEN,6413,1155,Not enough allotment,Occidental Benidorm,2194.01
15.05.2026,80722909,elena.johnson782@hotmail.com,06.06.2026,11.06.2026,1178,BARTEN,2163,5704,Improper reservation price.,Barceló Tenerife,"4109,55"
30.05.2026,46887920,chris.andersen224@yahoo.com,27.05.2026,30.05.2026,1045, SUNHUR ,7065,5704,Improper reservation price.,Sunrise Hurghada,595.08
28.05.2026,64763549,peter.andersen416@gmail.com,15.06.2026,18.06.2026,1045,BARMAK,4150,1225,There is already such a booking for this agent.,Baron Resort Makadi Bay,3720.48
15.05.2026,94335805,zofia.lang218@proton.me,30.05.2026,02.06.2026,2247,VALAMA,2874,1467,Booking Complete Error: Error Message : StopSale.,Valtur Amalfi Coast,1730.33 PLN
07.05.2026,45047173,sophie.fischer23@outlook.com,30.07.2026,04.08.2026,1714,AMASP1,9890,1225,There is already such a booking for this agent.,Amadria Park Split Resort,1845.58
23.05.2026,41182544,thomas.bianchi593@outlook.com,05.04.2026,08.04.2026,1426,rotsha,9346,1467,Booking Complete Error: Error Message : StopSale.,Rotana Sharjah,3548.04
28.05.2026,70417500,paul.weber553@gmail.com,10.04.2026,19.04.2026,2653,DOMLIS,5118,1778,Booking Complete Error: Zablokowano allotment online.,Dom Pedro Lisbon,990.94
09.05.2026,13898137,claire.novak48@yahoo.com,26.05.2026,31.05.2026,1301,CRYBEL,2638,5704,Improper reservation price.,Crystal Hotels Belek,"1106,30"
17.05.2026,45434750,irene.larsen533@outlook.com,15.05.2026,18.05.2026,1301,LIMKE1,8007,1225,There is already such a booking for this agent.,Limak Kemer Resort,"2404,74"
06.05.2026,66272254,mark.johnson725@gmail.com,02.05.2026,07.05.2026,2247,ROCSAR,4249,1155,Not enough allotment,Rocco Forte Sardinia,2836.05
23.05.2026,13611753,emma.schmidt91@yahoo.com,28.07.2026,31.07.2026,1301,DELANT,9288,5704,  Improper reservation price.  ,Delphin Antalya,1365.14
12.05.2026,46463456,emma.andersen440@yahoo.com,23.06.2026,07.07.2026, 1301, CRYAN1 ,3143,1155,Not enough allotment,Crystal Hotels Antalya Resort,3472.77
08.05.2026,36347197,michael.weber311@hotmail.com,19.04.2026,26.04.2026,2653,tivcas,9595,1755,Booking Create Error: Brak możliwości założenia rezerwacji winterfejsie.,Tivoli Cascais,2758.48
13.05.2026,50176369,mark.dubois21@gmail.com,14.06.2026,21.06.2026,1178,RIUCOS,8062,1467,  Booking Complete Error: Error Message : StopSale.  ,RIU Costa Brava,4087.07 PLN
02.05.2026,40317689,alice.meyer843@gmail.com,10.07.2026,17.07.2026,1301,BARALA,3144,1225,  There is already such a booking for this agent.  ,Barut Hotels Alanya,"3890,68"
25.05.2026,21571285,emma.costa57@outlook.com,10.04.2026,15.04.2026,1301,RIXAL1,1158,1467,Booking Complete Error: Error Message : StopSale.,Rixos Alanya Resort,3902.28
01.05.2026,91527632,daniel.nowak854@proton.me,26.05.2026,29.05.2026,2653,DOMFUN,5530,1054,Contractor calculation error.,Dom Pedro Funchal (Madeira),1403.55
16.05.2026,90424316,anna.lang874@proton.me,04.08.2026,18.08.2026,1178,IBEBEN,6804,1155,Not enough allotment,Iberostar Benidorm,839.35 PLN
11.05.2026,20059485,emma.rossi491@yahoo.com,03.04.2026,10.04.2026,1714,VALROV,4997,1155,Not enough allotment,,3758.00
30.05.2026,58566617,irene.novak485@gmail.com,23.06.2026,02.07.2026,1426,ROTSH1,7691,5704,Improper reservation price.,Rotana Sharjah Resort,2691.63
29.05.2026,62487600,sophie.meyer946@yahoo.com,22.07.2026,31.07.2026,1301, RIXBEL ,9900,1054,Contractor calculation error.,Rixos Belek,-533.70
12.05.2026,93343947,laura.johnson740@gmail.com,05.08.2026,08.08.2026,1426,RADABU,6425,1155,Not enough allotment,Radisson Blu Abu Dhabi,"2755,36"
25.05.2026,40434030,james.larsen364@gmail.com,21.08.2026,24.08.2026,1426,HILSH1,6663,1732,Booking Payer Error: Brak wymaganego parametru,Hilton Sharjah,3546.32
25.05.2026,22901033,sophie.johnson403@outlook.com,22.08.2026,05.09.2026,2247,NHSICX,2124,1225,There is already such a booking for this agent.,NH Collection Sicily,2210.84
22.05.2026,19729173,maria.lang360@hotmail.com,01.04.2026,10.04.2026,1426,AJMABU,2137,1467,Booking Complete Error: Error Message : StopSale.,Ajman Saray Abu Dhabi,"1788,47"
19.05.2026,25629156,emma.wilson614@icloud.com,03.07.2026,08.07.2026,1301,LIMANT,2697,1225,There is already such a booking for this agent.,Limak Antalya,
08.05.2026,80392240,michael.dubois386@yahoo.com,23.04.2026,02.05.2026,1301,LIMMAR,5956,1155,Not enough allotment,Limak Marmaris,1509.00
15.05.2026,30261159,paul.dubois816@outlook.com,02.07.2026,09.07.2026,1301,MAXANT,3546,1755,Booking Create Error: Brak możliwości założenia rezerwacji winterfejsie.,Maxx Royal Antalya,1987.06
15.05.2026,70990495,emma.novak361@gmail.com,03.06.2026,06.06.2026,2653,TIVVI1,6912,1732,Booking Payer Error: Brak wymaganego parametru,Tivoli Vilamoura Resort,3627.48
20.05.2026,72065244,simon.lang230@yahoo.com,12.06.2026,15.06.2026,1301,MAXANT,3546,1054,Contractor calculation error.,Maxx Royal Antalya,292.36
04.05.2026,48183458,nina.berg674@proton.me,20.04.2026,23.04.2026,1045,SUNMAR,6313,1467,Booking Complete Error: Error Message : StopSale.,Sunwing Marsa Alam,3473.18
19.05.2026,75035969,george.wagner813@outlook.com,26.05.2026,04.06.2026,1045,hilhur,5422,1155,Not enough allotment,Hilton Hurghada,3630.38
05.05.2026,14159751,elena.wilson594@proton.me,28.05.2026,06.06.2026,1301,MAXSID,3170,5704,Improper reservation price.,Maxx Royal Side,3949.90
03.05.2026,12396426,kate.dubois458@hotmail.com,25.06.2026,09.07.2026,1045,DANMAR,3266,1732,Booking Payer Error: Brak wymaganego parametru,Dana Beach Marsa Alam,647.40
17.05.2026,14930347,simon.garcia981@yahoo.com,01.06.2026,06.06.2026,1045,DANSHA,2307,1155,Not enough allotment,Dana Beach Sharm El Sheikh,"992,89"
12.05.2026,36594858,olga.kowalski998@icloud.com,27.05.2026,03.06.2026,1426,ADDRA1,8144,1225,There is already such a booking for this agent.,Address Hotels Ras Al Khaimah Resort,3065.95
08.05.2026,26153687,zofia.moretti780@yahoo.com,26.08.2026,09.09.2026,2653,VILPOR,7625,1467,Booking Complete Error: Error Message : StopSale.,Vila Vita Parc Porto,412.10 PLN
20.05.2026,43649142,daniel.moretti854@gmail.com,03.05.2026,17.05.2026,2653,PESCAS,7971,5704,  Improper reservation price.  ,Pestana Cascais,3939.64
12.05.2026,32031067,george.andersen500@gmail.com,06.08.2026,13.08.2026,1045,CORHUR,8428,1467,Booking Complete Error: Error Message : StopSale.,Coral Sea Hurghada,"2191,34"
03.05.2026,95912365,laura.schmidt769@outlook.com,19.05.2026,02.06.2026,2247,BLUVEN,2669,1225,There is already such a booking for this agent.,Bluserena Venice,"3468,71"
14.05.2026,41173885,mark.kravets919@hotmail.com,22.06.2026,25.06.2026,1045,stemak,5304,1155,  Not enough allotment  ,Steigenberger Makadi Bay,1424.53
01.05.2026,69138923,olga.wagner873@hotmail.com,30.07.2026,08.08.2026,1045,SUNEL1,8019,1467,Booking Complete Error: Error Message : StopSale.,Sunrise El Gouna,2398.42
29.05.2026,26377680,andrew.bianchi538@yahoo.com,09.06.2026,14.06.2026,2247, BLUAMA ,8705,5704,Improper reservation price.,Bluserena Amalfi Coast,2993.75
04.05.2026,78946993,peter.andersen61@gmail.com,14.07.2026,23.07.2026,2653,DOMPOR,6419,1155,Not enough allotment,Dom Pedro Porto,2914.13
10.05.2026,10617717,andrew.wilson417@hotmail.com,28.06.2026,07.07.2026,1045,DANMAR,3266,1467,Booking Complete Error: Error Message : StopSale.,Dana Beach Marsa Alam,"3477,77"
20.05.2026,90424316,david.lang421@icloud.com,04.08.2026,18.08.2026, 1178,IBEBEN,6804,1054,Contractor calculation error.,Iberostar Benidorm,839.35
22.05.2026,20988242,michael.wagner685@proton.me,02.06.2026,16.06.2026,1301,RIXKEM,1722,1467,Booking Complete Error: Error Message : StopSale.,Rixos Kemer,3801.91
10.05.2026,31010826,simon.wilson55@hotmail.com,02.05.2026,07.05.2026,1714,RADSP1,8206,1054,  Contractor calculation error.  ,Radisson Blu Split Resort,2017.66
01.05.2026,27251767,maria.wagner335@hotmail.com,29.04.2026,13.05.2026,1426,HILRAS,8119,1155,Not enough allotment,Hilton Ras Al Khaimah,1525.07
18.05.2026,97600391,marta.roth284@icloud.com,29.03.2026,12.04.2026,1301,DELALA,6183,1155,Not enough allotment,Delphin Alanya,"3754,99"
19.05.2026,25975536,nina.smith338@hotmail.com,09.04.2026,14.04.2026,2653,DOMLIS,5118,5704,  Improper reservation price.  ,Dom Pedro Lisbon,2284.39
12.05.2026,46385762,marta.schmidt921@hotmail.com,11.08.2026,20.08.2026,1178,HCOSX1,5092,1467,Booking Complete Error: Error Message : StopSale.,H10 Hotels Costa Brava,433.92
25.05.2026,23490911,zofia.andersen173@gmail.com,27.03.2026,10.04.2026,1178,BAHBEN,6539,1467,Booking Complete Error: Error Message : StopSale.,Bahia Principe Benidorm,"950,08"
22.05.2026,38328517,george.rossi301@hotmail.com,28.05.2026,02.06.2026,1178,OCCGRA,1887,1732,Booking Payer Error: Brak wymaganego parametru,Occidental Gran Canaria,1751.71
17.05.2026,45332312,claire.smith704@hotmail.com,01.05.2026,04.05.2026,2247,bagrom,5941,1467,Booking Complete Error: Error Message : StopSale.,Baglioni Hotels Rome,2292.20 PLN
06.05.2026,59772648,daniel.andersen629@proton.me,14.04.2026,19.04.2026,1426,HILABU,8541,5704,Improper reservation price.,Hilton Abu Dhabi,566.16
29.05.2026,60734981,nina.moretti971@outlook.com,18.07.2026,23.07.2026,1045,PICTAB,7543,1155,Not enough allotment,Pickalbatros Taba,1528.34
24.05.2026,49856856,julia.costa328@outlook.com,08.05.2026,22.05.2026,1045,barsha,7227,1778,Booking Complete Error: Zablokowano allotment online.,Baron Resort Sharm El Sheikh,
03.05.2026,51821764,claire.dubois802@proton.me,27.06.2026,06.07.2026,1045,CORMA1,2040,5704,Improper reservation price.,Coral Sea Marsa Alam Resort,2654.23
01.05.2026,74648810,daniel.nowak486@proton.me,07.06.2026,12.06.2026,2653,DOMPO1,8690,5704,Improper reservation price.,Dom Pedro Porto Resort,1661.12
10.05.2026,82129763,john.schmidt128@icloud.com,18.06.2026,27.06.2026,1178,BARCO1,6559,1732,BOOKING PAYER ERROR: BRAK WYMAGANEGO PARAMETRU,Barceló Costa Brava,1598.53
16.05.2026,94016755,alice.rossi445@hotmail.com,25.07.2026,28.07.2026,2653,TIVPOR,8933,1755,Booking Create Error: Brak możliwości założenia rezerwacji winterfejsie.,Tivoli Porto,4109.27
17.05.2026,28148921,david.moretti989@icloud.com,09.07.2026,12.07.2026,1045,BARHUR,1525,1732,Booking Payer Error: Brak wymaganego parametru,Baron Resort Hurghada,2799.34
03.05.2026,85488864,peter.dubois703@proton.me,24.06.2026,27.06.2026,1301,VOYMAR,2753,5704,Improper reservation price.,Voyage Marmaris,265.20
08.05.2026,36233131,paul.garcia149@yahoo.com,08.06.2026,17.06.2026,1301,DELAL1,3647,8056,Wrong room configuration,Delphin Alanya Resort,"1815,70"
14.05.2026,53185509,daniel.keller385@yahoo.com,04.07.2026,18.07.2026,1045,CORMAR,6925,1155,Not enough allotment,Coral Sea Marsa Alam,4102.94
01.05.2026,97080212,irene.wilson230@gmail.com,05.06.2026,14.06.2026,1045,SUNMA1,9179,1755,Booking Create Error: Brak możliwości założenia rezerwacji winterfejsie.,Sunrise Marsa Alam,2657.13
24.05.2026,21356205,laura.berg176@icloud.com,10.07.2026,13.07.2026,1045,JAZHUR,4456,8056,Wrong room configuration,Jaz Hurghada,"4120,72"
14.05.2026,42844981,thomas.wagner492@hotmail.com,15.05.2026,18.05.2026,1714,VALRO1,5451,1155,Not enough allotment,Valamar Rovinj Resort,1582.54
28.05.2026,36898480,andrew.bakker912@hotmail.com,04.06.2026,07.06.2026,1301,CRYBEL,2638,5704,  Improper reservation price.  ,Crystal Hotels Belek,"3054,60"
20.05.2026,80266070,andrew.petrov904@yahoo.com,21.06.2026,24.06.2026,1178,RIUFUE,7669,1755,Booking Create Error: Brak możliwości założenia rezerwacji winterfejsie.,RIU Fuerteventura,"839,50"
18.05.2026,19314506,olga.roth442@yahoo.com,28.04.2026,07.05.2026,4182,AMALAR,4792,1467,  Booking Complete Error: Error Message : StopSale.  ,Amara Larnaca,"2192,30"
31.05.2026,34936450,kate.wagner749@yahoo.com,06.06.2026,11.06.2026,1301,DELBEL,3584,1155,Not enough allotment,Delphin Belek,1927.85
24.05.2026,35386238,irene.keller519@yahoo.com,28.05.2026,31.05.2026,1301,BARKEM,9666,1467,Booking Complete Error: Error Message : StopSale.,Barut Hotels Kemer,-714.85
06.05.2026,57063469,claire.schmidt754@outlook.com,29.07.2026,07.08.2026,1301,RIXKEM,1722,1155,NOT ENOUGH ALLOTMENT,Rixos Kemer,2598.39
29.05.2026,70571378,john.kowalski262@gmail.com,31.03.2026,05.04.2026,1426,ROTRAS,8149,1467,  Booking Complete Error: Error Message : StopSale.  ,Rotana Ras Al Khaimah,1336.33
26.05.2026,15684813,james.novak870@hotmail.com,12.06.2026,21.06.2026, 1301,RIXSID,6617,1467,Booking Complete Error: Error Message : StopSale.,,3120.92
20.05.2026,17371568,alice.smith646@proton.me,28.03.2026,06.04.2026,1301,DELKEM,5915,5704,Improper reservation price.,Delphin Kemer,3572.06
29.05.2026,69687613,george.johnson949@hotmail.com,22.04.2026,27.04.2026,1301,CRYBOD,4450,1467,Booking Complete Error: Error Message : StopSale.,Crystal Hotels Bodrum,2798.18
10.05.2026,28148921,elena.weber994@hotmail.com,09.07.2026,12.07.2026,1045,BARHUR,1525,1054,Contractor calculation error.,,"2799,34"
22.05.2026,74549616,claire.nowak401@yahoo.com,12.05.2026,17.05.2026,1045,PICTAB,7543,1155,NOT ENOUGH ALLOTMENT,Pickalbatros Taba,3498.64
13.05.2026,52860106,anna.kravets541@yahoo.com,16.05.2026,21.05.2026,2653,TIVLI1,5853,1155,Not enough allotment,,3654.48
06.05.2026,80671793,nina.dubois548@icloud.com,01.06.2026,08.06.2026,1178,HBENXX,8579,5704,Improper reservation price.,H10 Hotels Benidorm,4022.24
13.05.2026,66765292,robert.keller566@icloud.com,20.05.2026,23.05.2026,1301,DELBOD,2891,1155,Not enough allotment,Delphin Bodrum,899.31
23.05.2026,71839630,robert.roth898@icloud.com,24.03.2026,29.03.2026,1301,MAXSID,3170,1732,Booking Payer Error: Brak wymaganego parametru,Maxx Royal Side,1268.88
07.05.2026,82838996,marta.nowak443@hotmail.com,12.06.2026,26.06.2026,1301,CRYALA,6464,1054,Contractor calculation error.,Crystal Hotels Alanya,3451.44
03.05.2026,45279000,emma.wilson375@yahoo.com,29.04.2026,13.05.2026,1178,IBEFUE,5563,1155,  Not enough allotment  ,Iberostar Fuerteventura,1186.70 PLN
14.05.2026,38445777,robert.fischer441@proton.me,25.06.2026,28.06.2026,1301,voyan1,5291,1225,There is already such a booking for this agent.,,2133.91
15.05.2026,52286809,david.muller536@yahoo.com,12.07.2026,19.07.2026,1714,RADROV,5082,1467,Booking Complete Error: Error Message : StopSale.,Radisson Blu Rovinj,2600.30
27.05.2026,33812817,martin.nowak745@hotmail.com,07.05.2026,12.05.2026,1714,AMAZAD,7291,1155,Not enough allotment,Amadria Park Zadar,707.38
27.05.2026,49045368,kate.garcia56@hotmail.com,18.06.2026,21.06.2026,1301,VOYBOD,2512,1732,Booking Payer Error: Brak wymaganego parametru,Voyage Bodrum,415.79
20.05.2026,93769469,michael.kozlov415@icloud.com,12.07.2026,17.07.2026,1178,NHPALX,9856,8056,Wrong room configuration,,4093.04 PLN
12.05.2026,47193171,marta.petrov464@proton.me,16.06.2026,23.06.2026,2247,UNAVE1,2729,1225,There is already such a booking for this agent.,UNA Hotels Venice Resort,1307.44
24.05.2026,24321446,zofia.meyer534@yahoo.com,11.05.2026,14.05.2026,1045,HILTAB,5040,5704,Improper reservation price.,Hilton Taba,1694.96
02.05.2026,73319051,mark.petrov835@outlook.com,17.04.2026,20.04.2026,2653,PESPO1,2680,5704,  Improper reservation price.  ,,4184.89
12.05.2026,21044911,paul.rossi637@outlook.com,07.08.2026,10.08.2026,1301,BARSID,1832,1467,Booking Complete Error: Error Message : StopSale.,Barut Hotels Side,"2855,70"
03.05.2026,36720922,daniel.muller239@icloud.com,02.04.2026,09.04.2026,4182,CONLI1,6280,5704,Improper reservation price.,Constantinou Bros Limassol Resort,1587.60
19.05.2026,70964539,marta.fischer542@hotmail.com,30.04.2026,09.05.2026,1178,bahpal,9786,1225,There is already such a booking for this agent.,Bahia Principe Palma de Mallorca,4039.59
31.05.2026,90187796,martin.keller971@hotmail.com,29.06.2026,04.07.2026,1301,CRYKEM,5462,1732,  Booking Payer Error: Brak wymaganego parametru  ,Crystal Hotels Kemer,3610.22
13.05.2026,95909978,claire.roth227@proton.me,24.07.2026,07.08.2026,1301,LIMBOD,2127,1155,Not enough allotment,Limak Bodrum,"2994,21"
26.05.2026,78019354,robert.roth45@icloud.com,19.06.2026,24.06.2026, 1426,ROTRAS,8149,5704,Improper reservation price.,Rotana Ras Al Khaimah,1370.72
22.05.2026,14044297,james.costa362@proton.me,26.06.2026,05.07.2026,1045,DANTAB,5339,1732,BOOKING PAYER ERROR: BRAK WYMAGANEGO PARAMETRU,Dana Beach Taba,
01.05.2026,71211957,daniel.wagner537@proton.me,15.04.2026,20.04.2026,1426, HILDUB ,7267,1467,  Booking Complete Error: Error Message : StopSale.  ,Hilton Dubai,2375.41
23.05.2026,44613622,sophie.costa368@icloud.com,31.05.2026,09.06.2026,2247,blusic,4978,1155,Not enough allotment,Bluserena Sicily,809.56
09.05.2026,95671339,simon.wagner228@yahoo.com,27.06.2026,02.07.2026,1178,BAHCO1,3296,1732,Booking Payer Error: Brak wymaganego parametru,Bahia Principe Costa del Sol,1224.17
18.05.2026,67860520,olga.muller450@proton.me,27.05.2026,03.06.2026,1178,NHCOS1,2604,1755,Booking Create Error: Brak możliwości założenia rezerwacji winterfejsie.,NH Collection Costa Brava,"3001,74"
21.05.2026,25368629,simon.nowak603@proton.me,18.07.2026,23.07.2026,1045,SUNMAR,6313,1054,  Contractor calculation error.  ,,1760.45
14.05.2026,94646134,john.bakker649@hotmail.com,15.04.2026,24.04.2026,1301, VOYMAR ,2753,5704,Improper reservation price.,Voyage Marmaris,3179.66
01.05.2026,45239935,martin.meyer134@yahoo.com,19.05.2026,28.05.2026,1301,delmar,9280,1155,Not enough allotment,Delphin Marmaris,586.06
14.05.2026,87893140,chris.smith902@hotmail.com,13.05.2026,27.05.2026,1045,JAZMAK,1771,1054,Contractor calculation error.,Jaz Makadi Bay,2480.90
29.05.2026,31818964,nina.smith380@outlook.com,14.07.2026,21.07.2026,1045,RIXHUR,4593,1054,  Contractor calculation error.  ,Rixos Hurghada,3116.25
15.05.2026,10452009,nina.garcia783@yahoo.com,29.07.2026,01.08.2026,2653,DOMAL1,5136,5704,Improper reservation price.,Dom Pedro Albufeira Resort,4052.01
14.05.2026,73038907,maria.wagner968@yahoo.com,02.09.2026,05.09.2026,1426,ADDAB1,6067,1467,Booking Complete Error: Error Message : StopSale.,Address Hotels Abu Dhabi Resort,1429.22
03.05.2026,30499966,martin.kowalski677@hotmail.com,14.08.2026,21.08.2026,4182,OLYAYI,2880,1467,Booking Complete Error: Error Message : StopSale.,Olympic Lagoon Ayia Napa,1445.87
10.05.2026,16534020,claire.johnson762@gmail.com,31.05.2026,05.06.2026, 1714, RADPO1 ,6238,1732,Booking Payer Error: Brak wymaganego parametru,Radisson Blu Porec Resort,3416.15
05.05.2026,97329601,irene.fischer709@gmail.com,04.06.2026,07.06.2026,1426,AJMDUB,1452,1467,Booking Complete Error: Error Message : StopSale.,Ajman Saray Dubai,"832,18"
09.05.2026,46982789,david.keller114@icloud.com,19.07.2026,02.08.2026,4182,CONLIM,5720,1225,There is already such a booking for this agent.,Constantinou Bros Limassol,4063.64
30.05.2026,74215283,zofia.nowak529@outlook.com,05.06.2026,19.06.2026,1045,SUNTAB,2654,1054,Contractor calculation error.,Sunrise Taba,-2690.58
01.05.2026,35609022,david.wagner28@yahoo.com,06.04.2026,09.04.2026,2247,NHSARX,1317,1467,Booking Complete Error: Error Message : StopSale.,,
26.05.2026,73562378,robert.fischer182@yahoo.com,19.08.2026,24.08.2026,1301,CRYSID,5905,1467,Booking Complete Error: Error Message : StopSale.,Crystal Hotels Side,4045.73
17.05.2026,18728266,david.schmidt131@proton.me,05.04.2026,19.04.2026,1426, ADDFUJ ,8711,1732,Booking Payer Error: Brak wymaganego parametru,Address Hotels Fujairah,3485.54
20.05.2026,47309803,thomas.novak464@outlook.com,03.04.2026,12.04.2026,1426,ADDRA1,8144,1155,Not enough allotment,Address Hotels Ras Al Khaimah Resort,670.11
03.05.2026,91397212,john.weber696@yahoo.com,27.05.2026,30.05.2026,1714,FALZA1,3471,5704,Improper reservation price.,Falkensteiner Zadar Resort,4103.58
10.05.2026,16731418,zofia.kravets762@outlook.com,25.04.2026,04.05.2026,1178,NHPALX,9856,1225,There is already such a booking for this agent.,NH Collection Palma de Mallorca,2450.62
12.05.2026,99602084,olga.bakker121@outlook.com,21.05.2026,26.05.2026,1714,AMAZAD,7291,5704,  Improper reservation price.  ,Amadria Park Zadar,3775.18
04.05.2026,99226114,thomas.dubois605@gmail.com,04.04.2026,11.04.2026,1045,JAZTAB,2489,1732,Booking Payer Error: Brak wymaganego parametru,Jaz Taba,477.43
09.05.2026,85729920,thomas.nowak858@proton.me,27.04.2026,06.05.2026,1045,SUNTAB,2654,1155,Not enough allotment,Sunrise Taba,3172.19
03.05.2026,64681948,maria.meyer956@hotmail.com,19.06.2026,24.06.2026,1178,occcos,4770,1155,Not enough allotment,,1236.23
12.05.2026,95975263,paul.novak91@gmail.com,26.04.2026,29.04.2026, 1301,BARSID,1832,,There is already such a booking for this agent.,Barut Hotels Side,3890.11
18.05.2026,54486784,james.fischer414@outlook.com,12.05.2026,19.05.2026,1045,DANHU1,7252,1155,Not enough allotment,Dana Beach Hurghada Resort,1014.24
10.05.2026,48143081,emma.costa585@outlook.com,22.08.2026,29.08.2026,1045,DANHU1,7252,1155,Not enough allotment,,1947.72
05.05.2026,38721683,nina.garcia433@yahoo.com,21.03.2026,30.03.2026,1426,ROTFUJ,2894,1054,Contractor calculation error.,Rotana Fujairah,282.68
29.05.2026,14929963,michael.berg583@yahoo.com,18.08.2026,23.08.2026,1426,RADFUJ,2776,1155,Not enough allotment,Radisson Blu Fujairah,4001.18
03.05.2026,33275449,simon.wilson188@proton.me,15.07.2026,29.07.2026,1178,RIUPAL,8350,1155,NOT ENOUGH ALLOTMENT,RIU Palma de Mallorca,-712.98
03.05.2026,95330116,andrew.petrov425@yahoo.com,30.03.2026,08.04.2026,1178,BARPAL,2049,1755,Booking Create Error: Brak możliwości założenia rezerwacji winterfejsie.,Barceló Palma de Mallorca,2291.43
15.05.2026,47522271,olga.kozlov496@outlook.com,12.06.2026,26.06.2026,4182,CONPA1,1977,5704,Improper reservation price.,Constantinou Bros Paphos Resort,1581.89
05.05.2026,67016371,anna.johnson813@proton.me,15.04.2026,18.04.2026,1178,MELGRA,4681,1778,  Booking Complete Error: Zablokowano allotment online.  ,Meliá Gran Canaria,2978.73
13.05.2026,58359530,alice.costa204@hotmail.com,18.05.2026,25.05.2026,1045,SUNEL1,8019,1467,Booking Complete Error: Error Message : StopSale.,Sunrise El Gouna,2463.38
14.05.2026,98603880,thomas.bianchi463@gmail.com,22.06.2026,25.06.2026,1178,MELIBI,7596,1467,Booking Complete Error: Error Message : StopSale.,Meliá Ibiza,1043.43
31.05.2026,61028711,james.moretti973@yahoo.com,21.07.2026,26.07.2026,4182,ANALI1,5102,1155,Not enough allotment,Anassa Limassol Resort,2140.60
04.05.2026,69880867,george.roth692@hotmail.com,13.04.2026,22.04.2026,1301,LIMMAR,5956,1155,Not enough allotment,Limak Marmaris,3150.73
03.05.2026,71072780,laura.dubois113@gmail.com,05.06.2026,14.06.2026,1426,ROTSH1,7691,1732,Booking Payer Error: Brak wymaganego parametru,Rotana Sharjah Resort,2488.32
24.05.2026,49789085,thomas.novak78@yahoo.com,12.06.2026,19.06.2026, 1301,BARBOD,1152,1155,Not enough allotment,Barut Hotels Bodrum,565.62
11.05.2026,46888202,olga.kowalski830@gmail.com,25.07.2026,28.07.2026,1045,SUNMA1,9179,1732,Booking Payer Error: Brak wymaganego parametru,Sunrise Marsa Alam,1546.78 PLN
24.05.2026,44132267,peter.garcia444@outlook.com,30.03.2026,04.04.2026,1714,SUNSPL,8373,5704,Improper reservation price.,Sun Gardens Split,2294.30
13.05.2026,11211767,claire.petrov653@gmail.com,01.07.2026,06.07.2026,1045,RIXHUR,4593,1755,  Booking Create Error: Brak możliwości założenia rezerwacji winterfejsie.  ,Rixos Hurghada,992.10
14.05.2026,79552316,james.bakker216@icloud.com,23.05.2026,26.05.2026, 1178,BARGRA,1993,1755,Booking Create Error: Brak możliwości założenia rezerwacji winterfejsie.,Barceló Gran Canaria,-2067.28
02.05.2026,83927501,robert.kozlov527@hotmail.com,10.05.2026,15.05.2026,1178,BARGRA,1993,1467,Booking Complete Error: Error Message : StopSale.,Barceló Gran Canaria,1150.41
09.05.2026,47406640,james.bakker456@hotmail.com,21.07.2026,30.07.2026, 1178,BAHCO1,3296,8056,Wrong room configuration,Bahia Principe Costa del Sol,2731.95
28.05.2026,37766215,olga.andersen488@icloud.com,22.07.2026,31.07.2026,1178,BAHGRA,6107,1225,There is already such a booking for this agent.,Bahia Principe Gran Canaria,
31.05.2026,23395937,sophie.bianchi36@yahoo.com,10.05.2026,13.05.2026,1301,CRYAN1,3143,1155,Not enough allotment,Crystal Hotels Antalya Resort,3945.95
18.05.2026,54567406,daniel.novak120@hotmail.com,06.04.2026,09.04.2026,1426,ROTABU,3925,1467,BOOKING COMPLETE ERROR: ERROR MESSAGE : STOPSALE.,Rotana Abu Dhabi,1996.76
03.05.2026,85990691,david.kozlov835@icloud.com,26.04.2026,29.04.2026,1178,RIUCO1,1828,1467,Booking Complete Error: Error Message : StopSale.,RIU Costa del Sol,"490,13"
22.05.2026,80264613,andrew.kravets560@outlook.com,22.07.2026,25.07.2026,2653,VIDVI1,1231,1467,Booking Complete Error: Error Message : StopSale.,Vidamar Resorts Vilamoura Resort,"2524,23"
29.05.2026,34447345,michael.larsen254@yahoo.com,07.05.2026,10.05.2026,1301,TITKEM,5114,1054,Contractor calculation error.,Titanic Kemer,2988.91
29.05.2026,82732852,james.smith332@gmail.com,03.07.2026,08.07.2026,1301,TITANT,8508,1755,Booking Create Error: Brak możliwości założenia rezerwacji winterfejsie.,Titanic Antalya,"2449,00"
03.05.2026,10069597,david.berg908@proton.me,30.05.2026,06.06.2026,1045,DANELX,4814,5704,Improper reservation price.,Dana Beach El Gouna,966.21
11.05.2026,94817178,laura.weber286@icloud.com,12.05.2026,26.05.2026,1301,TITSID,5616,1467,  Booking Complete Error: Error Message : StopSale.  ,Titanic Side,1742.44
26.05.2026,32313209,paul.rossi265@hotmail.com,05.06.2026,08.06.2026,2247,MANVEN,2245,1778,Booking Complete Error: Zablokowano allotment online.,Mangia's Resorts Venice,3605.51
19.05.2026,36672019,john.fischer65@hotmail.com,05.07.2026,08.07.2026,2653,tivpor,8933,1467,  Booking Complete Error: Error Message : StopSale.  ,Tivoli Porto,"3739,90"
20.05.2026,88553358,elena.bakker39@yahoo.com,26.05.2026,04.06.2026,1301,TITBEL,3200,1755,Booking Create Error: Brak możliwości założenia rezerwacji winterfejsie.,Titanic Belek,2522.02
15.05.2026,67293719,olga.bakker908@icloud.com,21.05.2026,26.05.2026,1045,RIXSHA,3621,5704,Improper reservation price.,Rixos Sharm El Sheikh,1248.84
13.05.2026,85990691,david.rossi4@yahoo.com,26.04.2026,29.04.2026,1178,RIUCO1,1828,5704,Improper reservation price.,RIU Costa del Sol,490.13
19.05.2026,43712556,paul.smith686@gmail.com,26.05.2026,02.06.2026,2247,BAGAMA,1659,1732,Booking Payer Error: Brak wymaganego parametru,Baglioni Hotels Amalfi Coast,3438.58
30.05.2026,26581824,paul.petrov88@hotmail.com,22.08.2026,27.08.2026,1045,HILMAK,9751,1155,Not enough allotment,Hilton Makadi Bay,610.21
15.05.2026,48689596,peter.johnson223@outlook.com,01.05.2026,10.05.2026, 1426,JUMDU1,9821,1225,There is already such a booking for this agent.,Jumeirah Dubai Resort,505.24
27.05.2026,63447665,peter.lang85@outlook.com,18.05.2026,23.05.2026,1301,CRYBEL,2638,1467,Booking Complete Error: Error Message : StopSale.,Crystal Hotels Belek,2945.24
11.05.2026,35543591,alice.keller483@gmail.com,17.08.2026,26.08.2026,2653,TIVCAS,9595,1732,Booking Payer Error: Brak wymaganego parametru,Tivoli Cascais,1556.53
09.05.2026,44721033,olga.weber43@hotmail.com,17.05.2026,22.05.2026,1714,SUNRO1,7678,1732,Booking Payer Error: Brak wymaganego parametru,Sun Gardens Rovinj Resort,2598.46
18.05.2026,54834875,john.wagner629@yahoo.com,19.03.2026,02.04.2026,1301,VOYSID,7054,1225,There is already such a booking for this agent.,Voyage Side,1247.55
27.05.2026,31311258,mark.garcia515@proton.me,26.08.2026,04.09.2026,1178,BAHCO1,3296,1155,Not enough allotment,Bahia Principe Costa del Sol,2634.65
09.05.2026,75229497,george.keller102@proton.me,05.07.2026,12.07.2026,1426,HILAB1,1027,1732,Booking Payer Error: Brak wymaganego parametru,Hilton Abu Dhabi Resort,269.37
09.05.2026,19281333,mark.muller193@icloud.com,25.03.2026,08.04.2026,1301,CRYBOD,4450,1225,There is already such a booking for this agent.,Crystal Hotels Bodrum,3162.70
04.05.2026,83517562,peter.johnson239@icloud.com,16.06.2026,21.06.2026,1045,STETAB,4432,5704,Improper reservation price.,Steigenberger Taba,"1400,29"
09.05.2026,69636452,kate.novak250@gmail.com,09.08.2026,23.08.2026,1045,SUNTAB,2654,1467,Booking Complete Error: Error Message : StopSale.,Sunrise Taba,"3471,09"
16.05.2026,21404943,marta.petrov345@hotmail.com,02.07.2026,11.07.2026,1426,ADDRAS,4269,1225,THERE IS ALREADY SUCH A BOOKING FOR THIS AGENT.,Address Hotels Ras Al Khaimah,"2118,04"
10.05.2026,94750585,martin.weber939@outlook.com,23.05.2026,26.05.2026,1178,BARCO1,6559,1225,There is already such a booking for this agent.,Barceló Costa Brava,2528.89
20.05.2026,41463321,robert.kozlov224@hotmail.com,13.07.2026,22.07.2026,1178,BAHTEN,1117,1225,There is already such a booking for this agent.,Bahia Principe Tenerife,2936.33
16.05.2026,90298801,maria.larsen54@hotmail.com,22.06.2026,01.07.2026,1178,NHTENX,4510,1778,Booking Complete Error: Zablokowano allotment online.,NH Collection Tenerife,3065.44
05.05.2026,43702011,maria.berg61@gmail.com,17.05.2026,22.05.2026,2653,DOMPOR,6419,1225,There is already such a booking for this agent.,Dom Pedro Porto,2073.90
12.05.2026,98825403,alice.dubois339@yahoo.com,10.05.2026,15.05.2026,1426,ROTAB1,7211,1467,Booking Complete Error: Error Message : StopSale.,Rotana Abu Dhabi Resort,2035.84
26.05.2026,28943138,robert.roth461@gmail.com,16.05.2026,21.05.2026,2247,MANAMA,3683,1155,Not enough allotment,Mangia's Resorts Amalfi Coast,753.65
12.05.2026,42762641,marta.kozlov841@hotmail.com,14.06.2026,28.06.2026,1301,VOYBEL,2200,1155,Not enough allotment,Voyage Belek,"3879,16"
08.05.2026,66388658,zofia.garcia590@proton.me,29.06.2026,13.07.2026,1045,RIXMAK,1750,1467,Booking Complete Error: Error Message : StopSale.,Rixos Makadi Bay,756.80
02.05.2026,65250204,laura.smith569@gmail.com,21.06.2026,30.06.2026,1426,RADFUJ,2776,1467,Booking Complete Error: Error Message : StopSale.,Radisson Blu Fujairah,2902.00
27.05.2026,31311258,mark.garcia515@proton.me,26.08.2026,04.09.2026,1178,BAHCO1,3296,1155,Not enough allotment,Bahia Principe Costa del Sol,2634.65
10.05.2026,36119029,claire.costa373@icloud.com,27.06.2026,11.07.2026,1045,SUNTA1,3664,1054,Contractor calculation error.,Sunwing Taba,3994.62
02.05.2026,99206059,alice.meyer807@outlook.com,05.04.2026,19.04.2026,1301,TITBEL,3200,1755,Booking Create Error: Brak możliwości założenia rezerwacji winterfejsie.,Titanic Belek,"3972,04"
23.05.2026,80035330,michael.wilson233@hotmail.com,01.08.2026,08.08.2026,1301,TITSID,5616,1755,Booking Create Error: Brak możliwości założenia rezerwacji winterfejsie.,Titanic Side,2897.78
12.05.2026,90492280,daniel.muller884@yahoo.com,14.06.2026,19.06.2026,2653,PINPOR,5636,1755,Booking Create Error: Brak możliwości założenia rezerwacji winterfejsie.,Pine Cliffs Porto,970.22
11.05.2026,99028524,irene.nowak948@icloud.com,02.07.2026,16.07.2026,2653,VIDFU1,1893,1467,Booking Complete Error: Error Message : StopSale.,Vidamar Resorts Funchal (Madeira) Resort,452.22
17.05.2026,62170206,thomas.moretti752@hotmail.com,28.07.2026,02.08.2026,1178,OCCTEN,7118,1155,Not enough allotment,Occidental Tenerife,419.16
23.05.2026,79792383,alice.costa930@outlook.com,22.06.2026,27.06.2026,1045,SUNTA1,3664,5704,Improper reservation price.,Sunwing Taba,"2646,59"
04.05.2026,40931982,nina.schmidt460@gmail.com,14.04.2026,21.04.2026,4182,atlay1,9199,1225,There is already such a booking for this agent.,Atlantica Ayia Napa Resort,1350.48
17.05.2026,53157286,david.bianchi596@hotmail.com,28.06.2026,12.07.2026,1045,SUNSHA,6977,1155,  Not enough allotment  ,Sunrise Sharm El Sheikh,"1365,96"
29.05.2026,21906479,mark.schmidt1@icloud.com,06.06.2026,09.06.2026,1301,VOYKEM,2188,1155,  Not enough allotment  ,Voyage Kemer,2239.62
24.05.2026,28348255,olga.petrov944@proton.me,28.06.2026,01.07.2026,1301,DELMAR,9280,5704,Improper reservation price.,Delphin Marmaris,"2481,49"
27.05.2026,55332729,irene.moretti808@outlook.com,18.05.2026,25.05.2026,2247,VALSAR,6111,1467,Booking Complete Error: Error Message : StopSale.,Valtur Sardinia,2411.88
07.05.2026,55735904,george.novak793@gmail.com,15.06.2026,20.06.2026,1045,RIXSHA,3621,1054,Contractor calculation error.,Rixos Sharm El Sheikh,3081.90
09.05.2026,91470109,laura.kozlov947@icloud.com,25.05.2026,01.06.2026,1714,RADZAD,6198,1467,BOOKING COMPLETE ERROR: ERROR MESSAGE : STOPSALE.,Radisson Blu Zadar,2216.41
30.05.2026,12097866,james.rossi949@gmail.com,08.07.2026,13.07.2026,1714,RADSP1,8206,1467,Booking Complete Error: Error Message : StopSale.,Radisson Blu Split Resort,3724.53
05.05.2026,68348074,john.larsen9@hotmail.com,22.06.2026,29.06.2026,1426,JUMABU,9785,1155,NOT ENOUGH ALLOTMENT,Jumeirah Abu Dhabi,3085.28
07.05.2026,84178346,irene.nowak61@yahoo.com,19.06.2026,03.07.2026,1301,VOYALA,5333,1732,Booking Payer Error: Brak wymaganego parametru,Voyage Alanya,2646.76
11.05.2026,42860242,daniel.nowak815@yahoo.com,08.07.2026,17.07.2026,4182,CONPA1,1977,1155,Not enough allotment,Constantinou Bros Paphos Resort,613.36
10.05.2026,48065683,alice.keller455@yahoo.com,20.05.2026,29.05.2026,1045,hilmak,9751,1155,Not enough allotment,Hilton Makadi Bay,"2054,94"
28.05.2026,27028750,thomas.lang35@hotmail.com,14.05.2026,19.05.2026,1301,BARSID,1832,1467,Booking Complete Error: Error Message : StopSale.,Barut Hotels Side,"3774,10"
19.05.2026,47255211,paul.dubois714@yahoo.com,17.05.2026,22.05.2026,1178,BARCOS,8744,1755,Booking Create Error: Brak możliwości założenia rezerwacji winterfejsie.,Barceló Costa del Sol,627.16
11.05.2026,55043374,olga.meyer604@gmail.com,15.06.2026,29.06.2026,1426,ROTAB1,7211,5704,Improper reservation price.,Rotana Abu Dhabi Resort,661.78 PLN
25.05.2026,34275084,claire.roth705@hotmail.com,18.07.2026,23.07.2026,1178,IBECO1,2235,1054,Contractor calculation error.,Iberostar Costa del Sol,1730.40
05.05.2026,33860305,claire.weber186@gmail.com,01.05.2026,15.05.2026,2653,VILPO1,5494,1778,  Booking Complete Error: Zablokowano allotment online.  ,Vila Vita Parc Porto Resort,"868,63"
11.05.2026,71636167,john.johnson183@outlook.com,18.06.2026,21.06.2026,2653,PESVI1,5786,1755,Booking Create Error: Brak możliwości założenia rezerwacji winterfejsie.,Pestana Vilamoura Resort,3081.63
31.05.2026,96434303,mark.schmidt93@yahoo.com,27.05.2026,03.06.2026,1045,SUNSHA,6977,1755,BOOKING CREATE ERROR: BRAK MOŻLIWOŚCI ZAŁOŻENIA REZERWACJI WINTERFEJSIE.,Sunrise Sharm El Sheikh,3550.21
26.05.2026,91515342,irene.fischer510@gmail.com,06.06.2026,20.06.2026,2653,DOMVIL,4630,1732,Booking Payer Error: Brak wymaganego parametru,Dom Pedro Vilamoura,3029.68
30.05.2026,95871687,sophie.rossi166@outlook.com,03.05.2026,17.05.2026,1301,barma2,1128,5704,Improper reservation price.,,-2571.75
12.05.2026,89625763,maria.weber642@yahoo.com,08.07.2026,13.07.2026,1301,DELMAR,9280,1054,Contractor calculation error.,Delphin Marmaris,3480.55
12.05.2026,79323646,daniel.novak800@hotmail.com,22.05.2026,31.05.2026,1045, HILSHA ,1916,1755,Booking Create Error: Brak możliwości założenia rezerwacji winterfejsie.,Hilton Sharm El Sheikh,3675.40
10.05.2026,65081185,peter.bianchi383@yahoo.com,23.07.2026,01.08.2026,1045,HILELX,6168,1778,Booking Complete Error: Zablokowano allotment online.,Hilton El Gouna,1639.33
27.05.2026,26768623,simon.moretti764@icloud.com,25.06.2026,28.06.2026,4182,LOUPR1,8172,5704,Improper reservation price.,,1813.54
22.05.2026,80557676,mark.kowalski129@outlook.com,03.09.2026,12.09.2026,1045,HILHUR,5422,1755,  Booking Create Error: Brak możliwości założenia rezerwacji winterfejsie.  ,Hilton Hurghada,1872.64
31.05.2026,89675979,julia.nowak492@icloud.com,30.04.2026,14.05.2026,1178,MELCO1,7735,1155,Not enough allotment,Meliá Costa Brava,4160.80
11.05.2026,51937863,kate.petrov7@proton.me,07.05.2026,12.05.2026,1426,MARDU1,9518,1155,Not enough allotment,Marriott Dubai Resort,-3043.08
07.05.2026,75840632,john.lang725@outlook.com,13.08.2026,20.08.2026,1714,RADSP1,8206,5704,Improper reservation price.,Radisson Blu Split Resort,3370.14
16.05.2026,81600765,emma.fischer976@hotmail.com,06.06.2026,09.06.2026,1178, BARCOS ,8744,1778,Booking Complete Error: Zablokowano allotment online.,Barceló Costa del Sol,"1126,68"
14.05.2026,15340730,peter.kravets68@outlook.com,20.07.2026,03.08.2026,4182,ATLLA1,8245,1755,Booking Create Error: Brak możliwości założenia rezerwacji winterfejsie.,Atlantica Larnaca Resort,3579.82
18.05.2026,48790592,robert.garcia26@outlook.com,16.05.2026,19.05.2026,1178,BARBEN,4608,1054,Contractor calculation error.,Barceló Benidorm,1497.47
25.05.2026,35482497,mark.johnson190@gmail.com,14.03.2026,28.03.2026,1045,PICMAR,2169,1467,Booking Complete Error: Error Message : StopSale.,Pickalbatros Marsa Alam,"2959,59"
13.05.2026,59405006,olga.garcia494@proton.me,22.06.2026,01.07.2026,1426,ADDABU,6753,1778,Booking Complete Error: Zablokowano allotment online.,Address Hotels Abu Dhabi,732.58
02.05.2026,10358749,emma.wagner920@gmail.com,06.06.2026,11.06.2026,2247,UNAVE1,2729,1155,NOT ENOUGH ALLOTMENT,UNA Hotels Venice Resort,3528.77
07.05.2026,39903297,michael.berg875@icloud.com,25.06.2026,09.07.2026,1045,SUNSH1,6930,1778,Booking Complete Error: Zablokowano allotment online.,Sunwing Sharm El Sheikh,3399.64
21.05.2026,10943881,zofia.keller586@hotmail.com,05.08.2026,10.08.2026,1301,BARMA2,1128,1155,Not enough allotment,Barut Hotels Marmaris,2963.09
15.05.2026,59430703,zofia.andersen607@yahoo.com,15.08.2026,18.08.2026,1045,CORHUR,8428,5704,Improper reservation price.,Coral Sea Hurghada,591.59
15.05.2026,19475948,kate.wilson322@yahoo.com,27.06.2026,04.07.2026,1301,delbel,3584,1155,Not enough allotment,Delphin Belek,"2727,12"
21.05.2026,47583627,andrew.johnson876@hotmail.com,23.04.2026,02.05.2026,1045,corma1,2040,1732,Booking Payer Error: Brak wymaganego parametru,Coral Sea Marsa Alam Resort,"1707,84"
21.05.2026,58863529,michael.wagner189@icloud.com,20.05.2026,27.05.2026,2653,DOMAL1,5136,1467,Booking Complete Error: Error Message : StopSale.,Dom Pedro Albufeira Resort,"3324,27"
30.05.2026,35278591,maria.moretti831@proton.me,21.04.2026,30.04.2026,1178,HGRAXX,4899,1467,Booking Complete Error: Error Message : StopSale.,H10 Hotels Gran Canaria,3386.51
21.05.2026,19293581,kate.johnson535@yahoo.com,28.04.2026,05.05.2026, 1045,SUNMA2,2796,1467,Booking Complete Error: Error Message : StopSale.,Sunwing Makadi Bay,1072.96
01.05.2026,43096758,elena.wilson494@icloud.com,23.07.2026,28.07.2026,4182,ATLLAR,4683,1467,Booking Complete Error: Error Message : StopSale.,Atlantica Larnaca,2128.73
09.05.2026,34480241,andrew.bianchi176@hotmail.com,19.07.2026,02.08.2026,1045,BARMAR,5741,1155,Not enough allotment,Baron Resort Marsa Alam,654.23
30.05.2026,91030373,james.berg76@hotmail.com,21.07.2026,24.07.2026,1714,SUNMA3,8461,8056,Wrong room configuration,Sun Gardens Makarska,2880.22
20.05.2026,28150421,mark.schmidt209@icloud.com,06.06.2026,13.06.2026,1301,LIMBE1,2832,1755,Booking Create Error: Brak możliwości założenia rezerwacji winterfejsie.,Limak Belek Resort,3455.23 PLN
06.05.2026,77614227,robert.johnson945@gmail.com,05.05.2026,12.05.2026,1426,AJMFU1,4228,1467,Booking Complete Error: Error Message : StopSale.,Ajman Saray Fujairah Resort,2428.86
14.05.2026,19369750,sophie.kozlov306@hotmail.com,11.08.2026,16.08.2026,1045,SUNMA1,9179,1732,Booking Payer Error: Brak wymaganego parametru,,1341.18
20.05.2026,90424316,david.lang421@icloud.com,04.08.2026,18.08.2026, 1178,IBEBEN,6804,1054,Contractor calculation error.,Iberostar Benidorm,839.35
21.05.2026,54697367,irene.bianchi564@hotmail.com,27.04.2026,04.05.2026,1301,DELSID,9004,1732,Booking Payer Error: Brak wymaganego parametru,Delphin Side,3412.82
28.05.2026,47427169,david.keller548@outlook.com,10.06.2026,15.06.2026,1301,LIMKEM,4346,1755,Booking Create Error: Brak możliwości założenia rezerwacji winterfejsie.,Limak Kemer,1253.71
17.05.2026,71776297,simon.weber820@proton.me,04.05.2026,11.05.2026,1301,LIMSID,5002,1155,Not enough allotment,Limak Side,3030.94
14.05.2026,17957405,irene.kozlov521@icloud.com,17.06.2026,22.06.2026,2653,TIVVI1,6912,1467,Booking Complete Error: Error Message : StopSale.,Tivoli Vilamoura Resort,969.33
28.05.2026,80528349,irene.kozlov698@proton.me,07.07.2026,16.07.2026,1301,LIMANT,2697,5704,Improper reservation price.,Limak Antalya,1738.46
02.05.2026,13461757,thomas.novak759@outlook.com,12.04.2026,26.04.2026, 1045,SUNSHA,6977,1155,Not enough allotment,Sunrise Sharm El Sheikh,4041.94
27.05.2026,31948303,sophie.weber305@hotmail.com,16.06.2026,19.06.2026,1301,LIMKE1,8007,1755,Booking Create Error: Brak możliwości założenia rezerwacji winterfejsie.,Limak Kemer Resort,3782.23
04.05.2026,37258959,andrew.roth536@gmail.com,08.07.2026,11.07.2026,1714,VALPO1,3503,1155,Not enough allotment,Valamar Porec Resort,1455.01
02.05.2026,27299087,paul.muller119@yahoo.com,06.06.2026,15.06.2026,1426,ROTABU,3925,1755,Booking Create Error: Brak możliwości założenia rezerwacji winterfejsie.,Rotana Abu Dhabi,2868.70
23.05.2026,63602194,claire.costa138@gmail.com,28.04.2026,01.05.2026,1178,BARPAL,2049,1155,Not enough allotment,Barceló Palma de Mallorca,1629.69
03.05.2026,99809345,mark.meyer849@yahoo.com,14.05.2026,21.05.2026,1714,amaza1,2269,1155,Not enough allotment,Amadria Park Zadar Resort,1049.91
18.05.2026,63804242,sophie.garcia946@proton.me,03.05.2026,06.05.2026,4182,AMALIM,3441,1778,Booking Complete Error: Zablokowano allotment online.,Amara Limassol,1421.16
03.05.2026,63423225,anna.smith754@yahoo.com,27.05.2026,03.06.2026,1714,FALDU1,9540,1155,Not enough allotment,Falkensteiner Dubrovnik Resort,
17.05.2026,34994420,daniel.larsen39@icloud.com,17.04.2026,26.04.2026,2653,VIDPOR,8753,1467,Booking Complete Error: Error Message : StopSale.,Vidamar Resorts Porto,890.96
02.05.2026,79350676,peter.rossi575@outlook.com,27.05.2026,10.06.2026,1045,PICMAR,2169,5704,  Improper reservation price.  ,Pickalbatros Marsa Alam,1425.29
02.05.2026,94907623,michael.novak204@proton.me,11.07.2026,20.07.2026, 2653,TIVLIS,8800,1225,There is already such a booking for this agent.,Tivoli Lisbon,1938.93
11.05.2026,52425629,sophie.novak270@outlook.com,09.06.2026,14.06.2026,1301,DELANT,9288,1467,Booking Complete Error: Error Message : StopSale.,Delphin Antalya,3816.69
04.05.2026,61041742,andrew.costa256@outlook.com,08.06.2026,17.06.2026,1178,MELGRA,4681,1225,  There is already such a booking for this agent.  ,,923.03
06.05.2026,21865330,emma.bakker48@outlook.com,26.05.2026,04.06.2026,1045,HILMAR,5386,5704,Improper reservation price.,Hilton Marsa Alam,3442.92
26.05.2026,67605349,peter.kravets775@yahoo.com,18.07.2026,01.08.2026,1301,BARANT,5272,1155,Not enough allotment,Barut Hotels Antalya,1687.30
04.05.2026,75536169,maria.weber578@proton.me,06.08.2026,13.08.2026,1301,DELMAR,9280,1778,Booking Complete Error: Zablokowano allotment online.,Delphin Marmaris,1356.39
12.05.2026,72546007,david.wilson236@icloud.com,23.06.2026,02.07.2026,1178,IBEIBI,1964,1054,Contractor calculation error.,,639.50
31.05.2026,83260153,thomas.kravets958@proton.me,22.06.2026,01.07.2026,1178,IBETEN,8397,1155,NOT ENOUGH ALLOTMENT,Iberostar Tenerife,974.32
09.05.2026,67379655,kate.nowak53@hotmail.com,29.03.2026,07.04.2026,1426,hildu1,7311,1155,NOT ENOUGH ALLOTMENT,Hilton Dubai Resort,2720.61 PLN
19.05.2026,44613622,john.dubois147@proton.me,31.05.2026,09.06.2026, 2247,BLUSIC,4978,1467,Booking Complete Error: Error Message : StopSale.,Bluserena Sicily,809.56
27.05.2026,85825317,olga.smith214@hotmail.com,16.05.2026,23.05.2026,1301,DELMAR,9280,1155,Not enough allotment,Delphin Marmaris,3113.61
15.05.2026,56530441,zofia.lang783@outlook.com,18.07.2026,01.08.2026,1301,RIXALA,6147,1467,Booking Complete Error: Error Message : StopSale.,Rixos Alanya,3095.04
31.05.2026,38083361,john.andersen127@proton.me,20.07.2026,03.08.2026,1426,AJMDU1,3085,1467,Booking Complete Error: Error Message : StopSale.,Ajman Saray Dubai Resort,"3264,86"
12.05.2026,91816828,olga.wilson928@proton.me,28.06.2026,07.07.2026, 1045,CORTAB,7572,5704,Improper reservation price.,Coral Sea Taba,2753.13
12.05.2026,22870221,david.johnson913@proton.me,14.06.2026,19.06.2026,1178,NHBENX,2588,1755,Booking Create Error: Brak możliwości założenia rezerwacji winterfejsie.,NH Collection Benidorm,3906.70
13.05.2026,75661787,paul.meyer445@outlook.com,28.03.2026,31.03.2026,1178,RIUTEN,5061,1225,There is already such a booking for this agent.,RIU Tenerife,2783.57
08.05.2026,85127896,david.muller368@icloud.com,23.06.2026,26.06.2026,4182,ANAPRO,8381,1467,Booking Complete Error: Error Message : StopSale.,Anassa Protaras,"2835,79"
22.05.2026,30051403,james.keller276@hotmail.com,19.04.2026,24.04.2026,1714,SUNPOR,8612,1054,Contractor calculation error.,Sun Gardens Porec,4079.65
12.05.2026,13507673,zofia.berg151@outlook.com,28.05.2026,11.06.2026,1301,BARKEM,9666,1155,Not enough allotment,Barut Hotels Kemer,1881.19
12.05.2026,61514973,george.larsen442@icloud.com,02.06.2026,11.06.2026,1178,BARTEN,2163,1467,  Booking Complete Error: Error Message : StopSale.  ,,510.94
25.05.2026,73092709,olga.bianchi660@outlook.com,12.06.2026,26.06.2026,1301, DELANT ,9288,1155,Not enough allotment,Delphin Antalya,772.96
12.05.2026,34583488,marta.wilson230@icloud.com,09.07.2026,12.07.2026,1178,BARTEN,2163,1054,Contractor calculation error.,Barceló Tenerife,2159.85
25.05.2026,77634912,olga.larsen735@yahoo.com,27.04.2026,30.04.2026,2247,NHRIMX,4673,5704,Improper reservation price.,NH Collection Rimini,379.15
20.05.2026,41006711,andrew.bakker255@hotmail.com,21.05.2026,24.05.2026,1045,SUNTA1,3664,1732,Booking Payer Error: Brak wymaganego parametru,Sunwing Taba,2350.06 PLN
18.05.2026,17635653,paul.wagner876@gmail.com,28.06.2026,01.07.2026,1301,CRYMAR,4492,1778,Booking Complete Error: Zablokowano allotment online.,Crystal Hotels Marmaris,1706.51
14.05.2026,69880867,michael.wagner436@yahoo.com,13.04.2026,22.04.2026,1301, LIMMAR ,5956,1155,Not enough allotment,Limak Marmaris,3150.73 PLN
16.05.2026,45608258,john.wagner445@icloud.com,20.05.2026,03.06.2026,1714,RADROV,5082,5704,  Improper reservation price.  ,Radisson Blu Rovinj,600.01
26.05.2026,88790652,elena.larsen855@icloud.com,15.04.2026,20.04.2026,1045,JAZTAB,2489,1054,Contractor calculation error.,Jaz Taba,819.56
09.05.2026,13981397,chris.novak173@yahoo.com,27.04.2026,04.05.2026,1714,FALZA1,3471,1467,Booking Complete Error: Error Message : StopSale.,Falkensteiner Zadar Resort,1978.52
27.05.2026,56091075,nina.bianchi33@proton.me,11.07.2026,18.07.2026,1045,SUNEL1,8019,1054,Contractor calculation error.,Sunrise El Gouna,1214.46
15.05.2026,52205917,maria.meyer773@outlook.com,30.05.2026,13.06.2026,1301,VOYSID,7054,1755,Booking Create Error: Brak możliwości założenia rezerwacji winterfejsie.,Voyage Side,3657.80
20.05.2026,96025578,marta.petrov830@proton.me,09.08.2026,12.08.2026,1301,VOYBOD,2512,1755,Booking Create Error: Brak możliwości założenia rezerwacji winterfejsie.,Voyage Bodrum,2750.61
21.05.2026,98223673,paul.schmidt891@proton.me,07.04.2026,21.04.2026,4182,ANALAR,7693,1778,Booking Complete Error: Zablokowano allotment online.,Anassa Larnaca,4116.11
21.05.2026,12454079,elena.moretti407@proton.me,09.07.2026,23.07.2026,1301,RIXKEM,1722,1467,BOOKING COMPLETE ERROR: ERROR MESSAGE : STOPSALE.,Rixos Kemer,
15.05.2026,34478552,robert.wilson976@proton.me,03.05.2026,12.05.2026, 1045,SUNSH1,6930,1155,Not enough allotment,,263.86
04.05.2026,96912383,thomas.andersen689@gmail.com,11.05.2026,25.05.2026,1426,HILSH1,6663,1467,Booking Complete Error: Error Message : StopSale.,Hilton Sharjah,
13.05.2026,67573535,marta.roth858@proton.me,06.06.2026,20.06.2026,1301,MAXBOD,6718,1755,Booking Create Error: Brak możliwości założenia rezerwacji winterfejsie.,Maxx Royal Bodrum,1156.47
25.05.2026,93728466,peter.kravets596@gmail.com,08.05.2026,17.05.2026,1045,CORELX,7916,5704,Improper reservation price.,Coral Sea El Gouna,3912.55
30.05.2026,21079693,emma.larsen69@proton.me,27.06.2026,04.07.2026,2247,bluven,2669,1467,Booking Complete Error: Error Message : StopSale.,Bluserena Venice,1767.17
27.05.2026,72830616,thomas.berg45@gmail.com,14.06.2026,17.06.2026,1045,HILHUR,5422,1155,Not enough allotment,Hilton Hurghada,3826.42
13.05.2026,88429608,maria.novak109@gmail.com,14.07.2026,21.07.2026,1426,ADDABU,6753,1467,  Booking Complete Error: Error Message : StopSale.  ,Address Hotels Abu Dhabi,2383.20
28.05.2026,97301166,irene.kozlov441@hotmail.com,11.05.2026,16.05.2026,1301,DELBOD,2891,1155,Not enough allotment,Delphin Bodrum,1863.63 PLN
08.05.2026,85589440,daniel.kravets759@icloud.com,02.08.2026,11.08.2026,1301,crymar,4492,1467,Booking Complete Error: Error Message : StopSale.,Crystal Hotels Marmaris,
05.05.2026,95025488,michael.bakker655@icloud.com,18.05.2026,25.05.2026,4182,LOUAY1,5728,1155,Not enough allotment,Louis Hotels Ayia Napa Resort,3471.54
12.05.2026,90457943,alice.fischer639@outlook.com,05.08.2026,19.08.2026,1178,HFUEXX,1514,1467,Booking Complete Error: Error Message : StopSale.,H10 Hotels Fuerteventura,2369.10
04.05.2026,73349917,daniel.nowak994@proton.me,21.06.2026,30.06.2026,1426,MARDUB,6728,1732,Booking Payer Error: Brak wymaganego parametru,Marriott Dubai,2502.03 PLN
11.05.2026,13719010,mark.novak48@gmail.com,28.07.2026,02.08.2026,1426,jumra1,6344,1225,There is already such a booking for this agent.,Jumeirah Ras Al Khaimah Resort,"2688,83"
21.05.2026,30380452,robert.roth336@gmail.com,09.05.2026,23.05.2026,2653,VILPOR,7625,1755,Booking Create Error: Brak możliwości założenia rezerwacji winterfejsie.,Vila Vita Parc Porto,1063.03
18.05.2026,25174194,mark.bakker449@yahoo.com,18.07.2026,23.07.2026,1426,HILSH1,6663,1155,Not enough allotment,Hilton Sharjah,-773.42
29.05.2026,90378849,anna.costa333@proton.me,22.05.2026,29.05.2026,1178,IBEGRA,9479,1155,Not enough allotment,Iberostar Gran Canaria,2223.33
23.05.2026,53185509,peter.bakker253@gmail.com,04.07.2026,18.07.2026,1045,CORMAR,6925,1155,Not enough allotment,Coral Sea Marsa Alam,4102.94
04.05.2026,17264930,olga.larsen154@outlook.com,21.05.2026,30.05.2026,1178,OCCGRA,1887,1467,Booking Complete Error: Error Message : StopSale.,Occidental Gran Canaria,1453.89
28.05.2026,72273706,thomas.bakker397@gmail.com,29.06.2026,02.07.2026,1714,BLUROV,7991,1225,There is already such a booking for this agent.,Bluesun Rovinj,2830.64
08.05.2026,85535778,laura.moretti607@proton.me,01.06.2026,15.06.2026,1045,JAZTAB,2489,1054,Contractor calculation error.,Jaz Taba,3538.80
11.05.2026,34793325,alice.moretti994@outlook.com,17.07.2026,24.07.2026,2247,BAGSIC,9728,1467,Booking Complete Error: Error Message : StopSale.,Baglioni Hotels Sicily,"1202,64"
27.05.2026,63518621,martin.berg240@icloud.com,31.03.2026,09.04.2026,1714,VALMAK,7547,1467,Booking Complete Error: Error Message : StopSale.,Valamar Makarska,2131.12
07.05.2026,69744547,michael.bianchi753@hotmail.com,02.06.2026,07.06.2026,1301,LIMANT,2697,1155,Not enough allotment,Limak Antalya,2319.95
23.05.2026,77978901,marta.muller979@yahoo.com,24.05.2026,27.05.2026,2653,TIVAL1,4020,1155,Not enough allotment,Tivoli Albufeira Resort,2665.72
16.05.2026,78196270,chris.rossi473@proton.me,10.06.2026,24.06.2026,1426,ROTDUB,4652,1467,Booking Complete Error: Error Message : StopSale.,Rotana Dubai,3137.80
05.05.2026,37466847,martin.meyer504@outlook.com,18.04.2026,27.04.2026,1301,CRYMAR,4492,1732,Booking Payer Error: Brak wymaganego parametru,Crystal Hotels Marmaris,1648.05
11.05.2026,88244475,james.rossi994@hotmail.com,19.06.2026,22.06.2026,1045,sunma2,2796,1054,Contractor calculation error.,Sunwing Makadi Bay,2943.29
27.05.2026,62282473,mark.fischer5@gmail.com,13.04.2026,16.04.2026,1178,baribi,4750,1155,Not enough allotment,Barceló Ibiza,
01.05.2026,14073573,chris.kowalski833@yahoo.com,07.04.2026,10.04.2026,1301,MAXBOD,6718,1755,Booking Create Error: Brak możliwości założenia rezerwacji winterfejsie.,Maxx Royal Bodrum,3734.92
14.05.2026,15340730,kate.costa60@hotmail.com,20.07.2026,03.08.2026, 4182,ATLLA1,8245,5704,Improper reservation price.,Atlantica Larnaca Resort,3579.82
06.05.2026,67725168,emma.keller780@outlook.com,12.07.2026,19.07.2026,1301,LIMBE1,2832,5704,Improper reservation price.,Limak Belek Resort,1367.56
16.05.2026,55026244,olga.muller67@yahoo.com,28.04.2026,12.05.2026,1178,MELBEN,2982,8056,WRONG ROOM CONFIGURATION,Meliá Benidorm,
26.05.2026,44613622,nina.rossi324@yahoo.com,31.05.2026,09.06.2026,2247, BLUSIC ,4978,1467,Booking Complete Error: Error Message : StopSale.,Bluserena Sicily,-809.56
04.05.2026,31198792,elena.dubois793@outlook.com,25.05.2026,28.05.2026,1426,HILDU1,7311,5704,Improper reservation price.,Hilton Dubai Resort,295.06
15.05.2026,54049408,james.costa731@gmail.com,04.05.2026,18.05.2026,1426,AJMFU1,4228,1467,Booking Complete Error: Error Message : StopSale.,Ajman Saray Fujairah Resort,2571.86
17.05.2026,62872219,kate.andersen986@icloud.com,25.04.2026,02.05.2026,1426,AJMAB1,5920,1467,Booking Complete Error: Error Message : StopSale.,Ajman Saray Abu Dhabi Resort,519.43
28.05.2026,95800828,julia.meyer992@hotmail.com,10.04.2026,19.04.2026, 1178,OCCBEN,6413,1054,Contractor calculation error.,Occidental Benidorm,4044.62
01.05.2026,71922800,david.kowalski610@hotmail.com,30.05.2026,06.06.2026,1714,SUNMA4,4919,1755,Booking Create Error: Brak możliwości założenia rezerwacji winterfejsie.,Sun Gardens Makarska Resort,1481.96
25.05.2026,80146202,thomas.wagner430@yahoo.com,13.06.2026,27.06.2026,1301,LIMANT,2697,5704,Improper reservation price.,Limak Antalya,1405.02
02.05.2026,48859892,claire.kowalski207@icloud.com,18.06.2026,02.07.2026,1714,AMARO1,8939,1155,Not enough allotment,Amadria Park Rovinj Resort,1310.52
28.05.2026,30672747,sophie.bianchi184@icloud.com,04.04.2026,07.04.2026, 1301,RIXBOD,8179,1467,Booking Complete Error: Error Message : StopSale.,Rixos Bodrum,1287.57
20.05.2026,58305167,george.smith690@yahoo.com,26.03.2026,04.04.2026,2653,PESVI1,5786,1467,  Booking Complete Error: Error Message : StopSale.  ,Pestana Vilamoura Resort,-2530.23
27.05.2026,49789085,julia.weber876@hotmail.com,12.06.2026,19.06.2026,1301,BARBOD,1152,1155,Not enough allotment,Barut Hotels Bodrum,565.62
30.05.2026,39079617,elena.dubois598@yahoo.com,06.08.2026,15.08.2026,2247,NHRIMX,4673,1054,Contractor calculation error.,NH Collection Rimini,1561.92
29.05.2026,42542169,martin.bakker857@proton.me,18.06.2026,02.07.2026, 1301,DELBOD,2891,1155,Not enough allotment,Delphin Bodrum,3543.44
16.05.2026,33275449,sophie.weber253@yahoo.com,15.07.2026,29.07.2026, 1178,RIUPAL,8350,1467,Booking Complete Error: Error Message : StopSale.,RIU Palma de Mallorca,"712,98"
14.05.2026,16834788,chris.smith437@proton.me,19.04.2026,03.05.2026,1178,HGRAXX,4899,1155,Not enough allotment,H10 Hotels Gran Canaria,446.48
09.05.2026,70473000,zofia.garcia431@proton.me,09.08.2026,12.08.2026,1426,AJMRAS,5573,1467,Booking Complete Error: Error Message : StopSale.,Ajman Saray Ras Al Khaimah,3976.13
31.05.2026,57089952,chris.schmidt970@hotmail.com,16.07.2026,19.07.2026,2653,VILAL1,4180,1155,Not enough allotment,Vila Vita Parc Albufeira Resort,
26.05.2026,43513553,martin.muller123@gmail.com,28.04.2026,03.05.2026,1178,IBEIBI,1964,1732,Booking Payer Error: Brak wymaganego parametru,Iberostar Ibiza,3553.52
29.05.2026,18897725,elena.larsen871@outlook.com,25.07.2026,01.08.2026,1301,LIMBOD,2127,1467,Booking Complete Error: Error Message : StopSale.,Limak Bodrum,1975.88 PLN
19.05.2026,68294586,john.roth440@yahoo.com,21.08.2026,24.08.2026,2247,MANAMA,3683,,There is already such a booking for this agent.,Mangia's Resorts Amalfi Coast,2146.76
30.05.2026,82514117,claire.weber322@proton.me,29.06.2026,08.07.2026,1301,VOYALA,5333,1054,Contractor calculation error.,Voyage Alanya,3533.22
08.05.2026,94074257,john.schmidt567@hotmail.com,01.06.2026,10.06.2026,1714,amaspl,9702,1054,Contractor calculation error.,Amadria Park Split,640.42
05.05.2026,11292015,martin.johnson541@proton.me,29.03.2026,07.04.2026,1714,FALDUB,8784,1467,Booking Complete Error: Error Message : StopSale.,Falkensteiner Dubrovnik,3536.27
24.05.2026,96434303,olga.johnson371@proton.me,27.05.2026,03.06.2026,1045,SUNSHA,6977,1225,There is already such a booking for this agent.,Sunrise Sharm El Sheikh,3550.21
21.05.2026,71765027,john.petrov203@yahoo.com,07.06.2026,16.06.2026,1045,CORSHA,9830,1732,Booking Payer Error: Brak wymaganego parametru,Coral Sea Sharm El Sheikh,1724.44
13.05.2026,28808678,simon.kozlov590@outlook.com,08.06.2026,11.06.2026,1301,BARBOD,1152,1778,  Booking Complete Error: Zablokowano allotment online.  ,Barut Hotels Bodrum,2240.39
07.05.2026,86560394,sophie.roth392@hotmail.com,27.05.2026,03.06.2026,1178,RIUPAL,8350,1155,  Not enough allotment  ,RIU Palma de Mallorca,4138.54
21.05.2026,36450788,irene.larsen323@outlook.com,11.03.2026,20.03.2026,1301,BARBEL,5325,1467,Booking Complete Error: Error Message : StopSale.,Barut Hotels Belek,1357.44
16.05.2026,75648380,daniel.keller462@yahoo.com,11.06.2026,20.06.2026,1301,LIMALA,9808,5704,Improper reservation price.,Limak Alanya,2139.35
27.05.2026,37289414,laura.muller483@hotmail.com,06.04.2026,11.04.2026,1045,STEELX,3803,1155,  Not enough allotment  ,Steigenberger El Gouna,1974.37
05.05.2026,73124701,julia.kozlov981@proton.me,14.06.2026,17.06.2026,1426,HILFU1,4114,5704,IMPROPER RESERVATION PRICE.,Hilton Fujairah Resort,"1112,75"
29.05.2026,35795744,maria.dubois998@proton.me,05.06.2026,10.06.2026,1045,BARSHA,7227,1732,Booking Payer Error: Brak wymaganego parametru,Baron Resort Sharm El Sheikh,1517.69
29.05.2026,27900864,chris.kozlov525@outlook.com,23.05.2026,01.06.2026,1178,RIUCO1,1828,1155,NOT ENOUGH ALLOTMENT,RIU Costa del Sol,795.81
16.05.2026,78196270,chris.rossi473@proton.me,10.06.2026,24.06.2026,1426,ROTDUB,4652,1467,Booking Complete Error: Error Message : StopSale.,Rotana Dubai,3137.80
21.05.2026,59657750,laura.bakker676@hotmail.com,09.05.2026,12.05.2026,1301,DELALA,6183,1225,There is already such a booking for this agent.,Delphin Alanya,"982,15"
15.05.2026,76803647,martin.garcia352@proton.me,11.07.2026,18.07.2026,1301,DELMAR,9280,1778,Booking Complete Error: Zablokowano allotment online.,Delphin Marmaris,283.18
23.05.2026,31204188,nina.garcia706@yahoo.com,03.05.2026,06.05.2026,1045,JAZSHA,8517,5704,Improper reservation price.,Jaz Sharm El Sheikh,"1993,08"
12.05.2026,94101535,martin.smith868@hotmail.com,09.04.2026,14.04.2026,1045,PICMAK,7482,1054,Contractor calculation error.,Pickalbatros Makadi Bay,1746.48
12.05.2026,70484679,george.larsen157@hotmail.com,07.05.2026,16.05.2026,1178,ibegra,9479,1155,Not enough allotment,Iberostar Gran Canaria,"1546,97"
03.05.2026,58735279,zofia.muller502@proton.me,23.07.2026,28.07.2026,1714,SUNZAD,9270,5704,Improper reservation price.,Sun Gardens Zadar,"2388,29"
22.05.2026,61746772,simon.roth73@gmail.com,15.05.2026,20.05.2026,1426,ADDRA1,8144,5704,Improper reservation price.,Address Hotels Ras Al Khaimah Resort,3647.31
16.05.2026,41150164,irene.garcia591@proton.me,07.07.2026,12.07.2026,1714,sunma4,4919,1755,Booking Create Error: Brak możliwości założenia rezerwacji winterfejsie.,Sun Gardens Makarska Resort,"2802,36"
25.05.2026,24283930,maria.larsen45@gmail.com,21.06.2026,30.06.2026,2653,DOMAL1,5136,1155,Not enough allotment,Dom Pedro Albufeira Resort,472.69
05.05.2026,73124258,chris.bakker643@yahoo.com,16.04.2026,19.04.2026,1301,DELBOD,2891,1755,Booking Create Error: Brak możliwości założenia rezerwacji winterfejsie.,Delphin Bodrum,3854.22
15.05.2026,14214362,david.petrov569@outlook.com,03.08.2026,10.08.2026,1301,VOYBEL,2200,5704,Improper reservation price.,Voyage Belek,972.74
28.05.2026,92186036,mark.bianchi214@proton.me,06.06.2026,13.06.2026,2247,NHROMX,1508,1155,Not enough allotment,NH Collection Rome,515.92
21.05.2026,56016278,elena.bakker451@proton.me,02.06.2026,05.06.2026,1426,ADDSHA,6139,1225,THERE IS ALREADY SUCH A BOOKING FOR THIS AGENT.,Address Hotels Sharjah,4137.08
08.05.2026,72759270,michael.nowak882@yahoo.com,07.07.2026,14.07.2026,1045,PICHUR,2084,1155,Not enough allotment,Pickalbatros Hurghada,1095.29
06.05.2026,63048394,michael.fischer379@outlook.com,05.06.2026,10.06.2026,1714,AMAPO1,3267,5704,Improper reservation price.,Amadria Park Porec Resort,433.38
31.05.2026,64147695,maria.kozlov670@icloud.com,31.05.2026,03.06.2026,1178,BAHCO1,3296,5704,Improper reservation price.,Bahia Principe Costa del Sol,3706.23
08.05.2026,75673121,elena.weber88@hotmail.com,13.06.2026,20.06.2026,1426,AJMFU1,4228,1155,Not enough allotment,Ajman Saray Fujairah Resort,"3294,88"
11.05.2026,50313972,simon.dubois920@gmail.com,09.05.2026,12.05.2026,1301,MAXANT,3546,5704,  Improper reservation price.  ,Maxx Royal Antalya,2280.09
07.05.2026,77625693,kate.weber153@gmail.com,13.05.2026,22.05.2026,1301,BARALA,3144,1755,Booking Create Error: Brak możliwości założenia rezerwacji winterfejsie.,Barut Hotels Alanya,
21.05.2026,31198408,michael.schmidt883@proton.me,30.05.2026,04.06.2026,1045,JAZMAR,9085,5704,Improper reservation price.,Jaz Marsa Alam,1926.85
20.05.2026,68947411,david.keller789@gmail.com,29.04.2026,02.05.2026,1045, PICSHA ,6820,1755,Booking Create Error: Brak możliwości założenia rezerwacji winterfejsie.,Pickalbatros Sharm El Sheikh,3678.67
06.05.2026,77104727,julia.larsen216@yahoo.com,08.06.2026,22.06.2026,1714,VALDUB,3417,1054,Contractor calculation error.,Valamar Dubrovnik,368.83
31.05.2026,80140337,martin.fischer614@gmail.com,20.07.2026,29.07.2026,1301,DELKEM,5915,5704,Improper reservation price.,Delphin Kemer,3191.48
28.05.2026,79523757,james.lang522@yahoo.com,26.03.2026,29.03.2026,1045,SUNTAB,2654,1155,Not enough allotment,Sunrise Taba,1404.10
29.05.2026,76122158,simon.petrov696@proton.me,31.05.2026,09.06.2026,1714,FALDUB,8784,1155,Not enough allotment,Falkensteiner Dubrovnik,3791.50
30.05.2026,37832419,irene.bianchi771@proton.me,04.08.2026,18.08.2026,2653,VILFUN,9779,1467,Booking Complete Error: Error Message : StopSale.,Vila Vita Parc Funchal (Madeira),2594.43
02.05.2026,34796255,paul.petrov189@icloud.com,10.04.2026,15.04.2026,1178,HPALXX,4116,1155,Not enough allotment,H10 Hotels Palma de Mallorca,353.48
06.05.2026,45214814,mark.weber481@yahoo.com,31.05.2026,14.06.2026,1301,MAXKEM,5351,5704,Improper reservation price.,Maxx Royal Kemer,"2588,00"
26.05.2026,33793492,daniel.wagner670@proton.me,07.05.2026,12.05.2026, 1045,SUNEL1,8019,5704,Improper reservation price.,Sunrise El Gouna,382.71
30.05.2026,27669523,anna.johnson455@proton.me,22.06.2026,27.06.2026,1045,STESHA,3504,1755,Booking Create Error: Brak możliwości założenia rezerwacji winterfejsie.,Steigenberger Sharm El Sheikh,577.16
03.05.2026,94238694,peter.meyer257@icloud.com,01.06.2026,06.06.2026,2653,PINAL1,2869,1155,  Not enough allotment  ,Pine Cliffs Albufeira Resort,1265.43
19.05.2026,48568210,mark.andersen824@yahoo.com,20.05.2026,25.05.2026,1426,MARSH1,5930,1467,Booking Complete Error: Error Message : StopSale.,Marriott Sharjah Resort,1297.36
25.05.2026,81897187,robert.johnson777@outlook.com,15.04.2026,22.04.2026,1045,JAZMAK,1771,1732,Booking Payer Error: Brak wymaganego parametru,Jaz Makadi Bay,
20.05.2026,87473129,chris.novak989@outlook.com,18.06.2026,25.06.2026,2653, PINFUN ,4545,1155,NOT ENOUGH ALLOTMENT,Pine Cliffs Funchal (Madeira),3385.58
17.05.2026,54665585,zofia.berg229@gmail.com,02.04.2026,05.04.2026,1301,VOYSID,7054,1467,Booking Complete Error: Error Message : StopSale.,Voyage Side,3138.72
11.05.2026,29108179,claire.nowak551@icloud.com,27.07.2026,01.08.2026,1301,RIXANT,1058,1155,Not enough allotment,Rixos Antalya,1724.56
22.05.2026,94408232,julia.wilson628@gmail.com,30.06.2026,03.07.2026,1178,RIUIBI,2790,5704,Improper reservation price.,RIU Ibiza,"1965,33"
01.05.2026,42352073,anna.wilson664@outlook.com,03.06.2026,06.06.2026,1426,AJMRAS,5573,1155,Not enough allotment,Ajman Saray Ras Al Khaimah,2314.22
22.05.2026,66250312,david.fischer715@gmail.com,12.07.2026,17.07.2026,2653,TIVVIL,8342,1467,Booking Complete Error: Error Message : StopSale.,Tivoli Vilamoura,1626.41
23.05.2026,72265475,marta.muller393@hotmail.com,22.05.2026,31.05.2026,1301,LIMSID,5002,1155,Not enough allotment,Limak Side,1380.82
05.05.2026,95883279,peter.kravets851@proton.me,16.06.2026,25.06.2026,1426,HILFUJ,1634,8056,Wrong room configuration,Hilton Fujairah,887.79
21.05.2026,52431185,robert.muller951@outlook.com,24.04.2026,27.04.2026,1045,rixtab,5554,1155,Not enough allotment,Rixos Taba,775.48
19.05.2026,50703194,emma.andersen396@hotmail.com,11.06.2026,18.06.2026,1301,MAXALA,8491,1732,Booking Payer Error: Brak wymaganego parametru,Maxx Royal Alanya,1373.23
27.05.2026,11848396,daniel.wagner812@hotmail.com,04.07.2026,07.07.2026,2653,PINPOR,5636,1054,Contractor calculation error.,Pine Cliffs Porto,1744.69
11.05.2026,21457410,zofia.petrov832@yahoo.com,11.05.2026,14.05.2026,4182,loupr1,8172,1755,Booking Create Error: Brak możliwości założenia rezerwacji winterfejsie.,Louis Hotels Protaras Resort,618.26
07.05.2026,92355208,marta.rossi643@icloud.com,09.07.2026,23.07.2026,1178,RIUPAL,8350,8056,  Wrong room configuration  ,RIU Palma de Mallorca,-2518.93
12.05.2026,75136149,olga.meyer502@yahoo.com,22.04.2026,25.04.2026,1178,RIUIBI,2790,5704,Improper reservation price.,RIU Ibiza,3041.17
11.05.2026,20649487,sophie.dubois202@icloud.com,10.07.2026,24.07.2026,1045,RIXMAK,1750,1155,NOT ENOUGH ALLOTMENT,Rixos Makadi Bay,"3131,81"
15.05.2026,45075212,marta.andersen408@proton.me,18.08.2026,23.08.2026, 1426,ROTDU1,6967,1732,Booking Payer Error: Brak wymaganego parametru,Rotana Dubai Resort,2641.47
27.05.2026,39126690,anna.weber16@gmail.com,20.04.2026,23.04.2026,1301,BARMA2,1128,1155,Not enough allotment,Barut Hotels Marmaris,2193.74
17.05.2026,32914929,daniel.roth720@outlook.com,24.07.2026,27.07.2026,1178,BAHFUE,8260,1054,Contractor calculation error.,Bahia Principe Fuerteventura,3431.42
06.05.2026,19011856,george.kowalski532@outlook.com,23.05.2026,06.06.2026,2653,VIDPO1,9042,1467,Booking Complete Error: Error Message : StopSale.,Vidamar Resorts Porto Resort,1702.58 PLN
01.05.2026,16437523,olga.berg609@icloud.com,23.06.2026,26.06.2026,2653,PINCAS,2647,1778,Booking Complete Error: Zablokowano allotment online.,Pine Cliffs Cascais,924.45 PLN
17.05.2026,26172749,alice.lang894@yahoo.com,09.05.2026,14.05.2026,1301,CRYBEL,2638,1155,Not enough allotment,Crystal Hotels Belek,"2466,97"
26.05.2026,85595538,michael.garcia67@icloud.com,11.05.2026,14.05.2026,1301,LIMANT,2697,1155,Not enough allotment,Limak Antalya,2144.91
23.05.2026,78049544,andrew.bakker179@hotmail.com,17.03.2026,31.03.2026, 2653,VILPOR,7625,1467,Booking Complete Error: Error Message : StopSale.,Vila Vita Parc Porto,2857.90
18.05.2026,47990986,anna.muller687@proton.me,17.07.2026,24.07.2026,1045,DANHU1,7252,1155,Not enough allotment,Dana Beach Hurghada Resort,2789.13
07.05.2026,14303988,alice.schmidt423@proton.me,08.08.2026,13.08.2026,1045,DANSHA,2307,1467,Booking Complete Error: Error Message : StopSale.,Dana Beach Sharm El Sheikh,834.23
16.05.2026,95758649,anna.keller927@icloud.com,09.04.2026,18.04.2026,1178,RIUTEN,5061,1155,Not enough allotment,RIU Tenerife,-3385.90
12.05.2026,55117017,james.meyer79@gmail.com,15.05.2026,18.05.2026,1301, RIXMA1 ,6180,1054,Contractor calculation error.,Rixos Marmaris,1659.68
12.05.2026,42537638,claire.andersen374@gmail.com,25.07.2026,08.08.2026,1178,MELIBI,7596,5704,Improper reservation price.,Meliá Ibiza,1537.25
18.05.2026,89344481,alice.bianchi919@hotmail.com,01.05.2026,10.05.2026,1178,BARTEN,2163,1155,Not enough allotment,Barceló Tenerife,681.66
19.05.2026,98546660,peter.lang439@hotmail.com,24.05.2026,07.06.2026,1301,VOYMAR,2753,1755,Booking Create Error: Brak możliwości założenia rezerwacji winterfejsie.,Voyage Marmaris,"2714,83"
18.05.2026,87346846,martin.roth91@yahoo.com,05.07.2026,10.07.2026,1045,BARTAB,5374,1155,Not enough allotment,Baron Resort Taba,3269.71
14.05.2026,84668321,nina.rossi869@hotmail.com,29.06.2026,08.07.2026,1045,PICMAK,7482,1155,Not enough allotment,Pickalbatros Makadi Bay,2427.34
31.05.2026,70119596,elena.weber969@outlook.com,17.04.2026,24.04.2026,1714, VALDUB ,3417,1054,Contractor calculation error.,Valamar Dubrovnik,3150.91
11.05.2026,13400255,john.meyer246@icloud.com,27.06.2026,06.07.2026,2247,THVENX,6733,1155,Not enough allotment,Th Resorts Venice,3028.81
02.05.2026,51937454,alice.bianchi3@proton.me,17.07.2026,22.07.2026,1301,BARAN1,8239,5704,Improper reservation price.,Barut Hotels Antalya Resort,3800.87
06.05.2026,27296700,zofia.rossi413@outlook.com,22.05.2026,31.05.2026,1426,ROTSH1,7691,1225,There is already such a booking for this agent.,Rotana Sharjah Resort,3960.60
19.05.2026,82446804,michael.rossi186@proton.me,22.04.2026,06.05.2026,1045,JAZELX,4733,1054,Contractor calculation error.,Jaz El Gouna,
25.05.2026,98782416,emma.larsen391@icloud.com,01.06.2026,15.06.2026,1045,DANHU1,7252,5704,  Improper reservation price.  ,Dana Beach Hurghada Resort,3892.44
28.05.2026,60233144,thomas.meyer383@hotmail.com,29.08.2026,12.09.2026,1178,HBENXX,8579,1155,  Not enough allotment  ,H10 Hotels Benidorm,2219.42
15.05.2026,66433733,laura.weber37@proton.me,05.08.2026,12.08.2026,1714, AMAZAD ,7291,1155,Not enough allotment,Amadria Park Zadar,"3927,31"
26.05.2026,99900450,claire.johnson706@proton.me,08.06.2026,17.06.2026,1301,CRYBEL,2638,1467,Booking Complete Error: Error Message : StopSale.,Crystal Hotels Belek,"757,72"
11.05.2026,77104727,marta.johnson729@hotmail.com,08.06.2026,22.06.2026,1714,VALDUB,3417,1732,Booking Payer Error: Brak wymaganego parametru,,368.83
04.05.2026,83252007,emma.smith52@icloud.com,14.06.2026,17.06.2026,1301,TITBOD,5345,1225,There is already such a booking for this agent.,Titanic Bodrum,2097.96
29.05.2026,25706912,thomas.wilson776@proton.me,06.06.2026,13.06.2026,1714,RADPOR,1090,1778,Booking Complete Error: Zablokowano allotment online.,Radisson Blu Porec,"531,78"
18.05.2026,96304579,david.kowalski349@yahoo.com,10.05.2026,17.05.2026, 1045,SUNHU1,4483,1755,  Booking Create Error: Brak możliwości założenia rezerwacji winterfejsie.  ,Sunwing Hurghada,2575.07
03.05.2026,13198965,kate.costa399@outlook.com,01.05.2026,10.05.2026,1301,TITMAR,5669,1732,Booking Payer Error: Brak wymaganego parametru,Titanic Marmaris,2190.40
26.05.2026,15684813,paul.andersen373@hotmail.com,12.06.2026,21.06.2026,1301,RIXSID,6617,1225,There is already such a booking for this agent.,Rixos Side,3120.92
26.05.2026,40056261,alice.schmidt315@icloud.com,23.04.2026,30.04.2026,1426,AJMAB1,5920,5704,Improper reservation price.,,2254.87
31.05.2026,35195869,robert.kravets853@outlook.com,06.05.2026,13.05.2026,1045,DANSHA,2307,1467,Booking Complete Error: Error Message : StopSale.,Dana Beach Sharm El Sheikh,1723.17
21.05.2026,16232730,anna.meyer992@hotmail.com,21.06.2026,30.06.2026, 2653,VIDALB,2976,1054,Contractor calculation error.,,407.62
27.05.2026,65010375,robert.kowalski837@proton.me,18.07.2026,27.07.2026,1045,SUNMA1,9179,1155,Not enough allotment,Sunrise Marsa Alam,268.51
22.05.2026,59269648,anna.bianchi280@icloud.com,06.06.2026,09.06.2026,1714,RADZAD,6198,1778,Booking Complete Error: Zablokowano allotment online.,Radisson Blu Zadar,544.65
24.05.2026,27565175,olga.kozlov567@icloud.com,18.07.2026,25.07.2026,1178,RIUGRA,4139,1155,Not enough allotment,RIU Gran Canaria,3054.95
15.05.2026,83309452,martin.berg618@gmail.com,07.04.2026,14.04.2026,1301,TITKEM,5114,1467,Booking Complete Error: Error Message : StopSale.,Titanic Kemer,"963,91"
19.05.2026,75963322,olga.smith938@proton.me,28.04.2026,12.05.2026,1045,DANHUR,2139,5704,Improper reservation price.,Dana Beach Hurghada,278.25
06.05.2026,11275951,claire.smith385@hotmail.com,05.07.2026,08.07.2026,1045,PICSHA,6820,1732,Booking Payer Error: Brak wymaganego parametru,Pickalbatros Sharm El Sheikh,491.17
01.05.2026,73745889,laura.weber206@gmail.com,26.06.2026,10.07.2026,1178,BARIBI,4750,5704,  Improper reservation price.  ,Barceló Ibiza,-1572.16
11.05.2026,67260792,anna.costa966@outlook.com,18.05.2026,27.05.2026,1178,BAHTEN,1117,1054,Contractor calculation error.,Bahia Principe Tenerife,1941.02
16.05.2026,63841858,julia.kravets171@outlook.com,01.07.2026,10.07.2026,1178,HGRAXX,4899,1732,Booking Payer Error: Brak wymaganego parametru,H10 Hotels Gran Canaria,1435.68
03.05.2026,95595289,claire.smith83@hotmail.com,13.03.2026,27.03.2026,1301,MAXALA,8491,5704,  Improper reservation price.  ,Maxx Royal Alanya,2864.91
23.05.2026,28536762,andrew.novak441@yahoo.com,07.08.2026,12.08.2026,1426,ADDFU1,5173,1732,Booking Payer Error: Brak wymaganego parametru,Address Hotels Fujairah Resort,1470.54
28.05.2026,47746670,julia.roth21@hotmail.com,01.08.2026,10.08.2026,1301,LIMANT,2697,1732,Booking Payer Error: Brak wymaganego parametru,Limak Antalya,2975.36
21.05.2026,22131317,maria.lang707@proton.me,06.05.2026,09.05.2026,2653,PESALB,8434,1054,  Contractor calculation error.  ,Pestana Albufeira,2607.47
19.05.2026,16931154,sophie.meyer315@icloud.com,16.04.2026,21.04.2026,1045,HILSHA,1916,1732,Booking Payer Error: Brak wymaganego parametru,Hilton Sharm El Sheikh,2696.16
20.05.2026,99461018,mark.roth717@proton.me,14.07.2026,23.07.2026,1714,BLUMAK,7790,1467,Booking Complete Error: Error Message : StopSale.,Bluesun Makarska,2096.07
20.05.2026,76640445,elena.roth279@proton.me,09.05.2026,23.05.2026,1178,BAHFUE,8260,5704,Improper reservation price.,Bahia Principe Fuerteventura,1209.60 PLN
16.05.2026,15985419,marta.muller579@yahoo.com,27.04.2026,02.05.2026,4182,ANALI1,5102,1755,  Booking Create Error: Brak możliwości założenia rezerwacji winterfejsie.  ,Anassa Limassol Resort,2405.28
02.05.2026,67725168,chris.rossi324@proton.me,12.07.2026,19.07.2026,1301,LIMBE1,2832,1467,Booking Complete Error: Error Message : StopSale.,Limak Belek Resort,1367.56
21.05.2026,74525013,claire.smith327@proton.me,29.04.2026,08.05.2026, 1178,NHTENX,4510,1467,  Booking Complete Error: Error Message : StopSale.  ,NH Collection Tenerife,1717.00
14.05.2026,24919894,michael.kowalski452@proton.me,25.05.2026,08.06.2026,1426,AJMDUB,1452,1155,Not enough allotment,Ajman Saray Dubai,3578.22
19.05.2026,23946443,nina.fischer34@hotmail.com,23.07.2026,28.07.2026,1301,DELBOD,2891,1155,Not enough allotment,Delphin Bodrum,2597.97
31.05.2026,16587232,olga.roth555@gmail.com,27.05.2026,01.06.2026,1045,SUNTA1,3664,1155,Not enough allotment,Sunwing Taba,1342.23
26.05.2026,93889776,kate.andersen586@outlook.com,19.05.2026,02.06.2026,1045, CORELX ,7916,1155,Not enough allotment,Coral Sea El Gouna,3041.76
06.05.2026,90456428,martin.weber652@hotmail.com,29.06.2026,08.07.2026,1178,IBEPAL,2104,1778,Booking Complete Error: Zablokowano allotment online.,Iberostar Palma de Mallorca,1436.24
09.05.2026,39079617,david.berg597@proton.me,06.08.2026,15.08.2026,2247,NHRIMX,4673,1155,Not enough allotment,NH Collection Rimini,1561.92
01.05.2026,70249712,zofia.keller447@outlook.com,18.03.2026,25.03.2026,1045,STEMAK,5304,1467,Booking Complete Error: Error Message : StopSale.,,"3847,16"
11.05.2026,62132081,andrew.nowak553@icloud.com,12.07.2026,17.07.2026,1714,FALDU1,9540,1155,Not enough allotment,Falkensteiner Dubrovnik Resort,2647.39
21.05.2026,17325877,anna.fischer673@hotmail.com,08.05.2026,22.05.2026,1045,HILHUR,5422,1054,Contractor calculation error.,Hilton Hurghada,1120.00
14.05.2026,59576939,mark.kravets610@hotmail.com,22.05.2026,27.05.2026,2247,NHRIM1,3885,1155,Not enough allotment,NH Collection Rimini Resort,2953.17
11.05.2026,38292455,james.lang304@yahoo.com,21.07.2026,28.07.2026,1714,FALSP1,7797,1054,Contractor calculation error.,Falkensteiner Split Resort,4000.13
16.05.2026,89706422,kate.johnson393@outlook.com,08.06.2026,13.06.2026,1045,DANMAK,3677,5704,Improper reservation price.,Dana Beach Makadi Bay,698.78
23.05.2026,30672747,simon.weber484@gmail.com,04.04.2026,07.04.2026,1301,RIXBOD,8179,1467,  Booking Complete Error: Error Message : StopSale.  ,Rixos Bodrum,1287.57 PLN
15.05.2026,25174194,irene.rossi107@icloud.com,18.07.2026,23.07.2026,1426,HILSH1,6663,1155,Not enough allotment,Hilton Sharjah,773.42
27.05.2026,22685755,maria.nowak463@yahoo.com,14.06.2026,17.06.2026,1045,HILHUR,5422,5704,  Improper reservation price.  ,Hilton Hurghada,1953.08
24.05.2026,64370744,irene.smith488@gmail.com,11.05.2026,18.05.2026,1301,LIMBOD,2127,1755,Booking Create Error: Brak możliwości założenia rezerwacji winterfejsie.,Limak Bodrum,1699.49
08.05.2026,16099108,julia.kowalski799@yahoo.com,27.04.2026,02.05.2026,1714,AMAROV,2193,1755,Booking Create Error: Brak możliwości założenia rezerwacji winterfejsie.,Amadria Park Rovinj,"1864,55"
10.05.2026,63738475,thomas.novak268@proton.me,09.05.2026,14.05.2026,1045,SUNEL1,8019,1755,Booking Create Error: Brak możliwości założenia rezerwacji winterfejsie.,Sunrise El Gouna,2106.03
06.05.2026,74383467,maria.wilson3@icloud.com,04.06.2026,13.06.2026,2653,VIDFU1,1893,5704,  Improper reservation price.  ,Vidamar Resorts Funchal (Madeira) Resort,"4097,90"
23.05.2026,10880540,john.johnson158@outlook.com,30.04.2026,05.05.2026,1178,OCCCOS,4770,1054,Contractor calculation error.,Occidental Costa del Sol,4031.75
08.05.2026,96577978,nina.bianchi461@hotmail.com,14.05.2026,28.05.2026, 1301,BARAN1,8239,1778,Booking Complete Error: Zablokowano allotment online.,Barut Hotels Antalya Resort,"1837,76"
06.05.2026,83862129,andrew.fischer986@proton.me,02.09.2026,11.09.2026,1301,LIMMAR,5956,1155,Not enough allotment,Limak Marmaris,2388.80
04.05.2026,15309049,irene.roth206@outlook.com,31.05.2026,14.06.2026,1301,DELALA,6183,1054,  Contractor calculation error.  ,Delphin Alanya,1223.47 PLN
11.05.2026,28528804,peter.johnson269@proton.me,01.07.2026,15.07.2026,1045,DANTAB,5339,1155,Not enough allotment,Dana Beach Taba,799.05
16.05.2026,36446456,alice.smith668@yahoo.com,27.05.2026,05.06.2026,1178,RIUBEN,8177,1755,Booking Create Error: Brak możliwości założenia rezerwacji winterfejsie.,RIU Benidorm,261.40
31.05.2026,28693532,david.bakker703@outlook.com,20.06.2026,04.07.2026, 1301,TITSID,5616,1155,Not enough allotment,Titanic Side,3418.87
21.05.2026,38159410,alice.schmidt700@yahoo.com,06.06.2026,09.06.2026,2653,PESPOR,9698,5704,Improper reservation price.,Pestana Porto,"1902,45"
26.05.2026,23391799,simon.berg228@hotmail.com,07.04.2026,16.04.2026,1045,HILELX,6168,1155,Not enough allotment,Hilton El Gouna,1649.17
24.05.2026,72405984,daniel.bakker278@proton.me,25.06.2026,28.06.2026,1045,HILTAB,5040,1155,Not enough allotment,Hilton Taba,2836.29
20.05.2026,35795744,michael.nowak779@icloud.com,05.06.2026,10.06.2026,1045,barsha,7227,1155,Not enough allotment,Baron Resort Sharm El Sheikh,1517.69
08.05.2026,48647841,michael.wilson247@proton.me,13.05.2026,18.05.2026,4182,AMAPRO,5334,1755,Booking Create Error: Brak możliwości założenia rezerwacji winterfejsie.,Amara Protaras,995.01
13.05.2026,93323819,martin.nowak28@gmail.com,19.06.2026,22.06.2026,1045,STESHA,3504,1778,Booking Complete Error: Zablokowano allotment online.,Steigenberger Sharm El Sheikh,1931.61
29.05.2026,71937331,marta.wagner717@proton.me,05.05.2026,14.05.2026,1045,RIXHUR,4593,8056,Wrong room configuration,Rixos Hurghada,2422.91
17.05.2026,92791848,sophie.moretti676@gmail.com,12.03.2026,21.03.2026,1045,HILTAB,5040,1778,Booking Complete Error: Zablokowano allotment online.,Hilton Taba,996.15
28.05.2026,96594655,chris.kozlov992@outlook.com,01.06.2026,06.06.2026,1426,JUMRAS,7548,1732,Booking Payer Error: Brak wymaganego parametru,Jumeirah Ras Al Khaimah,"1486,10"
24.05.2026,99602084,daniel.petrov182@proton.me,21.05.2026,26.05.2026,1714,AMAZAD,7291,1155,  Not enough allotment  ,Amadria Park Zadar,3775.18
24.05.2026,79101242,daniel.bianchi358@proton.me,25.06.2026,02.07.2026,1045,CORSHA,9830,1225,There is already such a booking for this agent.,Coral Sea Sharm El Sheikh,2993.80
05.05.2026,42164731,emma.rossi438@gmail.com,08.06.2026,13.06.2026,1045,RIXHUR,4593,1155,Not enough allotment,Rixos Hurghada,3510.72
19.05.2026,89865944,irene.smith806@proton.me,23.05.2026,28.05.2026,1045,STEMAR,3287,1778,  Booking Complete Error: Zablokowano allotment online.  ,Steigenberger Marsa Alam,1268.65
18.05.2026,93775094,irene.larsen974@hotmail.com,04.05.2026,09.05.2026,2247,manama,3683,1755,  Booking Create Error: Brak możliwości założenia rezerwacji winterfejsie.  ,Mangia's Resorts Amalfi Coast,"1819,76"
30.05.2026,34120341,zofia.nowak51@outlook.com,23.06.2026,07.07.2026,4182, OLYPRO ,2330,5704,  Improper reservation price.  ,Olympic Lagoon Protaras,2718.72 PLN
22.05.2026,81993205,daniel.novak159@outlook.com,07.06.2026,12.06.2026,1045,PICSHA,6820,1054,Contractor calculation error.,Pickalbatros Sharm El Sheikh,"2882,32"
08.05.2026,13566476,marta.fischer814@proton.me,13.05.2026,22.05.2026,2653,pespor,9698,1155,  Not enough allotment  ,Pestana Porto,"650,98"
04.05.2026,82255435,chris.smith807@gmail.com,27.06.2026,06.07.2026,1045,SUNMA2,2796,1778,Booking Complete Error: Zablokowano allotment online.,Sunwing Makadi Bay,1693.64 PLN
11.05.2026,50095902,claire.fischer4@yahoo.com,27.04.2026,06.05.2026,1301,RIXAL1,1158,1155,Not enough allotment,Rixos Alanya Resort,
20.05.2026,26874184,irene.kowalski681@hotmail.com,22.03.2026,25.03.2026,1045,SUNELX,3340,1054,Contractor calculation error.,Sunwing El Gouna,2035.14
03.05.2026,30672747,james.muller784@outlook.com,04.04.2026,07.04.2026,1301,RIXBOD,8179,1732,Booking Payer Error: Brak wymaganego parametru,Rixos Bodrum,1287.57
31.05.2026,42383040,peter.bakker181@proton.me,16.05.2026,23.05.2026,1045,CORSHA,9830,1467,Booking Complete Error: Error Message : StopSale.,Coral Sea Sharm El Sheikh,1229.90
21.05.2026,74525013,claire.smith327@proton.me,29.04.2026,08.05.2026, 1178,NHTENX,4510,1467,  Booking Complete Error: Error Message : StopSale.  ,NH Collection Tenerife,1717.00
09.05.2026,74336097,john.wagner747@hotmail.com,17.07.2026,22.07.2026,4182,ANAAYI,2166,1467,Booking Complete Error: Error Message : StopSale.,Anassa Ayia Napa,-663.38
15.05.2026,56530441,zofia.lang783@outlook.com,18.07.2026,01.08.2026,1301,RIXALA,6147,1467,Booking Complete Error: Error Message : StopSale.,Rixos Alanya,3095.04
24.05.2026,82483315,alice.bianchi990@yahoo.com,24.03.2026,29.03.2026,1301,RIXSID,6617,1755,  Booking Create Error: Brak możliwości założenia rezerwacji winterfejsie.  ,Rixos Side,263.06
10.05.2026,31520919,laura.bianchi617@proton.me,27.07.2026,30.07.2026,2653,DOMLIS,5118,1467,Booking Complete Error: Error Message : StopSale.,Dom Pedro Lisbon,3009.00
01.05.2026,53962566,laura.bakker459@proton.me,05.07.2026,10.07.2026,2653,DOMPOR,6419,1155,Not enough allotment,Dom Pedro Porto,1166.45
27.05.2026,96021452,peter.kozlov916@icloud.com,06.05.2026,13.05.2026,1301,titant,8508,1732,Booking Payer Error: Brak wymaganego parametru,Titanic Antalya,1214.48
26.05.2026,11724501,sophie.roth362@yahoo.com,10.05.2026,19.05.2026,1178,BAHIBI,3167,1778,Booking Complete Error: Zablokowano allotment online.,Bahia Principe Ibiza,3340.37
28.05.2026,47829025,michael.rossi819@outlook.com,01.07.2026,15.07.2026,1045,HILHUR,5422,1155,Not enough allotment,Hilton Hurghada,"1445,85"
16.05.2026,52159618,nina.fischer27@gmail.com,25.07.2026,28.07.2026,2247,UNARIM,3068,1755,Booking Create Error: Brak możliwości założenia rezerwacji winterfejsie.,UNA Hotels Rimini,
07.05.2026,62792444,olga.dubois141@icloud.com,08.06.2026,13.06.2026,1301,LIMKE1,8007,1054,  Contractor calculation error.  ,,3416.75 PLN
07.05.2026,29611920,zofia.johnson754@yahoo.com,22.07.2026,05.08.2026,1178,BAHCO1,3296,1467,  Booking Complete Error: Error Message : StopSale.  ,Bahia Principe Costa del Sol,3345.55
30.05.2026,29602406,simon.moretti713@yahoo.com,25.08.2026,01.09.2026,1178,MELBEN,2982,1155,Not enough allotment,Meliá Benidorm,"793,52"
11.05.2026,71826611,thomas.berg399@icloud.com,26.06.2026,10.07.2026,1178,IBEGRA,9479,8056,  Wrong room configuration  ,Iberostar Gran Canaria,2572.26
20.05.2026,26111256,andrew.moretti574@icloud.com,27.05.2026,01.06.2026,1178,RIUPAL,8350,5704,Improper reservation price.,RIU Palma de Mallorca,2597.92
27.05.2026,80919265,anna.rossi840@gmail.com,17.05.2026,24.05.2026,1178,HPALXX,4116,1155,Not enough allotment,H10 Hotels Palma de Mallorca,1852.52
15.05.2026,59711575,chris.moretti951@icloud.com,06.05.2026,13.05.2026,1301,VOYSID,7054,5704,Improper reservation price.,Voyage Side,716.99 PLN
27.05.2026,61286168,maria.dubois166@yahoo.com,26.03.2026,09.04.2026,1301,BARKEM,9666,1155,  Not enough allotment  ,Barut Hotels Kemer,2133.96
25.05.2026,16697739,sophie.lang880@hotmail.com,12.06.2026,15.06.2026,1301,CRYANT,7868,1732,Booking Payer Error: Brak wymaganego parametru,Crystal Hotels Antalya,1243.16 PLN
09.05.2026,95671339,simon.wagner228@yahoo.com,27.06.2026,02.07.2026,1178,BAHCO1,3296,1732,Booking Payer Error: Brak wymaganego parametru,Bahia Principe Costa del Sol,1224.17
17.05.2026,69609128,james.andersen107@icloud.com,30.03.2026,13.04.2026,2653,PESVIL,7046,1755,Booking Create Error: Brak możliwości założenia rezerwacji winterfejsie.,Pestana Vilamoura,1729.37
20.05.2026,18036166,alice.muller401@icloud.com,13.06.2026,27.06.2026,1045, DANTAB ,5339,1155,Not enough allotment,Dana Beach Taba,"865,72"
18.05.2026,92448605,paul.moretti505@yahoo.com,06.07.2026,11.07.2026,1178,RIUCOS,8062,5704,  Improper reservation price.  ,RIU Costa Brava,2472.41 PLN
16.05.2026,19980836,james.bakker420@icloud.com,21.06.2026,26.06.2026,2653,villi1,2070,5704,Improper reservation price.,Vila Vita Parc Lisbon Resort,3865.46
28.05.2026,59014929,sophie.johnson656@hotmail.com,09.05.2026,14.05.2026,1301,RIXANT,1058,1467,Booking Complete Error: Error Message : StopSale.,Rixos Antalya,4184.29
25.05.2026,53374270,irene.bianchi200@gmail.com,05.05.2026,19.05.2026,1178,HGRAXX,4899,1225,There is already such a booking for this agent.,H10 Hotels Gran Canaria,
20.05.2026,82590604,thomas.muller44@icloud.com,20.05.2026,23.05.2026,1045,RIXMAR,9348,1467,Booking Complete Error: Error Message : StopSale.,Rixos Marsa Alam,3950.82
03.05.2026,15487533,george.nowak646@outlook.com,03.08.2026,06.08.2026,1178,BAHPAL,9786,5704,IMPROPER RESERVATION PRICE.,Bahia Principe Palma de Mallorca,"351,02"
12.05.2026,33883134,simon.novak971@icloud.com,11.03.2026,25.03.2026,1426,AJMSHA,5349,8056,Wrong room configuration,Ajman Saray Sharjah,2992.41
02.05.2026,91579904,kate.lang222@icloud.com,13.07.2026,22.07.2026,1045, CORMA1 ,2040,8056,  Wrong room configuration  ,Coral Sea Marsa Alam Resort,1392.82
18.05.2026,91483776,michael.meyer431@icloud.com,12.06.2026,26.06.2026,1301,MAXALA,8491,5704,Improper reservation price.,Maxx Royal Alanya,466.59
27.05.2026,41388763,irene.kravets182@hotmail.com,15.08.2026,24.08.2026,2247,THRIM1,9031,1732,Booking Payer Error: Brak wymaganego parametru,Th Resorts Rimini Resort,3243.62
23.05.2026,64367447,maria.nowak625@icloud.com,18.06.2026,27.06.2026,1045,JAZHUR,4456,1467,Booking Complete Error: Error Message : StopSale.,Jaz Hurghada,3500.53
25.05.2026,59430703,nina.schmidt18@hotmail.com,15.08.2026,18.08.2026,1045,CORHUR,8428,1755,Booking Create Error: Brak możliwości założenia rezerwacji winterfejsie.,Coral Sea Hurghada,591.59
03.05.2026,58370857,thomas.smith62@gmail.com,29.03.2026,12.04.2026,2247,UNASIC,9289,5704,Improper reservation price.,UNA Hotels Sicily,1026.55
29.05.2026,64064021,peter.lang69@yahoo.com,10.04.2026,17.04.2026,1045, DANMAR ,3266,1054,Contractor calculation error.,Dana Beach Marsa Alam,
04.05.2026,87421674,laura.smith310@outlook.com,13.05.2026,18.05.2026,1426, RADDUB ,6378,1054,Contractor calculation error.,Radisson Blu Dubai,"4022,66"
13.05.2026,98413629,james.kowalski47@proton.me,05.06.2026,10.06.2026,1426,ADDFU1,5173,5704,Improper reservation price.,Address Hotels Fujairah Resort,2716.69
17.05.2026,42364409,irene.rossi162@proton.me,07.05.2026,21.05.2026,1178,MELGRA,4681,5704,Improper reservation price.,Meliá Gran Canaria,3672.99
25.05.2026,49093864,elena.larsen427@yahoo.com,03.07.2026,08.07.2026,1426,HILFU1,4114,1467,Booking Complete Error: Error Message : StopSale.,Hilton Fujairah Resort,1945.49
10.05.2026,74609875,anna.lang16@icloud.com,04.05.2026,13.05.2026,1045,jazelx,4733,1755,Booking Create Error: Brak możliwości założenia rezerwacji winterfejsie.,Jaz El Gouna,2362.70
06.05.2026,24714183,thomas.wagner265@gmail.com,03.08.2026,12.08.2026,2653,VIDVI1,1231,1225,There is already such a booking for this agent.,Vidamar Resorts Vilamoura Resort,3332.42
13.05.2026,29305420,john.andersen656@yahoo.com,20.05.2026,23.05.2026,1045,JAZMAK,1771,1755,Booking Create Error: Brak możliwości założenia rezerwacji winterfejsie.,Jaz Makadi Bay,"3166,06"
08.05.2026,19125390,kate.rossi436@outlook.com,19.06.2026,22.06.2026,1178,MELGRA,4681,1467,Booking Complete Error: Error Message : StopSale.,Meliá Gran Canaria,3920.72
23.05.2026,51937863,laura.smith835@icloud.com,07.05.2026,12.05.2026,1426,MARDU1,9518,8056,Wrong room configuration,Marriott Dubai Resort,3043.08
21.05.2026,14159751,emma.kravets338@proton.me,28.05.2026,06.06.2026,1301,maxsid,3170,1467,Booking Complete Error: Error Message : StopSale.,Maxx Royal Side,3949.90
31.05.2026,15461577,robert.smith18@hotmail.com,22.06.2026,29.06.2026,1178,HPALXX,4116,1155,Not enough allotment,H10 Hotels Palma de Mallorca,2648.66
27.05.2026,52887660,anna.petrov176@icloud.com,12.05.2026,21.05.2026,2653,VILLIS,6169,1467,Booking Complete Error: Error Message : StopSale.,Vila Vita Parc Lisbon,"2818,42"
09.05.2026,32757919,claire.novak757@gmail.com,20.07.2026,03.08.2026,1178,nhbenx,2588,5704,IMPROPER RESERVATION PRICE.,NH Collection Benidorm,3977.37
30.05.2026,96073512,kate.costa148@proton.me,09.07.2026,14.07.2026,1426,JUMSHA,4644,1467,Booking Complete Error: Error Message : StopSale.,Jumeirah Sharjah,1231.91
26.05.2026,86868540,emma.kozlov748@proton.me,15.07.2026,29.07.2026,1426,ADDRA1,8144,1467,Booking Complete Error: Error Message : StopSale.,Address Hotels Ras Al Khaimah Resort,3441.88
15.05.2026,83309452,martin.berg618@gmail.com,07.04.2026,14.04.2026,1301,TITKEM,5114,1467,Booking Complete Error: Error Message : StopSale.,Titanic Kemer,"963,91"
04.05.2026,37425725,martin.bianchi524@gmail.com,24.06.2026,29.06.2026,1045,DANSHA,2307,1467,Booking Complete Error: Error Message : StopSale.,Dana Beach Sharm El Sheikh,"3030,76"
23.05.2026,96223229,david.berg119@gmail.com,24.04.2026,27.04.2026,2653,VIDLIS,6764,1155,Not enough allotment,Vidamar Resorts Lisbon,4121.09 PLN
22.05.2026,91212919,daniel.rossi56@outlook.com,30.06.2026,14.07.2026,1045,HILHUR,5422,1155,Not enough allotment,Hilton Hurghada,3574.77
08.05.2026,89771817,peter.novak137@hotmail.com,13.07.2026,27.07.2026,1178,hbenxx,8579,5704,Improper reservation price.,H10 Hotels Benidorm,1859.70
31.05.2026,92474982,alice.nowak322@icloud.com,26.07.2026,02.08.2026,2247,NHSICX,2124,1467,Booking Complete Error: Error Message : StopSale.,NH Collection Sicily,"1145,51"
25.05.2026,71207649,peter.roth144@proton.me,12.08.2026,21.08.2026,2653,vilca1,1745,8056,Wrong room configuration,,2098.54
27.05.2026,36791143,claire.bianchi608@outlook.com,21.05.2026,26.05.2026,2653,PESFUN,4033,8056,Wrong room configuration,Pestana Funchal (Madeira),423.21
30.05.2026,97292994,paul.schmidt509@hotmail.com,14.07.2026,19.07.2026,1301,BARAN1,8239,1755,Booking Create Error: Brak możliwości założenia rezerwacji winterfejsie.,Barut Hotels Antalya Resort,3339.55
29.05.2026,64671199,chris.petrov322@gmail.com,22.05.2026,29.05.2026,1301,VOYSID,7054,1155,Not enough allotment,Voyage Side,2774.95
27.05.2026,31750551,michael.muller887@yahoo.com,21.07.2026,26.07.2026,1426,RADFUJ,2776,1467,Booking Complete Error: Error Message : StopSale.,Radisson Blu Fujairah,"3626,49"
20.05.2026,21002322,michael.berg202@outlook.com,16.06.2026,30.06.2026,1301,LIMBEL,4910,1755,Booking Create Error: Brak możliwości założenia rezerwacji winterfejsie.,,3575.08
26.05.2026,29710954,olga.meyer329@outlook.com,30.03.2026,06.04.2026,1178,HIBIXX,9834,1225,There is already such a booking for this agent.,H10 Hotels Ibiza,"1260,12"
19.05.2026,45567457,claire.garcia89@gmail.com,05.05.2026,10.05.2026,1301,BARSID,1832,8056,Wrong room configuration,Barut Hotels Side,1315.83
28.05.2026,44913752,alice.wagner622@proton.me,28.06.2026,07.07.2026,1301,DELALA,6183,1054,Contractor calculation error.,Delphin Alanya,2995.93
06.05.2026,33946564,zofia.kozlov216@icloud.com,02.06.2026,09.06.2026,2653,PESALB,8434,5704,Improper reservation price.,Pestana Albufeira,"4016,38"
13.05.2026,49951830,irene.dubois849@hotmail.com,22.07.2026,27.07.2026,1714,FALMAK,8251,1467,Booking Complete Error: Error Message : StopSale.,Falkensteiner Makarska,2202.14
23.05.2026,27393802,james.wilson838@gmail.com,09.05.2026,23.05.2026,2247,NHSICX,2124,1778,Booking Complete Error: Zablokowano allotment online.,NH Collection Sicily,1418.09
16.05.2026,60846028,david.rossi250@proton.me,12.05.2026,26.05.2026,1178, MELCOS ,1344,5704,Improper reservation price.,Meliá Costa del Sol,4023.66
06.05.2026,39126690,irene.bakker923@proton.me,20.04.2026,23.04.2026,1301,BARMA2,1128,1755,Booking Create Error: Brak możliwości założenia rezerwacji winterfejsie.,Barut Hotels Marmaris,2193.74
14.05.2026,94009435,george.bianchi745@outlook.com,19.05.2026,26.05.2026,1426,ROTAB1,7211,1155,Not enough allotment,Rotana Abu Dhabi Resort,4001.28
21.05.2026,45202050,olga.nowak701@hotmail.com,11.05.2026,20.05.2026,2653,PINVIL,9041,1155,  Not enough allotment  ,Pine Cliffs Vilamoura,-1594.90
14.05.2026,19369750,sophie.kozlov306@hotmail.com,11.08.2026,16.08.2026,1045,SUNMA1,9179,1732,Booking Payer Error: Brak wymaganego parametru,,1341.18
14.05.2026,56345273,peter.smith160@hotmail.com,24.07.2026,07.08.2026,1301,RIXALA,6147,1225,There is already such a booking for this agent.,Rixos Alanya,578.21
20.05.2026,96454161,emma.andersen746@proton.me,03.06.2026,10.06.2026, 1426, AJMAB1 ,5920,1467,Booking Complete Error: Error Message : StopSale.,Ajman Saray Abu Dhabi Resort,4182.59
13.05.2026,12826250,paul.wagner237@yahoo.com,11.05.2026,16.05.2026,1178,BARGRA,1993,1467,Booking Complete Error: Error Message : StopSale.,Barceló Gran Canaria,3776.49
21.05.2026,52860106,chris.wagner990@icloud.com,16.05.2026,21.05.2026,2653,TIVLI1,5853,1155,NOT ENOUGH ALLOTMENT,Tivoli Lisbon Resort,3654.48 PLN
24.05.2026,23480667,thomas.garcia862@hotmail.com,17.04.2026,26.04.2026,1045,HILTAB,5040,1054,Contractor calculation error.,Hilton Taba,3932.85
09.05.2026,79523757,michael.andersen837@outlook.com,26.03.2026,29.03.2026, 1045,suntab,2654,5704,Improper reservation price.,Sunrise Taba,1404.10
18.05.2026,82260050,marta.kozlov33@hotmail.com,28.05.2026,11.06.2026,1301,TITSID,5616,1778,Booking Complete Error: Zablokowano allotment online.,Titanic Side,2086.01
04.05.2026,82720610,julia.lang741@hotmail.com,27.06.2026,04.07.2026,1178,BARPAL,2049,5704,Improper reservation price.,Barceló Palma de Mallorca,"2634,35"
17.05.2026,34796255,martin.moretti138@hotmail.com,10.04.2026,15.04.2026,1178,HPALXX,4116,1155,Not enough allotment,H10 Hotels Palma de Mallorca,353.48
26.05.2026,62898301,james.fischer825@icloud.com,06.07.2026,20.07.2026,1045,STEMAR,3287,1467,Booking Complete Error: Error Message : StopSale.,Steigenberger Marsa Alam,3796.19
08.05.2026,98695038,laura.roth680@proton.me,06.06.2026,15.06.2026,1301,TITKEM,5114,1467,Booking Complete Error: Error Message : StopSale.,Titanic Kemer,839.54
20.05.2026,50569855,sophie.keller470@hotmail.com,13.06.2026,27.06.2026,1045,CORTAB,7572,1155,Not enough allotment,Coral Sea Taba,694.55
05.05.2026,83409743,thomas.moretti185@proton.me,24.07.2026,02.08.2026,1301,BARKEM,9666,5704,Improper reservation price.,Barut Hotels Kemer,1987.57
21.05.2026,88990348,zofia.bianchi486@yahoo.com,30.05.2026,04.06.2026,1178,BAHIBI,3167,1755,Booking Create Error: Brak możliwości założenia rezerwacji winterfejsie.,Bahia Principe Ibiza,1665.71
25.05.2026,84563921,maria.wilson495@outlook.com,22.07.2026,05.08.2026,1714,FALDUB,8784,1054,CONTRACTOR CALCULATION ERROR.,Falkensteiner Dubrovnik,1000.32
14.05.2026,71414821,james.wagner885@icloud.com,23.07.2026,26.07.2026,1178,NHGRAX,7537,1755,  Booking Create Error: Brak możliwości założenia rezerwacji winterfejsie.  ,NH Collection Gran Canaria,3016.11
12.05.2026,61074449,mark.schmidt620@hotmail.com,14.05.2026,19.05.2026,1426,ROTABU,3925,5704,Improper reservation price.,Rotana Abu Dhabi,3757.85
29.05.2026,48332285,marta.wilson776@icloud.com,08.05.2026,11.05.2026,1714,AMAPO1,3267,1155,Not enough allotment,Amadria Park Porec Resort,3951.98
03.05.2026,28551745,elena.andersen429@hotmail.com,11.07.2026,18.07.2026,1301,RIXSID,6617,1155,Not enough allotment,Rixos Side,3418.46
13.05.2026,81645549,george.kowalski674@hotmail.com,28.07.2026,31.07.2026, 1426,JUMRA1,6344,1467,Booking Complete Error: Error Message : StopSale.,Jumeirah Ras Al Khaimah Resort,3153.06
03.05.2026,27659164,martin.schmidt13@icloud.com,15.06.2026,18.06.2026,4182, ANALIM ,5632,1054,Contractor calculation error.,Anassa Limassol,
03.05.2026,45844090,alice.moretti50@gmail.com,04.07.2026,11.07.2026, 1045,SUNMA2,2796,5704,Improper reservation price.,Sunwing Makadi Bay,3584.36
23.05.2026,61579960,mark.petrov558@outlook.com,07.05.2026,14.05.2026,1045,PICELX,4752,1755,Booking Create Error: Brak możliwości założenia rezerwacji winterfejsie.,Pickalbatros El Gouna,"3593,91"
29.05.2026,82885657,elena.johnson761@hotmail.com,02.04.2026,05.04.2026,2247,THSICX,5051,1225,There is already such a booking for this agent.,Th Resorts Sicily,"419,70"
19.05.2026,35223298,irene.costa761@icloud.com,27.05.2026,05.06.2026,1178,BAHBEN,6539,1467,  Booking Complete Error: Error Message : StopSale.  ,Bahia Principe Benidorm,2673.58
03.05.2026,15751690,martin.lang346@yahoo.com,16.07.2026,25.07.2026,1714,VALROV,4997,1732,Booking Payer Error: Brak wymaganego parametru,Valamar Rovinj,3526.85
20.05.2026,16045005,olga.larsen142@yahoo.com,03.06.2026,10.06.2026,1178,BARCO1,6559,1155,Not enough allotment,Barceló Costa Brava,416.26
28.05.2026,74819756,daniel.dubois465@gmail.com,18.06.2026,25.06.2026,1301,MAXANT,3546,1755,Booking Create Error: Brak możliwości założenia rezerwacji winterfejsie.,,1217.27
13.05.2026,20136881,olga.dubois215@yahoo.com,25.08.2026,28.08.2026,4182,CONLI1,6280,1755,Booking Create Error: Brak możliwości założenia rezerwacji winterfejsie.,Constantinou Bros Limassol Resort,699.79
12.05.2026,63839504,simon.wagner975@icloud.com,26.05.2026,29.05.2026,2653,DOMPOR,6419,1732,Booking Payer Error: Brak wymaganego parametru,Dom Pedro Porto,3466.86 PLN
20.05.2026,44629107,irene.moretti131@yahoo.com,07.05.2026,12.05.2026,1301,rixal1,1158,1225,There is already such a booking for this agent.,Rixos Alanya Resort,3275.61
02.05.2026,46992495,james.roth241@proton.me,28.05.2026,02.06.2026,1178,OCCGRA,1887,1155,Not enough allotment,Occidental Gran Canaria,"3565,90"
07.05.2026,57848816,paul.smith861@proton.me,10.06.2026,15.06.2026,1178,HPALXX,4116,1054,Contractor calculation error.,H10 Hotels Palma de Mallorca,2220.22
21.05.2026,79291785,kate.novak229@proton.me,09.06.2026,14.06.2026,1301,BARKEM,9666,1054,Contractor calculation error.,Barut Hotels Kemer,"819,40"
10.05.2026,44506369,sophie.dubois556@proton.me,27.04.2026,04.05.2026,1045,SUNEL1,8019,1467,Booking Complete Error: Error Message : StopSale.,Sunrise El Gouna,1891.52
26.05.2026,65243509,george.wilson849@yahoo.com,10.06.2026,15.06.2026,1301,VOYAN1,5291,1155,Not enough allotment,Voyage Antalya Resort,3879.14
27.05.2026,67984060,irene.fischer351@proton.me,15.04.2026,18.04.2026,1301,LIMMAR,5956,1155,Not enough allotment,Limak Marmaris,2908.26
02.05.2026,63541768,paul.novak124@outlook.com,27.04.2026,02.05.2026,1178, BARFUE ,8953,1054,Contractor calculation error.,Barceló Fuerteventura,602.29
05.05.2026,59465107,claire.fischer370@outlook.com,09.06.2026,23.06.2026,4182,ANAPA1,3037,5704,Improper reservation price.,Anassa Paphos Resort,"3941,37"
26.05.2026,60658162,nina.berg795@gmail.com,02.06.2026,09.06.2026,2653,VIDALB,2976,1155,Not enough allotment,Vidamar Resorts Albufeira,1523.98
04.05.2026,17448247,peter.dubois270@gmail.com,12.05.2026,17.05.2026,1714,sunrov,3184,1054,Contractor calculation error.,Sun Gardens Rovinj,3933.54
24.05.2026,33883134,daniel.larsen387@proton.me,11.03.2026,25.03.2026,1426,AJMSHA,5349,1732,Booking Payer Error: Brak wymaganego parametru,Ajman Saray Sharjah,2992.41
23.05.2026,97192052,john.fischer498@yahoo.com,10.05.2026,13.05.2026,1301,BARMA2,1128,1155,Not enough allotment,Barut Hotels Marmaris,1223.50
21.05.2026,43533779,daniel.johnson104@gmail.com,15.07.2026,24.07.2026,4182,OLYLAR,4457,1155,Not enough allotment,Olympic Lagoon Larnaca,1356.56
15.05.2026,31325610,elena.schmidt976@outlook.com,17.04.2026,22.04.2026,2247,BLURIM,7906,1155,Not enough allotment,Bluserena Rimini,340.56
07.05.2026,65484975,james.johnson866@gmail.com,10.05.2026,17.05.2026,1178,RIUPAL,8350,1755,BOOKING CREATE ERROR: BRAK MOŻLIWOŚCI ZAŁOŻENIA REZERWACJI WINTERFEJSIE.,RIU Palma de Mallorca,1101.68
14.05.2026,64419851,emma.muller472@yahoo.com,08.07.2026,15.07.2026,1426,RADSHA,5279,1054,Contractor calculation error.,Radisson Blu Sharjah,1060.20
11.05.2026,28238410,alice.wagner281@proton.me,07.08.2026,14.08.2026,1045,SUNELX,3340,1778,Booking Complete Error: Zablokowano allotment online.,Sunwing El Gouna,1429.92
03.05.2026,89979598,robert.rossi96@gmail.com,31.03.2026,09.04.2026,1426,ADDFU1,5173,1054,Contractor calculation error.,Address Hotels Fujairah Resort,734.60
09.05.2026,65306850,marta.fischer981@hotmail.com,17.04.2026,22.04.2026,1178,NHFUEX,2160,5704,Improper reservation price.,NH Collection Fuerteventura,2654.02
20.05.2026,59371260,chris.weber246@proton.me,01.08.2026,08.08.2026,1178,NHFUEX,2160,1155,Not enough allotment,NH Collection Fuerteventura,350.40
26.05.2026,41524851,thomas.roth104@proton.me,24.05.2026,31.05.2026,4182,CONPRO,8438,1225,There is already such a booking for this agent.,Constantinou Bros Protaras,1631.40
30.05.2026,96223229,emma.petrov333@gmail.com,24.04.2026,27.04.2026,2653,VIDLIS,6764,1054,Contractor calculation error.,Vidamar Resorts Lisbon,4121.09
20.05.2026,28134815,julia.larsen612@icloud.com,16.06.2026,25.06.2026,2653,VIDAL1,8827,1467,Booking Complete Error: Error Message : StopSale.,Vidamar Resorts Albufeira Resort,4079.69
15.05.2026,81026399,paul.kowalski204@icloud.com,25.06.2026,09.07.2026,2247,BLUAM1,8102,1155,Not enough allotment,Bluserena Amalfi Coast Resort,"4159,31"
05.05.2026,42336213,olga.fischer984@hotmail.com,21.08.2026,28.08.2026,1045,SUNELX,3340,1467,  Booking Complete Error: Error Message : StopSale.  ,Sunwing El Gouna,2792.42
29.05.2026,38133133,michael.bianchi968@hotmail.com,12.05.2026,17.05.2026,1301,CRYALA,6464,1467,Booking Complete Error: Error Message : StopSale.,Crystal Hotels Alanya,"3195,88"
21.05.2026,33508440,elena.kowalski613@yahoo.com,03.05.2026,10.05.2026,1178,RIUCO1,1828,1054,Contractor calculation error.,RIU Costa del Sol,715.57
05.05.2026,13769354,elena.larsen672@hotmail.com,09.06.2026,16.06.2026,1301,RIXBEL,9900,1225,  There is already such a booking for this agent.  ,Rixos Belek,1564.72
28.05.2026,74817663,sophie.rossi416@icloud.com,24.07.2026,31.07.2026,1045,JAZELX,4733,1467,Booking Complete Error: Error Message : StopSale.,Jaz El Gouna,1150.82
10.05.2026,53506740,chris.fischer809@yahoo.com,27.06.2026,11.07.2026,1714,FALSPL,8478,1732,Booking Payer Error: Brak wymaganego parametru,Falkensteiner Split,2189.43
17.05.2026,28696461,robert.smith934@yahoo.com,04.07.2026,18.07.2026,1178,ibeten,8397,1155,Not enough allotment,Iberostar Tenerife,2325.17
04.05.2026,51127483,laura.nowak313@icloud.com,12.05.2026,21.05.2026,1045,BARSHA,7227,1054,Contractor calculation error.,Baron Resort Sharm El Sheikh,1557.87
24.05.2026,91515342,james.novak767@icloud.com,06.06.2026,20.06.2026,2653,DOMVIL,4630,1467,Booking Complete Error: Error Message : StopSale.,Dom Pedro Vilamoura,3029.68
28.05.2026,71762034,emma.petrov708@proton.me,16.06.2026,25.06.2026,1178,BAHGRA,6107,1467,Booking Complete Error: Error Message : StopSale.,Bahia Principe Gran Canaria,-2982.63
15.05.2026,30561058,alice.schmidt820@yahoo.com,11.05.2026,16.05.2026,1426,RADSH1,7888,1155,Not enough allotment,Radisson Blu Sharjah Resort,297.50
19.05.2026,37686666,thomas.kozlov858@hotmail.com,21.06.2026,26.06.2026,1045,STESHA,3504,5704,Improper reservation price.,Steigenberger Sharm El Sheikh,592.61
09.05.2026,41940192,thomas.novak479@icloud.com,06.07.2026,15.07.2026,1045,DANELX,4814,1155,Not enough allotment,,3509.41
03.05.2026,89578096,george.muller261@proton.me,18.04.2026,27.04.2026,1178,BARCOS,8744,1467,BOOKING COMPLETE ERROR: ERROR MESSAGE : STOPSALE.,Barceló Costa del Sol,4188.51
23.05.2026,23821034,daniel.andersen235@icloud.com,19.08.2026,22.08.2026,1178,IBECO1,2235,1467,Booking Complete Error: Error Message : StopSale.,Iberostar Costa del Sol,620.85
19.05.2026,45519657,sophie.andersen32@gmail.com,09.07.2026,18.07.2026,1714,VALMA1,4841,1467,BOOKING COMPLETE ERROR: ERROR MESSAGE : STOPSALE.,Valamar Makarska Resort,322.63
22.05.2026,55614022,emma.roth408@gmail.com,20.05.2026,27.05.2026,1426,MARFU1,3041,5704,Improper reservation price.,Marriott Fujairah Resort,2230.75
24.05.2026,68947411,alice.schmidt493@icloud.com,29.04.2026,02.05.2026,1045,PICSHA,6820,1155,Not enough allotment,Pickalbatros Sharm El Sheikh,-3678.67
05.05.2026,80064547,anna.johnson932@gmail.com,06.03.2026,09.03.2026,1178,HBENXX,8579,1054,Contractor calculation error.,H10 Hotels Benidorm,1774.46
09.05.2026,29000472,elena.garcia792@outlook.com,12.06.2026,15.06.2026, 1301,BARSID,1832,5704,  Improper reservation price.  ,Barut Hotels Side,3666.12
16.05.2026,78390278,martin.weber162@yahoo.com,20.05.2026,03.06.2026,2247,ROCROM,4266,1155,Not enough allotment,Rocco Forte Rome,3760.54
25.05.2026,38859907,anna.wilson438@outlook.com,09.06.2026,23.06.2026,1045,HILTAB,5040,5704,IMPROPER RESERVATION PRICE.,Hilton Taba,1948.78
21.05.2026,47235091,andrew.petrov806@hotmail.com,12.05.2026,17.05.2026,1178,MELBEN,2982,5704,Improper reservation price.,Meliá Benidorm,1613.67
12.05.2026,51181628,james.bianchi593@yahoo.com,05.05.2026,08.05.2026,1301,TITALA,4335,1155,Not enough allotment,Titanic Alanya,1856.84
11.05.2026,81845535,simon.meyer604@proton.me,08.07.2026,15.07.2026,1178,BARCOS,8744,1732,Booking Payer Error: Brak wymaganego parametru,Barceló Costa del Sol,2640.92
27.05.2026,41073228,chris.johnson798@hotmail.com,14.07.2026,28.07.2026,1045,CORSHA,9830,1732,Booking Payer Error: Brak wymaganego parametru,Coral Sea Sharm El Sheikh,1131.12 PLN
16.05.2026,87749608,andrew.roth159@proton.me,10.07.2026,24.07.2026, 2653,pesvi1,5786,1755,Booking Create Error: Brak możliwości założenia rezerwacji winterfejsie.,Pestana Vilamoura Resort,1931.06
18.05.2026,59016327,irene.bianchi146@icloud.com,21.07.2026,30.07.2026,1714,VALMAK,7547,1778,Booking Complete Error: Zablokowano allotment online.,Valamar Makarska,"3934,62"
01.05.2026,10902958,elena.kowalski673@yahoo.com,27.06.2026,04.07.2026,1178,BAHCOS,4981,1467,Booking Complete Error: Error Message : StopSale.,Bahia Principe Costa Brava,1473.00
27.05.2026,14740436,olga.roth935@yahoo.com,16.06.2026,25.06.2026,1178, IBECO1 ,2235,1054,Contractor calculation error.,Iberostar Costa del Sol,2552.94
16.05.2026,92727332,robert.schmidt896@outlook.com,23.06.2026,07.07.2026,1045,HILELX,6168,1155,Not enough allotment,Hilton El Gouna,"2743,90"
19.05.2026,35233016,sophie.muller653@icloud.com,14.06.2026,23.06.2026,1178,occfue,5073,1155,Not enough allotment,Occidental Fuerteventura,"3621,25"
23.05.2026,57229041,david.schmidt8@gmail.com,01.06.2026,15.06.2026,2653,TIVALB,6023,1732,Booking Payer Error: Brak wymaganego parametru,Tivoli Albufeira,2128.56 PLN
26.05.2026,56091075,thomas.rossi936@yahoo.com,11.07.2026,18.07.2026,1045,SUNEL1,8019,1225,THERE IS ALREADY SUCH A BOOKING FOR THIS AGENT.,Sunrise El Gouna,1214.46
23.05.2026,14915156,laura.wagner800@gmail.com,11.07.2026,18.07.2026,1301, MAXBEL ,5533,1155,Not enough allotment,Maxx Royal Belek,"3225,50"
31.05.2026,44665942,james.dubois336@yahoo.com,05.07.2026,10.07.2026,1045,CORMA1,2040,1755,Booking Create Error: Brak możliwości założenia rezerwacji winterfejsie.,Coral Sea Marsa Alam Resort,3471.99
22.05.2026,34056124,michael.kowalski355@gmail.com,05.06.2026,12.06.2026,1714,FALDU1,9540,1755,Booking Create Error: Brak możliwości założenia rezerwacji winterfejsie.,Falkensteiner Dubrovnik Resort,2077.55
16.05.2026,38080254,kate.kravets494@gmail.com,26.04.2026,29.04.2026,1301,DELSID,9004,1054,  Contractor calculation error.  ,Delphin Side,1899.70
27.05.2026,75942331,paul.costa723@outlook.com,04.07.2026,13.07.2026,1045,RIXMAK,1750,1467,Booking Complete Error: Error Message : StopSale.,,
07.05.2026,54744169,james.nowak200@gmail.com,15.06.2026,18.06.2026,1178,HCOSX1,5092,5704,Improper reservation price.,H10 Hotels Costa Brava,
17.05.2026,69659268,andrew.costa924@hotmail.com,23.05.2026,01.06.2026,1301,MAXMAR,7484,1155,Not enough allotment,Maxx Royal Marmaris,2375.82
27.05.2026,13145143,robert.johnson789@outlook.com,21.05.2026,04.06.2026,1714,VALDU1,6502,1054,  Contractor calculation error.  ,Valamar Dubrovnik Resort,354.02
06.05.2026,50308304,olga.rossi676@icloud.com,03.08.2026,12.08.2026,1045,dansha,2307,1155,Not enough allotment,Dana Beach Sharm El Sheikh,3823.47
25.05.2026,23987295,george.nowak571@icloud.com,25.04.2026,02.05.2026,1301,VOYANT,9565,1155,Not enough allotment,Voyage Antalya,1149.28
31.05.2026,38610443,anna.larsen808@gmail.com,24.08.2026,02.09.2026,1045,SUNMA2,2796,1155,Not enough allotment,Sunwing Makadi Bay,3273.92
18.05.2026,19068751,martin.andersen501@yahoo.com,29.05.2026,01.06.2026,1426,RADRA1,6409,1467,Booking Complete Error: Error Message : StopSale.,Radisson Blu Ras Al Khaimah Resort,964.45
13.05.2026,37355760,simon.larsen111@proton.me,12.06.2026,15.06.2026,1045,SUNSH1,6930,1054,Contractor calculation error.,Sunwing Sharm El Sheikh,2234.88
13.05.2026,95392984,robert.muller216@gmail.com,14.06.2026,28.06.2026,2247,mansa1,1207,1155,NOT ENOUGH ALLOTMENT,Mangia's Resorts Sardinia Resort,4079.20
11.05.2026,14740436,sophie.wagner175@proton.me,16.06.2026,25.06.2026, 1178,IBECO1,2235,5704,Improper reservation price.,Iberostar Costa del Sol,
25.05.2026,55481326,kate.nowak911@gmail.com,15.06.2026,18.06.2026,1178,MELPAL,4119,1155,Not enough allotment,Meliá Palma de Mallorca,1019.31
29.05.2026,43199341,kate.meyer802@gmail.com,22.04.2026,29.04.2026,1301,TITANT,8508,1467,Booking Complete Error: Error Message : StopSale.,Titanic Antalya,"2882,01"
13.05.2026,93781726,maria.lang811@yahoo.com,10.06.2026,13.06.2026,1178,BARIBI,4750,1155,Not enough allotment,Barceló Ibiza,-3907.38
12.05.2026,21044911,paul.rossi637@outlook.com,07.08.2026,10.08.2026,1301,BARSID,1832,1467,Booking Complete Error: Error Message : StopSale.,Barut Hotels Side,"2855,70"
20.05.2026,40037673,thomas.johnson557@gmail.com,04.06.2026,09.06.2026,1178,HGRAXX,4899,5704,Improper reservation price.,H10 Hotels Gran Canaria,1500.57
01.05.2026,80460439,elena.nowak345@icloud.com,27.04.2026,06.05.2026,1045,JAZMAK,1771,1755,Booking Create Error: Brak możliwości założenia rezerwacji winterfejsie.,Jaz Makadi Bay,1460.46
01.05.2026,58330429,martin.andersen274@hotmail.com,02.06.2026,16.06.2026,1301,LIMANT,2697,1155,NOT ENOUGH ALLOTMENT,Limak Antalya,"346,66"
15.05.2026,61215153,george.meyer664@outlook.com,06.07.2026,09.07.2026,1714,VALRO1,5451,1155,Not enough allotment,Valamar Rovinj Resort,"1780,84"
07.05.2026,37535951,andrew.johnson864@hotmail.com,10.05.2026,17.05.2026,1301,VOYSID,7054,1732,Booking Payer Error: Brak wymaganego parametru,Voyage Side,
26.05.2026,80643537,laura.roth27@proton.me,19.07.2026,22.07.2026,1045,JAZHUR,4456,1155,Not enough allotment,Jaz Hurghada,2408.01 PLN
09.05.2026,46470477,david.schmidt427@outlook.com,25.07.2026,28.07.2026,1301,RIXBOD,8179,1155,Not enough allotment,Rixos Bodrum,3794.65
13.05.2026,56857367,daniel.weber491@gmail.com,21.04.2026,24.04.2026,1178,NHCOSX,8651,1755,Booking Create Error: Brak możliwości założenia rezerwacji winterfejsie.,NH Collection Costa del Sol,"3164,02"
02.05.2026,16528164,elena.garcia534@proton.me,13.07.2026,22.07.2026,1426,RADSH1,7888,1467,Booking Complete Error: Error Message : StopSale.,Radisson Blu Sharjah Resort,3853.84
03.05.2026,46941011,peter.petrov425@gmail.com,11.06.2026,20.06.2026,1045,HILTAB,5040,1732,Booking Payer Error: Brak wymaganego parametru,Hilton Taba,"2490,55"
01.05.2026,53075398,andrew.lang756@proton.me,10.06.2026,13.06.2026,1714,BLUDUB,3607,1155,Not enough allotment,Bluesun Dubrovnik,2783.51
18.05.2026,62154482,george.lang602@hotmail.com,18.06.2026,21.06.2026,1301,MAXMAR,7484,5704,Improper reservation price.,Maxx Royal Marmaris,788.18
01.05.2026,68723377,olga.bianchi720@gmail.com,05.04.2026,12.04.2026,2247, MANVEN ,2245,1732,Booking Payer Error: Brak wymaganego parametru,,
28.05.2026,44713772,anna.kowalski194@icloud.com,19.05.2026,24.05.2026,1426,radfuj,2776,1467,Booking Complete Error: Error Message : StopSale.,Radisson Blu Fujairah,366.04
12.05.2026,71937331,marta.petrov996@icloud.com,05.05.2026,14.05.2026,1045,RIXHUR,4593,1155,Not enough allotment,Rixos Hurghada,2422.91
28.05.2026,26658677,elena.meyer952@icloud.com,02.06.2026,05.06.2026,4182,OLYLI1,1339,1755,Booking Create Error: Brak możliwości założenia rezerwacji winterfejsie.,Olympic Lagoon Limassol Resort,2674.10
08.05.2026,61096850,chris.wilson497@hotmail.com,14.07.2026,19.07.2026,1045,PICMAR,2169,1755,  Booking Create Error: Brak możliwości założenia rezerwacji winterfejsie.  ,Pickalbatros Marsa Alam,2258.73
28.05.2026,55481326,daniel.larsen146@proton.me,15.06.2026,18.06.2026,1178,MELPAL,4119,1054,Contractor calculation error.,Meliá Palma de Mallorca,
22.05.2026,92470962,peter.smith961@icloud.com,25.08.2026,08.09.2026,1045,DANHU1,7252,1467,Booking Complete Error: Error Message : StopSale.,Dana Beach Hurghada Resort,1249.04
26.05.2026,79523757,martin.garcia434@icloud.com,26.03.2026,29.03.2026,1045,suntab,2654,1155,Not enough allotment,Sunrise Taba,1404.10
04.05.2026,89400305,daniel.meyer473@proton.me,10.04.2026,15.04.2026,1301,RIXSID,6617,1467,Booking Complete Error: Error Message : StopSale.,Rixos Side,4090.07
29.05.2026,41329793,robert.andersen749@proton.me,10.06.2026,15.06.2026,1178,BAHGRA,6107,1755,Booking Create Error: Brak możliwości założenia rezerwacji winterfejsie.,Bahia Principe Gran Canaria,511.11
05.05.2026,13427288,thomas.kravets733@proton.me,29.04.2026,13.05.2026,1045,DANHUR,2139,1467,Booking Complete Error: Error Message : StopSale.,Dana Beach Hurghada,669.62
02.05.2026,19314506,emma.andersen183@proton.me,28.04.2026,07.05.2026,4182,amalar,4792,1755,Booking Create Error: Brak możliwości założenia rezerwacji winterfejsie.,Amara Larnaca,2192.30
14.05.2026,36743897,olga.moretti44@outlook.com,19.08.2026,24.08.2026,1301,titala,4335,5704,Improper reservation price.,Titanic Alanya,984.73
01.05.2026,29786357,claire.petrov868@outlook.com,02.08.2026,05.08.2026,2247,BAGRIM,4571,5704,IMPROPER RESERVATION PRICE.,Baglioni Hotels Rimini,-3858.43
06.05.2026,77624084,zofia.lang931@proton.me,31.05.2026,09.06.2026,1714,SUNSPL,8373,5704,Improper reservation price.,,1125.12
10.05.2026,31585546,sophie.bakker968@icloud.com,26.05.2026,29.05.2026,1301,VOYSID,7054,1755,Booking Create Error: Brak możliwości założenia rezerwacji winterfejsie.,Voyage Side,1552.72
10.05.2026,24531132,nina.muller381@outlook.com,10.08.2026,19.08.2026,1045,HILELX,6168,1155,Not enough allotment,Hilton El Gouna,2588.02
12.05.2026,99453826,laura.rossi5@hotmail.com,27.06.2026,11.07.2026,4182,ATLPR1,2317,1155,Not enough allotment,Atlantica Protaras Resort,3359.82
21.05.2026,91745321,kate.kowalski345@outlook.com,30.06.2026,14.07.2026,4182,AMAPA2,2494,5704,Improper reservation price.,Amara Paphos Beach,1366.57
13.05.2026,37984434,elena.rossi852@icloud.com,19.05.2026,24.05.2026,2247,BAGVEN,8758,1054,Contractor calculation error.,Baglioni Hotels Venice,3990.42
04.05.2026,68909058,david.johnson921@yahoo.com,17.04.2026,22.04.2026,1426,ROTDUB,4652,1755,  Booking Create Error: Brak możliwości założenia rezerwacji winterfejsie.  ,Rotana Dubai,"2217,21"
22.05.2026,55846438,andrew.lang849@gmail.com,19.06.2026,26.06.2026,1178,riuten,5061,1467,Booking Complete Error: Error Message : StopSale.,RIU Tenerife,3170.09
01.05.2026,66794885,john.weber831@yahoo.com,18.06.2026,27.06.2026,1301, VOYBEL ,2200,1155,NOT ENOUGH ALLOTMENT,Voyage Belek,"2293,21"
23.05.2026,23613606,olga.larsen721@hotmail.com,19.06.2026,28.06.2026, 1045,SUNHUR,7065,1755,Booking Create Error: Brak możliwości założenia rezerwacji winterfejsie.,Sunrise Hurghada,766.51
01.05.2026,51791137,zofia.andersen218@yahoo.com,09.04.2026,12.04.2026,1178,BARCOS,8744,1755,Booking Create Error: Brak możliwości założenia rezerwacji winterfejsie.,Barceló Costa del Sol,1718.92
16.05.2026,50745011,thomas.petrov612@yahoo.com,12.06.2026,21.06.2026,1045,HILELX,6168,1155,Not enough allotment,Hilton El Gouna,"2387,68"
16.05.2026,66715484,chris.schmidt943@outlook.com,18.08.2026,27.08.2026,1178,RIUPAL,8350,5704,Improper reservation price.,RIU Palma de Mallorca,-1826.50
04.05.2026,68283876,maria.johnson482@proton.me,05.05.2026,12.05.2026, 1301,CRYALA,6464,1755,Booking Create Error: Brak możliwości założenia rezerwacji winterfejsie.,Crystal Hotels Alanya,2538.89
30.05.2026,14293708,simon.moretti103@icloud.com,11.08.2026,18.08.2026,1301,DELBEL,3584,5704,Improper reservation price.,Delphin Belek,1980.34
30.05.2026,85236245,simon.garcia539@proton.me,22.05.2026,31.05.2026,1301,DELBOD,2891,,Booking Complete Error: Zablokowano allotment online.,Delphin Bodrum,2253.11
05.05.2026,25732968,anna.kowalski833@icloud.com,23.05.2026,30.05.2026,2653,PINCAS,2647,1155,Not enough allotment,Pine Cliffs Cascais,1128.72
30.05.2026,78123460,emma.garcia382@yahoo.com,16.04.2026,25.04.2026,2653, DOMLIS ,5118,1755,Booking Create Error: Brak możliwości założenia rezerwacji winterfejsie.,Dom Pedro Lisbon,2681.77
31.05.2026,11385159,george.andersen704@yahoo.com,22.07.2026,25.07.2026,1178,BARGRA,1993,1155,Not enough allotment,Barceló Gran Canaria,2102.08
22.05.2026,12691381,alice.smith486@yahoo.com,17.07.2026,31.07.2026,1426,ADDABU,6753,1225,There is already such a booking for this agent.,Address Hotels Abu Dhabi,3665.29
08.05.2026,77534222,claire.kravets980@outlook.com,27.05.2026,30.05.2026,1045,CORTAB,7572,1054,Contractor calculation error.,Coral Sea Taba,-1412.29
16.05.2026,66907156,james.wagner89@gmail.com,13.07.2026,22.07.2026,1178,RIUCOS,8062,1732,Booking Payer Error: Brak wymaganego parametru,RIU Costa Brava,363.22
16.05.2026,10375330,kate.keller919@icloud.com,09.04.2026,23.04.2026,1426,AJMSHA,5349,5704,Improper reservation price.,Ajman Saray Sharjah,1557.08
03.05.2026,31386369,elena.fischer144@yahoo.com,16.07.2026,25.07.2026,1045, PICHUR ,2084,1467,  Booking Complete Error: Error Message : StopSale.  ,Pickalbatros Hurghada,3304.66
24.05.2026,43808923,john.johnson962@hotmail.com,02.07.2026,09.07.2026, 1426,AJMDUB,1452,1054,Contractor calculation error.,Ajman Saray Dubai,1012.66
24.05.2026,44008132,martin.kravets17@gmail.com,25.07.2026,08.08.2026,1301,LIMBEL,4910,1155,Not enough allotment,Limak Belek,
22.05.2026,95883279,george.meyer200@icloud.com,16.06.2026,25.06.2026,1426,HILFUJ,1634,1155,Not enough allotment,Hilton Fujairah,-887.79
06.05.2026,23472398,john.moretti166@icloud.com,04.07.2026,09.07.2026,1045,DANMAR,3266,1755,Booking Create Error: Brak możliwości założenia rezerwacji winterfejsie.,Dana Beach Marsa Alam,2024.84
16.05.2026,32760629,julia.kravets722@outlook.com,31.05.2026,09.06.2026,1178,OCCGRA,1887,1467,Booking Complete Error: Error Message : StopSale.,Occidental Gran Canaria,"1224,43"
03.05.2026,47309803,daniel.novak525@hotmail.com,03.04.2026,12.04.2026,1426,ADDRA1,8144,1467,Booking Complete Error: Error Message : StopSale.,Address Hotels Ras Al Khaimah Resort,670.11
22.05.2026,51037113,marta.schmidt575@hotmail.com,02.06.2026,16.06.2026,2653,VIDLIS,6764,1467,Booking Complete Error: Error Message : StopSale.,,1700.74 PLN
16.05.2026,29861508,james.garcia447@hotmail.com,05.06.2026,08.06.2026,2247,THRIM1,9031,5704,  Improper reservation price.  ,Th Resorts Rimini Resort,276.39
19.05.2026,39070676,claire.larsen841@yahoo.com,02.07.2026,05.07.2026,1426,radab1,5844,1467,  Booking Complete Error: Error Message : StopSale.  ,Radisson Blu Abu Dhabi Resort,2024.35 PLN
03.05.2026,11086890,zofia.johnson933@hotmail.com,16.07.2026,23.07.2026,1178,NHPALX,9856,1054,Contractor calculation error.,NH Collection Palma de Mallorca,2485.42
03.05.2026,16852499,george.wilson439@gmail.com,29.06.2026,06.07.2026,1178,NHCOS1,2604,1155,NOT ENOUGH ALLOTMENT,NH Collection Costa Brava,747.97
01.05.2026,45554422,olga.wilson295@hotmail.com,14.03.2026,23.03.2026,1178,BARCO1,6559,1467,Booking Complete Error: Error Message : StopSale.,Barceló Costa Brava,1252.54
04.05.2026,14665068,thomas.andersen98@icloud.com,06.04.2026,15.04.2026,1301,DELANT,9288,1054,  Contractor calculation error.  ,Delphin Antalya,3107.28
28.05.2026,20254278,james.moretti357@outlook.com,10.05.2026,19.05.2026,1426,AJMRA1,9308,1155,Not enough allotment,Ajman Saray Ras Al Khaimah Resort,710.43
31.05.2026,17279515,martin.fischer897@icloud.com,29.04.2026,04.05.2026,1178,BAHFUE,8260,1155,Not enough allotment,Bahia Principe Fuerteventura,"3672,15"
29.05.2026,65466250,david.novak308@yahoo.com,19.06.2026,03.07.2026,1301,LIMBE1,2832,1155,Not enough allotment,Limak Belek Resort,707.61
12.05.2026,91527632,laura.berg687@proton.me,26.05.2026,29.05.2026,2653,DOMFUN,5530,1225,There is already such a booking for this agent.,Dom Pedro Funchal (Madeira),1403.55
08.05.2026,32524235,irene.bakker880@yahoo.com,08.08.2026,22.08.2026,1301,RIXBEL,9900,5704,  Improper reservation price.  ,Rixos Belek,3803.06
15.05.2026,99226114,zofia.johnson682@hotmail.com,04.04.2026,11.04.2026,1045,JAZTAB,2489,1054,Contractor calculation error.,Jaz Taba,477.43
02.05.2026,23422888,laura.costa58@icloud.com,23.08.2026,28.08.2026,1178,NHPALX,9856,8056,Wrong room configuration,NH Collection Palma de Mallorca,2282.94
31.05.2026,65346005,anna.bakker562@icloud.com,04.04.2026,13.04.2026,1178,IBEFUE,5563,1225,There is already such a booking for this agent.,Iberostar Fuerteventura,2363.17
08.05.2026,30471832,robert.smith649@hotmail.com,24.04.2026,29.04.2026,4182,AMALIM,3441,1155,Not enough allotment,Amara Limassol,1407.83
05.05.2026,87794526,anna.wagner539@hotmail.com,14.05.2026,21.05.2026,1045,CORMAR,6925,8056,WRONG ROOM CONFIGURATION,Coral Sea Marsa Alam,"2397,81"
04.05.2026,82590604,anna.kowalski103@icloud.com,20.05.2026,23.05.2026,1045,RIXMAR,9348,1732,Booking Payer Error: Brak wymaganego parametru,Rixos Marsa Alam,3950.82
26.05.2026,92510102,michael.costa553@gmail.com,07.04.2026,16.04.2026,2247,BAGROM,5941,1467,BOOKING COMPLETE ERROR: ERROR MESSAGE : STOPSALE.,Baglioni Hotels Rome,2619.26
23.05.2026,40038761,zofia.kozlov743@icloud.com,16.05.2026,23.05.2026,2653,DOMCA1,3939,1467,  Booking Complete Error: Error Message : StopSale.  ,Dom Pedro Cascais Resort,3930.53
30.05.2026,40037673,david.rossi853@yahoo.com,04.06.2026,09.06.2026,1178,HGRAXX,4899,1155,Not enough allotment,H10 Hotels Gran Canaria,"1500,57"
05.05.2026,63028461,chris.dubois356@hotmail.com,13.07.2026,16.07.2026,2247,MANVEN,2245,1155,Not enough allotment,Mangia's Resorts Venice,"1893,98"
24.05.2026,19412672,olga.bianchi732@proton.me,04.07.2026,18.07.2026,1178,IBECOS,9423,1155,Not enough allotment,,2771.97
06.05.2026,68421330,peter.moretti675@icloud.com,12.05.2026,15.05.2026,2653,TIVVI1,6912,1155,Not enough allotment,Tivoli Vilamoura Resort,1433.70
30.05.2026,94356947,emma.moretti282@hotmail.com,14.07.2026,28.07.2026,1178,BAHPAL,9786,1155,Not enough allotment,Bahia Principe Palma de Mallorca,876.63
28.05.2026,93932889,maria.johnson387@outlook.com,04.08.2026,07.08.2026,1714,BLUMA1,5499,1755,Booking Create Error: Brak możliwości założenia rezerwacji winterfejsie.,Bluesun Makarska Resort,2013.50
09.05.2026,75857881,zofia.roth832@gmail.com,16.05.2026,30.05.2026,1178,BARFUE,8953,5704,Improper reservation price.,Barceló Fuerteventura,2138.65
19.05.2026,26153687,marta.muller77@hotmail.com,26.08.2026,09.09.2026,2653,VILPOR,7625,1155,Not enough allotment,Vila Vita Parc Porto,412.10
23.05.2026,19006526,daniel.weber767@icloud.com,24.04.2026,01.05.2026,1301,CRYANT,7868,1155,Not enough allotment,Crystal Hotels Antalya,3606.43
02.05.2026,64181318,elena.bakker398@icloud.com,05.07.2026,14.07.2026,1714,VALROV,4997,5704,Improper reservation price.,Valamar Rovinj,2507.12
30.05.2026,34714856,laura.wilson204@proton.me,03.08.2026,08.08.2026,4182,AMAAYI,4241,5704,Improper reservation price.,Amara Ayia Napa,1519.01
08.05.2026,39921388,nina.moretti995@hotmail.com,30.06.2026,14.07.2026,1178,IBECO1,2235,1054,Contractor calculation error.,Iberostar Costa del Sol,"4125,36"
29.05.2026,45434750,sophie.roth492@icloud.com,15.05.2026,18.05.2026,1301,LIMKE1,8007,1732,Booking Payer Error: Brak wymaganego parametru,Limak Kemer Resort,2404.74
23.05.2026,64215650,olga.costa808@hotmail.com,27.07.2026,01.08.2026,1045,BARTAB,5374,1155,Not enough allotment,Baron Resort Taba,"2012,45"
17.05.2026,64181318,olga.kravets437@hotmail.com,05.07.2026,14.07.2026,1714,VALROV,4997,1732,Booking Payer Error: Brak wymaganego parametru,Valamar Rovinj,"2507,12"
20.05.2026,43606680,paul.rossi54@icloud.com,19.04.2026,26.04.2026,2653,TIVAL1,4020,5704,Improper reservation price.,Tivoli Albufeira Resort,575.56
15.05.2026,61530317,thomas.costa816@gmail.com,01.04.2026,04.04.2026,1301,VOYBEL,2200,1225,There is already such a booking for this agent.,Voyage Belek,969.90
14.05.2026,75103838,elena.kozlov456@hotmail.com,15.04.2026,18.04.2026,1045,PICHUR,2084,5704,Improper reservation price.,Pickalbatros Hurghada,2283.87
10.05.2026,62270113,robert.schmidt957@proton.me,30.04.2026,07.05.2026,1301,RIXBOD,8179,5704,IMPROPER RESERVATION PRICE.,Rixos Bodrum,4173.78
12.05.2026,85237007,mark.keller714@gmail.com,12.04.2026,19.04.2026,1714,VALPO1,3503,,Booking Payer Error: Brak wymaganego parametru,Valamar Porec Resort,1635.20 PLN
26.05.2026,66862582,alice.novak878@yahoo.com,20.04.2026,27.04.2026,1178,BARCOS,8744,1755,Booking Create Error: Brak możliwości założenia rezerwacji winterfejsie.,Barceló Costa del Sol,606.02
13.05.2026,60761920,george.bakker968@yahoo.com,10.06.2026,19.06.2026,1178,BAHPAL,9786,1054,Contractor calculation error.,Bahia Principe Palma de Mallorca,581.70
10.05.2026,41227854,alice.meyer714@icloud.com,14.03.2026,19.03.2026,1426,HILSH1,6663,1755,Booking Create Error: Brak możliwości założenia rezerwacji winterfejsie.,Hilton Sharjah,"4002,37"
15.05.2026,70990495,emma.novak361@gmail.com,03.06.2026,06.06.2026,2653,TIVVI1,6912,1732,Booking Payer Error: Brak wymaganego parametru,Tivoli Vilamoura Resort,3627.48
10.05.2026,22059594,kate.rossi209@proton.me,24.07.2026,27.07.2026,1426,JUMSHA,4644,1155,NOT ENOUGH ALLOTMENT,Jumeirah Sharjah,2302.38
20.05.2026,14147955,daniel.weber111@outlook.com,06.05.2026,15.05.2026,2247,BAGSIC,9728,1467,Booking Complete Error: Error Message : StopSale.,Baglioni Hotels Sicily,1215.25
22.05.2026,95548674,peter.smith637@outlook.com,16.05.2026,23.05.2026,1045,JAZELX,4733,1467,Booking Complete Error: Error Message : StopSale.,Jaz El Gouna,851.15
06.05.2026,21668101,daniel.roth757@proton.me,26.06.2026,05.07.2026,1045,DANSHA,2307,1467,Booking Complete Error: Error Message : StopSale.,Dana Beach Sharm El Sheikh,"2410,04"
15.05.2026,14438720,emma.fischer182@icloud.com,05.04.2026,10.04.2026,1045,JAZMAR,9085,1155,Not enough allotment,Jaz Marsa Alam,2052.97 PLN
28.05.2026,85834657,irene.wilson532@hotmail.com,04.08.2026,18.08.2026,1045,JAZMAK,1771,1467,Booking Complete Error: Error Message : StopSale.,Jaz Makadi Bay,1134.74
24.05.2026,53727750,mark.kravets356@proton.me,27.03.2026,01.04.2026,1045,BARELX,8573,1755,Booking Create Error: Brak możliwości założenia rezerwacji winterfejsie.,Baron Resort El Gouna,577.15
04.05.2026,43533745,paul.roth692@gmail.com,30.08.2026,08.09.2026,1426,ADDFUJ,8711,8056,  Wrong room configuration  ,Address Hotels Fujairah,1304.79
30.05.2026,42580577,nina.bakker273@gmail.com,17.03.2026,26.03.2026, 4182,ANAPAP,3573,1155,  Not enough allotment  ,Anassa Paphos,2563.85
20.05.2026,18579650,mark.smith767@outlook.com,12.06.2026,26.06.2026,1301,RIXBOD,8179,5704,Improper reservation price.,Rixos Bodrum,685.29
16.05.2026,98686570,anna.dubois831@yahoo.com,17.07.2026,24.07.2026,1426,MARRAS,4164,1732,Booking Payer Error: Brak wymaganego parametru,Marriott Ras Al Khaimah,2526.79
18.05.2026,38788785,kate.garcia585@proton.me,24.06.2026,27.06.2026, 1301,MAXALA,8491,8056,Wrong room configuration,Maxx Royal Alanya,639.67
07.05.2026,39067726,peter.smith224@proton.me,21.03.2026,30.03.2026,1178,IBETEN,8397,1155,Not enough allotment,Iberostar Tenerife,4151.17
13.05.2026,38159410,peter.wilson827@yahoo.com,06.06.2026,09.06.2026,2653,PESPOR,9698,1755,Booking Create Error: Brak możliwości założenia rezerwacji winterfejsie.,Pestana Porto,1902.45
14.05.2026,36232612,michael.bakker466@yahoo.com,27.06.2026,06.07.2026,1426,HILFU1,4114,1155,Not enough allotment,Hilton Fujairah Resort,3069.78
04.05.2026,46624012,maria.garcia979@outlook.com,18.05.2026,25.05.2026,1714,SUNDUB,5246,1155,Not enough allotment,Sun Gardens Dubrovnik,"2573,51"
09.05.2026,93246092,martin.kowalski487@outlook.com,09.05.2026,23.05.2026,1178,MELTEN,2545,1755,Booking Create Error: Brak możliwości założenia rezerwacji winterfejsie.,Meliá Tenerife,3728.51
24.05.2026,55987725,george.fischer280@yahoo.com,24.07.2026,31.07.2026,2653,PESPOR,9698,1732,Booking Payer Error: Brak wymaganego parametru,Pestana Porto,2758.92 PLN
25.05.2026,91386202,emma.andersen310@icloud.com,02.06.2026,09.06.2026,1045,RIXELX,5010,1155,Not enough allotment,Rixos El Gouna,3960.32
14.05.2026,31739771,nina.kozlov786@outlook.com,14.07.2026,23.07.2026,1045,BARMAK,4150,1054,Contractor calculation error.,Baron Resort Makadi Bay,4097.26
02.05.2026,59821155,chris.larsen890@outlook.com,17.05.2026,26.05.2026,1301,CRYANT,7868,5704,Improper reservation price.,Crystal Hotels Antalya,2701.64
15.05.2026,29271382,peter.roth725@icloud.com,01.07.2026,10.07.2026, 1714, SUNSPL ,8373,1054,Contractor calculation error.,Sun Gardens Split,1808.57
18.05.2026,35723881,julia.roth858@hotmail.com,30.05.2026,08.06.2026,1301,RIXAL1,1158,1755,Booking Create Error: Brak możliwości założenia rezerwacji winterfejsie.,Rixos Alanya Resort,"3976,85"
18.05.2026,48983895,george.schmidt141@gmail.com,06.06.2026,11.06.2026,1426,RADSHA,5279,1467,Booking Complete Error: Error Message : StopSale.,Radisson Blu Sharjah,416.16
12.05.2026,21594582,alice.roth922@proton.me,08.06.2026,11.06.2026,1045,SUNMA1,9179,1054,  Contractor calculation error.  ,Sunrise Marsa Alam,3632.94
13.05.2026,75661787,elena.smith601@hotmail.com,28.03.2026,31.03.2026,1178,RIUTEN,5061,1155,  Not enough allotment  ,RIU Tenerife,2783.57
19.05.2026,69863016,emma.kravets531@proton.me,14.06.2026,23.06.2026,1178,BARPAL,2049,1155,Not enough allotment,Barceló Palma de Mallorca,"3663,88"
31.05.2026,98695038,irene.rossi539@yahoo.com,06.06.2026,15.06.2026,1301,TITKEM,5114,,Not enough allotment,Titanic Kemer,839.54
03.05.2026,60042866,mark.novak130@outlook.com,26.06.2026,03.07.2026, 1045,RIXMAR,9348,1054,Contractor calculation error.,Rixos Marsa Alam,2170.12
02.05.2026,69395043,robert.garcia903@proton.me,05.05.2026,14.05.2026,1178,OCCPAL,4006,1155,Not enough allotment,Occidental Palma de Mallorca,844.02
04.05.2026,83599154,emma.kravets302@icloud.com,11.08.2026,25.08.2026,1045,BARTAB,5374,1778,BOOKING COMPLETE ERROR: ZABLOKOWANO ALLOTMENT ONLINE.,Baron Resort Taba,3063.00
25.05.2026,26814965,marta.bianchi691@hotmail.com,25.05.2026,08.06.2026, 1426,RADFUJ,2776,1225,There is already such a booking for this agent.,Radisson Blu Fujairah,-3906.58
21.05.2026,53185509,simon.bianchi93@outlook.com,04.07.2026,18.07.2026,1045, CORMAR ,6925,1732,Booking Payer Error: Brak wymaganego parametru,Coral Sea Marsa Alam,4102.94
20.05.2026,96124034,george.meyer260@outlook.com,29.05.2026,05.06.2026, 1045,BARTAB,5374,1755,Booking Create Error: Brak możliwości założenia rezerwacji winterfejsie.,Baron Resort Taba,"2141,00"
03.05.2026,88573772,robert.berg258@icloud.com,10.04.2026,19.04.2026,1426,AJMFUJ,4728,5704,Improper reservation price.,Ajman Saray Fujairah,"3849,28"
11.05.2026,59777340,alice.nowak347@yahoo.com,25.05.2026,08.06.2026,4182, ATLPRO ,5771,1778,Booking Complete Error: Zablokowano allotment online.,Atlantica Protaras,879.05
22.05.2026,56120632,sophie.meyer274@hotmail.com,23.03.2026,28.03.2026,1426,ROTABU,3925,1155,NOT ENOUGH ALLOTMENT,Rotana Abu Dhabi,"1151,46"
07.05.2026,48714790,david.bianchi229@outlook.com,19.07.2026,22.07.2026,1301,DELANT,9288,1155,Not enough allotment,Delphin Antalya,676.52
01.05.2026,95726382,emma.nowak225@yahoo.com,11.07.2026,14.07.2026, 1301, VOYAN1 ,5291,1225,There is already such a booking for this agent.,Voyage Antalya Resort,3868.72
11.05.2026,72087735,daniel.costa540@proton.me,24.05.2026,29.05.2026,1045,CORELX,7916,1467,Booking Complete Error: Error Message : StopSale.,Coral Sea El Gouna,3371.72
01.05.2026,19523473,elena.larsen91@icloud.com,11.06.2026,25.06.2026,2653,DOMVI1,3073,1155,Not enough allotment,Dom Pedro Vilamoura Resort,265.01
26.05.2026,56218051,anna.schmidt245@hotmail.com,23.03.2026,06.04.2026,1301,MAXKEM,5351,1054,Contractor calculation error.,Maxx Royal Kemer,2733.14
05.05.2026,42086812,john.muller944@gmail.com,25.06.2026,09.07.2026,1045,PICHUR,2084,5704,Improper reservation price.,Pickalbatros Hurghada,1205.17
08.05.2026,20498581,irene.bakker109@icloud.com,23.04.2026,28.04.2026,1178,RIUCO1,1828,8056,Wrong room configuration,RIU Costa del Sol,3200.77
14.05.2026,62422607,laura.bakker805@gmail.com,02.08.2026,07.08.2026,1045,JAZTAB,2489,5704,Improper reservation price.,Jaz Taba,3401.48
21.05.2026,52582456,alice.lang711@gmail.com,14.05.2026,21.05.2026,1178,htenxx,8749,1054,  Contractor calculation error.  ,H10 Hotels Tenerife,3024.80
06.05.2026,86015354,alice.kravets210@icloud.com,27.04.2026,02.05.2026,1045,PICSHA,6820,1732,Booking Payer Error: Brak wymaganego parametru,Pickalbatros Sharm El Sheikh,389.59
12.05.2026,42466665,claire.bakker137@yahoo.com,13.06.2026,22.06.2026,1045,SUNMA1,9179,1732,Booking Payer Error: Brak wymaganego parametru,Sunrise Marsa Alam,"1107,20"
22.05.2026,18147644,thomas.berg66@outlook.com,30.07.2026,04.08.2026,1301,VOYMAR,2753,1155,  Not enough allotment  ,Voyage Marmaris,2336.82
10.05.2026,39566552,john.johnson358@proton.me,01.05.2026,08.05.2026,4182,CONPR1,1423,1732,Booking Payer Error: Brak wymaganego parametru,Constantinou Bros Protaras Resort,540.92
04.05.2026,70362235,david.wilson620@icloud.com,15.08.2026,18.08.2026,1178,IBEBEN,6804,1225,There is already such a booking for this agent.,,3840.75
04.05.2026,16063489,sophie.keller234@hotmail.com,03.06.2026,06.06.2026,1301,LIMMAR,5956,1225,There is already such a booking for this agent.,Limak Marmaris,3484.76
27.05.2026,66906118,michael.moretti510@hotmail.com,15.07.2026,18.07.2026,1045,PICMAR,2169,1732,Booking Payer Error: Brak wymaganego parametru,Pickalbatros Marsa Alam,2924.28
09.05.2026,67260792,daniel.novak938@hotmail.com,18.05.2026,27.05.2026,1178,BAHTEN,1117,1732,  Booking Payer Error: Brak wymaganego parametru  ,,1941.02 PLN
13.05.2026,70859288,james.smith529@hotmail.com,14.07.2026,23.07.2026,1178,BAHPAL,9786,1467,Booking Complete Error: Error Message : StopSale.,Bahia Principe Palma de Mallorca,1195.13
07.05.2026,55278020,martin.muller882@hotmail.com,17.08.2026,26.08.2026,2653,DOMVI1,3073,1755,  Booking Create Error: Brak możliwości założenia rezerwacji winterfejsie.  ,Dom Pedro Vilamoura Resort,"3539,88"
12.05.2026,32818604,marta.kravets463@outlook.com,28.05.2026,02.06.2026,1178,bahpal,9786,5704,Improper reservation price.,Bahia Principe Palma de Mallorca,3990.94
10.05.2026,33860305,julia.kravets982@proton.me,01.05.2026,15.05.2026,2653,VILPO1,5494,1755,Booking Create Error: Brak możliwości założenia rezerwacji winterfejsie.,Vila Vita Parc Porto Resort,868.63
18.05.2026,94260732,andrew.garcia325@proton.me,12.07.2026,15.07.2026,1045,STEHUR,4598,1778,Booking Complete Error: Zablokowano allotment online.,Steigenberger Hurghada,1973.63
04.05.2026,82255435,chris.smith807@gmail.com,27.06.2026,06.07.2026,1045,SUNMA2,2796,1778,Booking Complete Error: Zablokowano allotment online.,Sunwing Makadi Bay,1693.64 PLN
27.05.2026,33255413,martin.berg501@hotmail.com,19.05.2026,24.05.2026,1178,RIUIBI,2790,1054,Contractor calculation error.,RIU Ibiza,398.75
07.05.2026,17303355,mark.kozlov82@proton.me,29.07.2026,12.08.2026,1426,JUMABU,9785,1467,Booking Complete Error: Error Message : StopSale.,Jumeirah Abu Dhabi,1511.31
02.05.2026,69744547,sophie.kowalski342@outlook.com,02.06.2026,07.06.2026,1301,LIMANT,2697,1155,Not enough allotment,Limak Antalya,2319.95
21.05.2026,61655727,emma.kozlov203@proton.me,05.05.2026,14.05.2026,1301,VOYBOD,2512,1732,Booking Payer Error: Brak wymaganego parametru,Voyage Bodrum,"367,07"
08.05.2026,36232612,sophie.roth394@outlook.com,27.06.2026,06.07.2026,1426,HILFU1,4114,5704,Improper reservation price.,Hilton Fujairah Resort,"3069,78"
04.05.2026,47858700,sophie.berg876@outlook.com,11.06.2026,16.06.2026,4182,ANALA1,9847,1755,Booking Create Error: Brak możliwości założenia rezerwacji winterfejsie.,Anassa Larnaca Resort,3601.71 PLN
21.05.2026,52773504,nina.dubois454@proton.me,01.05.2026,04.05.2026,1426, MARRAS ,4164,1732,Booking Payer Error: Brak wymaganego parametru,Marriott Ras Al Khaimah,"3726,52"
17.05.2026,55987725,george.novak662@gmail.com,24.07.2026,31.07.2026,2653,pespor,9698,1155,Not enough allotment,Pestana Porto,2758.92
11.05.2026,63038144,laura.schmidt101@yahoo.com,23.03.2026,06.04.2026,1426,rotabu,3925,5704,Improper reservation price.,Rotana Abu Dhabi,1171.42
20.05.2026,40033301,nina.kozlov907@yahoo.com,30.05.2026,02.06.2026,1045,HILTAB,5040,1755,Booking Create Error: Brak możliwości założenia rezerwacji winterfejsie.,Hilton Taba,2785.35
02.05.2026,42388547,alice.dubois13@proton.me,28.05.2026,06.06.2026,1301,TITALA,4335,1778,  Booking Complete Error: Zablokowano allotment online.  ,Titanic Alanya,1315.91
14.05.2026,15356154,anna.novak868@outlook.com,17.04.2026,26.04.2026,1301,MAXBEL,5533,1467,Booking Complete Error: Error Message : StopSale.,Maxx Royal Belek,1685.32
28.05.2026,54241559,james.schmidt670@outlook.com,30.05.2026,06.06.2026,1045,CORMAK,7216,5704,Improper reservation price.,Coral Sea Makadi Bay,1442.69
06.05.2026,30561058,zofia.andersen125@yahoo.com,11.05.2026,16.05.2026,1426,RADSH1,7888,1755,  Booking Create Error: Brak możliwości założenia rezerwacji winterfejsie.  ,Radisson Blu Sharjah Resort,"297,50"
12.05.2026,56530441,andrew.garcia146@yahoo.com,18.07.2026,01.08.2026,1301,RIXALA,6147,1467,Booking Complete Error: Error Message : StopSale.,Rixos Alanya,3095.04
06.05.2026,68965657,marta.petrov334@proton.me,16.07.2026,21.07.2026,2653, DOMCA1 ,3939,1467,Booking Complete Error: Error Message : StopSale.,Dom Pedro Cascais Resort,3933.09
20.05.2026,55350898,chris.bakker287@hotmail.com,11.04.2026,20.04.2026,1178,ibefue,5563,1155,Not enough allotment,Iberostar Fuerteventura,2265.32
08.05.2026,35025338,david.larsen103@icloud.com,09.07.2026,18.07.2026,2247, UNASAR ,6096,1155,NOT ENOUGH ALLOTMENT,UNA Hotels Sardinia,3734.14
15.05.2026,67765028,robert.lang280@proton.me,28.05.2026,11.06.2026,4182,olylar,4457,1732,Booking Payer Error: Brak wymaganego parametru,Olympic Lagoon Larnaca,419.84
07.05.2026,82789000,peter.fischer93@hotmail.com,06.06.2026,15.06.2026,2653,PESLIS,2524,1732,Booking Payer Error: Brak wymaganego parametru,Pestana Lisbon,3405.45
08.05.2026,50438993,irene.rossi331@gmail.com,30.05.2026,06.06.2026,1045,PICMAK,7482,5704,Improper reservation price.,Pickalbatros Makadi Bay,2066.34
31.05.2026,54533750,laura.lang922@hotmail.com,13.03.2026,16.03.2026,2247,THVEN1,8135,1467,Booking Complete Error: Error Message : StopSale.,Th Resorts Venice Resort,1402.51
31.05.2026,68655511,andrew.dubois984@yahoo.com,17.03.2026,20.03.2026,1178,RIUTEN,5061,1467,Booking Complete Error: Error Message : StopSale.,RIU Tenerife,"1788,56"
10.05.2026,22209308,emma.lang670@icloud.com,05.06.2026,14.06.2026,1178,BARTEN,2163,1155,Not enough allotment,Barceló Tenerife,4009.79
08.05.2026,89344481,claire.meyer883@gmail.com,01.05.2026,10.05.2026,1178,barten,2163,5704,Improper reservation price.,Barceló Tenerife,681.66
17.05.2026,69716190,thomas.kravets933@outlook.com,15.06.2026,29.06.2026,1178,NHCOS1,2604,1155,Not enough allotment,NH Collection Costa Brava,802.43
23.05.2026,91553176,chris.schmidt403@gmail.com,12.05.2026,17.05.2026,1301,BARKEM,9666,5704,Improper reservation price.,Barut Hotels Kemer,1262.30
23.05.2026,45501578,elena.kowalski626@gmail.com,10.05.2026,17.05.2026,1045,suntab,2654,1155,Not enough allotment,Sunrise Taba,3360.72
07.05.2026,83260153,simon.bianchi99@yahoo.com,22.06.2026,01.07.2026,1178,IBETEN,8397,1155,Not enough allotment,Iberostar Tenerife,974.32
28.05.2026,70297819,michael.andersen336@icloud.com,13.08.2026,22.08.2026,2247,UNASAR,6096,1225,There is already such a booking for this agent.,UNA Hotels Sardinia,3935.53
01.05.2026,62723649,kate.andersen203@gmail.com,20.07.2026,03.08.2026,1301,DELBEL,3584,1155,Not enough allotment,Delphin Belek,1486.57
19.05.2026,26401667,mark.johnson764@proton.me,25.05.2026,01.06.2026,1301,BARBOD,1152,5704,Improper reservation price.,Barut Hotels Bodrum,"2379,96"
23.05.2026,32841704,anna.weber703@gmail.com,25.06.2026,30.06.2026,1426,MARRAS,4164,5704,Improper reservation price.,Marriott Ras Al Khaimah,588.30
21.05.2026,87024699,anna.wilson584@icloud.com,08.08.2026,22.08.2026,4182,LOUPA1,8679,1054,Contractor calculation error.,Louis Hotels Paphos Resort,3674.43
31.05.2026,91146290,sophie.weber71@hotmail.com,13.04.2026,16.04.2026,1045,SUNELX,3340,1467,Booking Complete Error: Error Message : StopSale.,Sunwing El Gouna,3334.44
07.05.2026,43018218,emma.bianchi419@gmail.com,26.07.2026,02.08.2026,2653,PESLIS,2524,1155,Not enough allotment,Pestana Lisbon,2730.39
14.05.2026,13777824,laura.petrov829@proton.me,20.05.2026,23.05.2026,1426,AJMDUB,1452,1755,Booking Create Error: Brak możliwości założenia rezerwacji winterfejsie.,Ajman Saray Dubai,2582.33
10.05.2026,87024699,john.rossi107@proton.me,08.08.2026,22.08.2026, 4182,LOUPA1,8679,1225,There is already such a booking for this agent.,,3674.43
22.05.2026,12691381,sophie.meyer991@proton.me,17.07.2026,31.07.2026,1426,ADDABU,6753,5704,Improper reservation price.,Address Hotels Abu Dhabi,3665.29
02.05.2026,16141035,alice.fischer240@hotmail.com,16.04.2026,23.04.2026,4182,AMAPA2,2494,1155,Not enough allotment,Amara Paphos Beach,4079.91
19.05.2026,15505434,anna.larsen434@proton.me,29.05.2026,12.06.2026,1426,HILABU,8541,5704,Improper reservation price.,Hilton Abu Dhabi,1212.53
10.05.2026,77856130,robert.johnson520@yahoo.com,11.03.2026,16.03.2026,1301,VOYMAR,2753,1467,Booking Complete Error: Error Message : StopSale.,Voyage Marmaris,3602.94
15.05.2026,74428388,maria.johnson24@hotmail.com,23.05.2026,01.06.2026,1178,MELTEN,2545,1155,  Not enough allotment  ,Meliá Tenerife,4199.90
12.05.2026,78501420,michael.kravets426@icloud.com,18.07.2026,21.07.2026,1426,ADDDU1,8066,1755,Booking Create Error: Brak możliwości założenia rezerwacji winterfejsie.,Address Hotels Dubai Resort,2009.66
29.05.2026,90187796,irene.petrov18@icloud.com,29.06.2026,04.07.2026,1301,CRYKEM,5462,1755,Booking Create Error: Brak możliwości założenia rezerwacji winterfejsie.,Crystal Hotels Kemer,"3610,22"
05.05.2026,51034327,claire.kravets52@gmail.com,11.04.2026,20.04.2026,1426,JUMABU,9785,1155,Not enough allotment,Jumeirah Abu Dhabi,1863.95
21.05.2026,83973509,claire.fischer169@outlook.com,09.05.2026,23.05.2026,1045,HILSHA,1916,5704,Improper reservation price.,Hilton Sharm El Sheikh,3568.66
10.05.2026,72065244,george.wagner638@yahoo.com,12.06.2026,15.06.2026,1301,maxant,3546,1054,Contractor calculation error.,Maxx Royal Antalya,292.36
03.05.2026,91460345,sophie.weber56@yahoo.com,07.05.2026,21.05.2026,2247,THVEN1,8135,1155,Not enough allotment,Th Resorts Venice Resort,2262.61 PLN
05.05.2026,19979132,robert.fischer646@proton.me,17.06.2026,22.06.2026,1045,DANMAK,3677,1467,Booking Complete Error: Error Message : StopSale.,,1542.11
27.05.2026,80410475,olga.keller710@yahoo.com,29.05.2026,03.06.2026,1045,SUNMAK,6155,1155,Not enough allotment,Sunrise Makadi Bay,3611.13
25.05.2026,18541887,julia.rossi79@hotmail.com,04.06.2026,13.06.2026,1426,ADDABU,6753,1755,Booking Create Error: Brak możliwości założenia rezerwacji winterfejsie.,Address Hotels Abu Dhabi,1995.72
12.05.2026,56085239,olga.moretti946@outlook.com,20.07.2026,29.07.2026,4182,AMAPA2,2494,1732,Booking Payer Error: Brak wymaganego parametru,Amara Paphos Beach,1668.64
20.05.2026,96465850,emma.lang357@gmail.com,18.04.2026,21.04.2026,1714,VALDUB,3417,1467,Booking Complete Error: Error Message : StopSale.,Valamar Dubrovnik,1930.44
14.05.2026,90808054,thomas.bakker66@proton.me,31.05.2026,07.06.2026,4182,ATLLAR,4683,5704,Improper reservation price.,Atlantica Larnaca,1968.11
02.05.2026,75953095,emma.costa14@proton.me,03.05.2026,12.05.2026,1426,ajmra1,9308,1054,Contractor calculation error.,Ajman Saray Ras Al Khaimah Resort,"3627,11"
25.05.2026,89463963,peter.weber464@hotmail.com,27.08.2026,05.09.2026,1045,STEHUR,4598,1467,Booking Complete Error: Error Message : StopSale.,Steigenberger Hurghada,4003.51
07.05.2026,56076297,paul.fischer703@icloud.com,30.04.2026,14.05.2026,2247,BLUVEN,2669,1467,Booking Complete Error: Error Message : StopSale.,Bluserena Venice,979.43
18.05.2026,37670356,peter.bianchi245@yahoo.com,30.07.2026,04.08.2026,2653,TIVFUN,2958,1467,Booking Complete Error: Error Message : StopSale.,Tivoli Funchal (Madeira),815.20
03.05.2026,99453826,marta.keller352@yahoo.com,27.06.2026,11.07.2026,4182, ATLPR1 ,2317,1755,Booking Create Error: Brak możliwości założenia rezerwacji winterfejsie.,Atlantica Protaras Resort,"3359,82"
11.05.2026,28536762,marta.rossi326@gmail.com,07.08.2026,12.08.2026,1426, ADDFU1 ,5173,1155,Not enough allotment,Address Hotels Fujairah Resort,1470.54
25.05.2026,51194165,chris.moretti910@yahoo.com,09.04.2026,23.04.2026,1178,BAHGRA,6107,5704,Improper reservation price.,Bahia Principe Gran Canaria,498.83
27.05.2026,15138040,alice.wilson257@outlook.com,28.03.2026,04.04.2026,2653,VIDVIL,5820,1054,Contractor calculation error.,Vidamar Resorts Vilamoura,-2406.80
16.05.2026,51398319,claire.andersen898@hotmail.com,29.04.2026,04.05.2026,1426,ROTABU,3925,1054,  Contractor calculation error.  ,Rotana Abu Dhabi,2607.22
13.05.2026,40580804,maria.petrov318@yahoo.com,26.04.2026,10.05.2026,1045,STEHUR,4598,1155,Not enough allotment,Steigenberger Hurghada,4163.14
23.05.2026,28175722,mark.meyer41@icloud.com,02.06.2026,05.06.2026,1178,BAHCOS,4981,,  Not enough allotment  ,Bahia Principe Costa Brava,4093.72
13.05.2026,61559717,irene.rossi834@outlook.com,22.03.2026,29.03.2026,1301,BARALA,3144,1467,Booking Complete Error: Error Message : StopSale.,Barut Hotels Alanya,3663.45
14.05.2026,45854181,george.muller265@gmail.com,28.07.2026,31.07.2026,1714,AMARO1,8939,1155,NOT ENOUGH ALLOTMENT,Amadria Park Rovinj Resort,420.38
11.05.2026,37339300,kate.rossi380@hotmail.com,25.06.2026,04.07.2026,1301,MAXBOD,6718,1155,  Not enough allotment  ,Maxx Royal Bodrum,"1882,25"
01.05.2026,31203129,irene.dubois204@icloud.com,07.06.2026,21.06.2026,1045,DANMAR,3266,1755,Booking Create Error: Brak możliwości założenia rezerwacji winterfejsie.,Dana Beach Marsa Alam,541.75
10.05.2026,89330095,robert.kowalski40@proton.me,12.05.2026,26.05.2026,2653,TIVCAS,9595,5704,  Improper reservation price.  ,Tivoli Cascais,2602.21
20.05.2026,48347907,michael.larsen272@proton.me,17.05.2026,22.05.2026,1301,CRYBEL,2638,1732,  Booking Payer Error: Brak wymaganego parametru  ,Crystal Hotels Belek,2006.66
17.05.2026,26172749,alice.lang894@yahoo.com,09.05.2026,14.05.2026,1301,CRYBEL,2638,1155,Not enough allotment,Crystal Hotels Belek,"2466,97"
13.05.2026,54024238,peter.moretti424@outlook.com,03.06.2026,06.06.2026,1301,DELKEM,5915,1755,Booking Create Error: Brak możliwości założenia rezerwacji winterfejsie.,Delphin Kemer,727.18
22.05.2026,87709535,daniel.fischer717@yahoo.com,25.05.2026,08.06.2026,1045,SUNHUR,7065,1054,Contractor calculation error.,Sunrise Hurghada,1723.31
27.05.2026,81053861,julia.wagner172@hotmail.com,05.06.2026,12.06.2026,1426,JUMSH1,1727,1155,Not enough allotment,Jumeirah Sharjah Resort,1084.88
12.05.2026,18041483,nina.johnson713@icloud.com,15.06.2026,20.06.2026,2653,vilvil,5438,1732,Booking Payer Error: Brak wymaganego parametru,Vila Vita Parc Vilamoura,1077.64
13.05.2026,76736554,simon.novak328@hotmail.com,10.07.2026,24.07.2026,1045,PICMAK,7482,5704,Improper reservation price.,Pickalbatros Makadi Bay,3088.23
07.05.2026,96595409,martin.meyer134@outlook.com,30.05.2026,13.06.2026,1426,ROTSHA,9346,1155,Not enough allotment,Rotana Sharjah,2894.51
19.05.2026,62162278,laura.petrov866@icloud.com,03.07.2026,17.07.2026,1301,RIXAL1,1158,1225,There is already such a booking for this agent.,Rixos Alanya Resort,2664.67
25.05.2026,25706912,elena.bianchi251@icloud.com,06.06.2026,13.06.2026,1714,RADPOR,1090,1467,Booking Complete Error: Error Message : StopSale.,Radisson Blu Porec,531.78
22.05.2026,34566728,chris.wagner487@hotmail.com,28.05.2026,02.06.2026,1301,BARSID,1832,5704,  Improper reservation price.  ,Barut Hotels Side,"3152,84"
21.05.2026,77173492,elena.wilson277@proton.me,03.06.2026,12.06.2026,1301,MAXALA,8491,1155,Not enough allotment,Maxx Royal Alanya,1580.23
03.05.2026,64635982,george.kowalski709@hotmail.com,06.04.2026,13.04.2026,2653,PESPO1,2680,1054,Contractor calculation error.,Pestana Porto Resort,3567.35
30.05.2026,55494683,zofia.nowak945@gmail.com,11.03.2026,18.03.2026,1301,RIXANT,1058,1755,Booking Create Error: Brak możliwości założenia rezerwacji winterfejsie.,Rixos Antalya,457.74
30.05.2026,63804242,sophie.smith77@outlook.com,03.05.2026,06.05.2026,4182,AMALIM,3441,1155,Not enough allotment,Amara Limassol,1421.16
10.05.2026,43823840,julia.rossi966@outlook.com,29.05.2026,07.06.2026,1714,FALSPL,8478,1054,Contractor calculation error.,Falkensteiner Split,2462.52
06.05.2026,77719420,george.fischer450@hotmail.com,16.07.2026,19.07.2026,1045,DANSHA,2307,1778,Booking Complete Error: Zablokowano allotment online.,Dana Beach Sharm El Sheikh,2802.20
29.05.2026,20678134,michael.berg590@yahoo.com,30.05.2026,02.06.2026,2653,PESFUN,4033,1225,There is already such a booking for this agent.,Pestana Funchal (Madeira),944.61
22.05.2026,17056731,kate.kravets637@proton.me,22.07.2026,05.08.2026,1301,CRYANT,7868,5704,Improper reservation price.,,1258.57
18.05.2026,81371946,irene.kowalski588@icloud.com,25.05.2026,28.05.2026,1714,faldu1,9540,1467,Booking Complete Error: Error Message : StopSale.,Falkensteiner Dubrovnik Resort,874.98
31.05.2026,40123918,paul.keller732@hotmail.com,23.04.2026,30.04.2026,1301,BARANT,5272,1155,Not enough allotment,Barut Hotels Antalya,1475.15
26.05.2026,47533969,claire.nowak501@outlook.com,23.05.2026,28.05.2026,1178,RIUPAL,8350,1155,Not enough allotment,RIU Palma de Mallorca,"1497,89"
22.05.2026,80778039,andrew.andersen776@hotmail.com,20.05.2026,27.05.2026, 1301,RIXANT,1058,5704,Improper reservation price.,Rixos Antalya,2473.84
21.05.2026,37427437,daniel.smith760@outlook.com,11.06.2026,20.06.2026,1045,BARHUR,1525,5704,Improper reservation price.,Baron Resort Hurghada,
13.05.2026,35586356,irene.berg65@icloud.com,11.06.2026,14.06.2026,1714,AMAZA1,2269,1467,Booking Complete Error: Error Message : StopSale.,Amadria Park Zadar Resort,
30.05.2026,71529651,marta.petrov914@icloud.com,21.05.2026,04.06.2026,1426,HILAB1,1027,1155,Not enough allotment,Hilton Abu Dhabi Resort,"1974,82"
21.05.2026,30579604,alice.meyer451@proton.me,18.07.2026,21.07.2026,1301,DELMAR,9280,5704,Improper reservation price.,Delphin Marmaris,3935.14
27.05.2026,90852623,mark.roth594@icloud.com,30.04.2026,05.05.2026,1178,BARPAL,2049,1732,BOOKING PAYER ERROR: BRAK WYMAGANEGO PARAMETRU,Barceló Palma de Mallorca,853.84
10.05.2026,39340542,maria.keller441@hotmail.com,12.04.2026,17.04.2026,1045,CORMA1,2040,5704,Improper reservation price.,Coral Sea Marsa Alam Resort,1253.41
10.05.2026,10608036,mark.wilson281@yahoo.com,18.07.2026,23.07.2026,1301,VOYBOD,2512,1155,Not enough allotment,Voyage Bodrum,"398,66"
10.05.2026,52649180,kate.keller836@icloud.com,07.05.2026,21.05.2026,1426,HILDUB,7267,5704,Improper reservation price.,Hilton Dubai,"1756,66"
01.05.2026,94797689,emma.bianchi374@yahoo.com,01.09.2026,10.09.2026,2653,VIDPOR,8753,1732,BOOKING PAYER ERROR: BRAK WYMAGANEGO PARAMETRU,Vidamar Resorts Porto,4174.73
04.05.2026,21668101,irene.kravets406@yahoo.com,26.06.2026,05.07.2026,1045,DANSHA,2307,1054,Contractor calculation error.,Dana Beach Sharm El Sheikh,"2410,04"
11.05.2026,72243471,george.meyer97@icloud.com,27.06.2026,11.07.2026,1301,RIXALA,6147,1155,Not enough allotment,Rixos Alanya,2976.56
24.05.2026,11421591,julia.rossi580@hotmail.com,08.06.2026,22.06.2026,1301,RIXALA,6147,1054,Contractor calculation error.,Rixos Alanya,2867.58
23.05.2026,72761616,zofia.meyer273@gmail.com,20.05.2026,27.05.2026,1045,JAZHUR,4456,8056,Wrong room configuration,Jaz Hurghada,933.18
31.05.2026,17598605,martin.bianchi324@outlook.com,28.07.2026,11.08.2026,2653,PINLIS,6632,1155,Not enough allotment,Pine Cliffs Lisbon,391.85
15.05.2026,53524373,james.bianchi431@proton.me,04.06.2026,11.06.2026,4182,AMAPR1,5415,1155,Not enough allotment,Amara Protaras Resort,3173.59
01.05.2026,21044911,martin.rossi873@yahoo.com,07.08.2026,10.08.2026,1301,BARSID,1832,1778,Booking Complete Error: Zablokowano allotment online.,Barut Hotels Side,2855.70
14.05.2026,47514551,john.keller997@gmail.com,03.07.2026,17.07.2026,1301,BARBEL,5325,1467,Booking Complete Error: Error Message : StopSale.,Barut Hotels Belek,3284.44
20.05.2026,48294101,john.muller571@gmail.com,30.07.2026,06.08.2026, 1045,PICMAR,2169,1155,Not enough allotment,Pickalbatros Marsa Alam,3906.63
24.05.2026,93781726,robert.moretti702@gmail.com,10.06.2026,13.06.2026,1178,BARIBI,4750,1755,Booking Create Error: Brak możliwości założenia rezerwacji winterfejsie.,Barceló Ibiza,3907.38
17.05.2026,56255395,elena.wagner194@icloud.com,17.08.2026,31.08.2026,4182,OLYPAP,9922,5704,Improper reservation price.,,"839,48"
12.05.2026,36450788,martin.costa777@yahoo.com,11.03.2026,20.03.2026, 1301,BARBEL,5325,1755,BOOKING CREATE ERROR: BRAK MOŻLIWOŚCI ZAŁOŻENIA REZERWACJI WINTERFEJSIE.,Barut Hotels Belek,1357.44
24.05.2026,72827018,anna.rossi369@gmail.com,24.04.2026,03.05.2026,2653,PESALB,8434,1155,Not enough allotment,Pestana Albufeira,"2033,85"
28.05.2026,54002223,robert.berg544@outlook.com,10.05.2026,15.05.2026,1301,LIMANT,2697,1755,Booking Create Error: Brak możliwości założenia rezerwacji winterfejsie.,Limak Antalya,2512.30
06.05.2026,49842729,george.weber155@gmail.com,25.08.2026,30.08.2026,1045,RIXHUR,4593,5704,Improper reservation price.,Rixos Hurghada,3838.93
16.05.2026,11626180,john.keller622@icloud.com,04.05.2026,18.05.2026,1178,IBEGRA,9479,1155,Not enough allotment,Iberostar Gran Canaria,"2556,33"
08.05.2026,24952346,marta.meyer459@outlook.com,16.04.2026,19.04.2026,1301,DELMAR,9280,1778,Booking Complete Error: Zablokowano allotment online.,Delphin Marmaris,802.78
25.05.2026,87449461,simon.kozlov339@proton.me,19.06.2026,26.06.2026,1178,RIUIBI,2790,5704,  Improper reservation price.  ,RIU Ibiza,2456.35
15.05.2026,36363828,kate.garcia103@hotmail.com,19.04.2026,22.04.2026,1301,barsid,1832,5704,  Improper reservation price.  ,Barut Hotels Side,"2139,28"
06.05.2026,38133133,david.wagner443@icloud.com,12.05.2026,17.05.2026,1301,CRYALA,6464,1155,Not enough allotment,Crystal Hotels Alanya,"3195,88"
24.05.2026,59449823,irene.moretti528@icloud.com,05.09.2026,10.09.2026,2653,VIDLIS,6764,5704,Improper reservation price.,Vidamar Resorts Lisbon,2035.08
08.05.2026,30482267,sophie.rossi104@gmail.com,30.06.2026,14.07.2026,1426,RADRAS,7528,1778,Booking Complete Error: Zablokowano allotment online.,Radisson Blu Ras Al Khaimah,995.95
02.05.2026,29382108,peter.kozlov754@icloud.com,04.07.2026,11.07.2026, 1178,OCCCOS,4770,5704,Improper reservation price.,Occidental Costa del Sol,3740.13
22.05.2026,24595457,simon.andersen336@icloud.com,02.05.2026,16.05.2026,1045,BARMA1,7304,1467,BOOKING COMPLETE ERROR: ERROR MESSAGE : STOPSALE.,Baron Resort Makadi Bay Resort,2957.76
30.05.2026,68385552,nina.schmidt25@hotmail.com,03.09.2026,17.09.2026,1714,BLUROV,7991,1155,Not enough allotment,Bluesun Rovinj,2253.82 PLN
12.05.2026,39774445,marta.andersen980@icloud.com,18.08.2026,21.08.2026,4182,ATLAYI,1043,1054,Contractor calculation error.,Atlantica Ayia Napa,3019.74 PLN
18.05.2026,75030273,robert.schmidt663@proton.me,18.06.2026,21.06.2026,1045,BARELX,8573,1467,Booking Complete Error: Error Message : StopSale.,Baron Resort El Gouna,401.61
27.05.2026,59056607,emma.bianchi183@yahoo.com,05.04.2026,08.04.2026,1045,sunhur,7065,5704,Improper reservation price.,Sunrise Hurghada,504.78
12.05.2026,95798748,sophie.johnson331@proton.me,11.06.2026,14.06.2026,1178,RIUIBI,2790,1755,Booking Create Error: Brak możliwości założenia rezerwacji winterfejsie.,RIU Ibiza,3326.94
20.05.2026,13376007,elena.smith375@icloud.com,01.07.2026,10.07.2026,1301,BARBOD,1152,1732,Booking Payer Error: Brak wymaganego parametru,Barut Hotels Bodrum,672.93
11.05.2026,39067726,anna.muller165@outlook.com,21.03.2026,30.03.2026, 1178,IBETEN,8397,5704,Improper reservation price.,Iberostar Tenerife,4151.17
11.05.2026,68685794,claire.schmidt702@gmail.com,08.07.2026,13.07.2026,2653,VIDLI1,8843,1054,Contractor calculation error.,Vidamar Resorts Lisbon Resort,2463.92
28.05.2026,72507231,mark.wilson465@hotmail.com,24.07.2026,31.07.2026,1045,JAZELX,4733,1467,Booking Complete Error: Error Message : StopSale.,Jaz El Gouna,"2032,59"
18.05.2026,23910963,martin.novak333@gmail.com,28.08.2026,02.09.2026,1426,JUMFUJ,9379,1467,Booking Complete Error: Error Message : StopSale.,Jumeirah Fujairah,2862.59
25.05.2026,23391799,julia.meyer92@icloud.com,07.04.2026,16.04.2026,1045,HILELX,6168,1467,Booking Complete Error: Error Message : StopSale.,Hilton El Gouna,1649.17 PLN
22.05.2026,10889695,claire.keller284@proton.me,08.04.2026,11.04.2026, 1426,AJMABU,2137,1467,Booking Complete Error: Error Message : StopSale.,Ajman Saray Abu Dhabi,2637.90
10.05.2026,38933153,chris.novak112@icloud.com,30.03.2026,06.04.2026,1426,MARSHA,1626,1778,Booking Complete Error: Zablokowano allotment online.,Marriott Sharjah,1500.29
18.05.2026,26869160,kate.muller138@yahoo.com,03.05.2026,12.05.2026,1178,HFUEXX,1514,5704,Improper reservation price.,H10 Hotels Fuerteventura,3645.93
03.05.2026,68330593,john.costa888@proton.me,07.04.2026,12.04.2026,1045,SUNTAB,2654,1755,Booking Create Error: Brak możliwości założenia rezerwacji winterfejsie.,Sunrise Taba,"4106,76"
13.05.2026,80888853,irene.berg117@gmail.com,27.05.2026,01.06.2026,1045,SUNTA1,3664,5704,Improper reservation price.,Sunwing Taba,2235.97
23.05.2026,86911446,peter.wilson122@icloud.com,11.05.2026,20.05.2026,1301, TITANT ,8508,8056,Wrong room configuration,Titanic Antalya,2019.99
10.05.2026,42151962,mark.smith327@outlook.com,29.07.2026,05.08.2026,1426,ajmdu1,3085,5704,Improper reservation price.,Ajman Saray Dubai Resort,3496.98
03.05.2026,68628561,elena.smith349@outlook.com,07.07.2026,16.07.2026,1301,RIXBOD,8179,1155,Not enough allotment,Rixos Bodrum,1092.69
12.05.2026,36614713,daniel.petrov841@icloud.com,05.04.2026,14.04.2026,1301,baran1,8239,1054,Contractor calculation error.,Barut Hotels Antalya Resort,873.49
28.05.2026,33113253,simon.muller228@yahoo.com,24.07.2026,31.07.2026,2247,THVEN1,8135,1225,There is already such a booking for this agent.,Th Resorts Venice Resort,
27.05.2026,52991650,david.bakker645@yahoo.com,15.04.2026,20.04.2026,1301,LIMMAR,5956,1155,NOT ENOUGH ALLOTMENT,,"2279,88"
24.05.2026,30990005,julia.wagner162@hotmail.com,17.06.2026,24.06.2026,1426,HILFU1,4114,1225,There is already such a booking for this agent.,,1008.02
11.05.2026,20992522,elena.smith49@proton.me,10.08.2026,24.08.2026,1178,IBEIBI,1964,1155,Not enough allotment,Iberostar Ibiza,800.29
27.05.2026,98998273,mark.petrov368@proton.me,26.06.2026,01.07.2026,4182,ANAPR1,9090,1155,Not enough allotment,Anassa Protaras Resort,4039.06
27.05.2026,56166791,emma.petrov848@proton.me,24.07.2026,29.07.2026,1045,STEMAK,5304,5704,  Improper reservation price.  ,Steigenberger Makadi Bay,754.89
30.05.2026,65556869,chris.rossi982@yahoo.com,09.06.2026,18.06.2026,1178,IBETEN,8397,1732,Booking Payer Error: Brak wymaganego parametru,Iberostar Tenerife,3564.62
27.05.2026,56986237,andrew.kozlov610@proton.me,31.07.2026,14.08.2026,1045,HILSHA,1916,1155,  Not enough allotment  ,Hilton Sharm El Sheikh,2319.69
06.05.2026,16994362,david.andersen421@hotmail.com,04.06.2026,18.06.2026,1178,HCOSXX,7939,5704,Improper reservation price.,H10 Hotels Costa del Sol,476.85 PLN
08.05.2026,44900534,george.roth622@proton.me,01.05.2026,10.05.2026,4182,OLYPA1,9502,1467,Booking Complete Error: Error Message : StopSale.,Olympic Lagoon Paphos Resort,3739.26
28.05.2026,98223673,martin.larsen109@proton.me,07.04.2026,21.04.2026,4182,ANALAR,7693,1155,Not enough allotment,Anassa Larnaca,"4116,11"
09.05.2026,18273096,anna.kowalski685@outlook.com,05.05.2026,19.05.2026,1301,CRYBEL,2638,1155,Not enough allotment,Crystal Hotels Belek,846.97 PLN
16.05.2026,29096178,maria.meyer207@gmail.com,03.04.2026,12.04.2026,4182,AMALIM,3441,1155,Not enough allotment,Amara Limassol,646.90
12.05.2026,97797117,claire.muller608@proton.me,03.07.2026,10.07.2026,1714,RADMAK,2988,1155,Not enough allotment,Radisson Blu Makarska,2654.39
05.05.2026,32313209,emma.weber869@hotmail.com,05.06.2026,08.06.2026,2247,MANVEN,2245,1155,Not enough allotment,Mangia's Resorts Venice,"3605,51"
17.05.2026,74916146,claire.meyer295@icloud.com,29.07.2026,01.08.2026,1045,SUNMAK,6155,1054,Contractor calculation error.,Sunrise Makadi Bay,"3110,09"
04.05.2026,89098795,martin.dubois180@hotmail.com,24.06.2026,03.07.2026,1178,NHCOS1,2604,1054,Contractor calculation error.,NH Collection Costa Brava,3893.25
03.05.2026,83813122,james.keller122@outlook.com,14.05.2026,21.05.2026,2653,VILVI1,6582,1155,Not enough allotment,Vila Vita Parc Vilamoura Resort,608.33
04.05.2026,96063924,kate.bakker584@icloud.com,29.05.2026,12.06.2026,1301,RIXBEL,9900,1054,Contractor calculation error.,Rixos Belek,3461.17
23.05.2026,82903355,david.johnson957@hotmail.com,06.05.2026,11.05.2026,1714,FALSPL,8478,1155,Not enough allotment,Falkensteiner Split,"2605,82"
20.05.2026,23480667,paul.johnson972@proton.me,17.04.2026,26.04.2026,1045,HILTAB,5040,8056,Wrong room configuration,Hilton Taba,"3932,85"
24.05.2026,31818964,james.wagner329@yahoo.com,14.07.2026,21.07.2026,1045,RIXHUR,4593,1755,Booking Create Error: Brak możliwości założenia rezerwacji winterfejsie.,Rixos Hurghada,3116.25
29.05.2026,81440997,kate.dubois329@proton.me,20.07.2026,23.07.2026,1301,LIMBOD,2127,1054,Contractor calculation error.,Limak Bodrum,
01.05.2026,38133133,sophie.novak807@icloud.com,12.05.2026,17.05.2026,1301,CRYALA,6464,1155,Not enough allotment,Crystal Hotels Alanya,3195.88 PLN
24.05.2026,36375893,elena.wilson278@yahoo.com,22.08.2026,31.08.2026,1045,PICELX,4752,5704,Improper reservation price.,Pickalbatros El Gouna,3192.54
06.05.2026,45257940,irene.rossi536@icloud.com,23.07.2026,30.07.2026,2653,VIDPO1,9042,1755,Booking Create Error: Brak możliwości założenia rezerwacji winterfejsie.,Vidamar Resorts Porto Resort,3905.49
07.05.2026,84178346,irene.nowak61@yahoo.com,19.06.2026,03.07.2026,1301,VOYALA,5333,1732,Booking Payer Error: Brak wymaganego parametru,Voyage Alanya,2646.76
31.05.2026,61654839,michael.wagner533@hotmail.com,24.08.2026,27.08.2026,2653,PINFUN,4545,1155,Not enough allotment,Pine Cliffs Funchal (Madeira),-1410.76
26.05.2026,17095369,laura.meyer797@yahoo.com,17.08.2026,24.08.2026, 1045,CORMAK,7216,1778,BOOKING COMPLETE ERROR: ZABLOKOWANO ALLOTMENT ONLINE.,Coral Sea Makadi Bay,3877.84
16.05.2026,91847869,emma.roth367@yahoo.com,26.05.2026,31.05.2026,1178,HTENXX,8749,1155,  Not enough allotment  ,H10 Hotels Tenerife,
26.05.2026,52734662,laura.meyer698@hotmail.com,01.05.2026,04.05.2026,1714,VALDU1,6502,1732,Booking Payer Error: Brak wymaganego parametru,Valamar Dubrovnik Resort,2573.15
01.05.2026,52859035,john.larsen523@gmail.com,12.06.2026,19.06.2026,1178,IBECO1,2235,5704,  Improper reservation price.  ,Iberostar Costa del Sol,"2817,01"
25.05.2026,64521433,laura.wagner822@proton.me,15.04.2026,24.04.2026,1045,jazmak,1771,1467,Booking Complete Error: Error Message : StopSale.,Jaz Makadi Bay,2883.75
01.05.2026,30350750,julia.keller474@yahoo.com,29.03.2026,01.04.2026,1426,raddub,6378,1467,Booking Complete Error: Error Message : StopSale.,Radisson Blu Dubai,3365.34
04.05.2026,32577873,martin.wilson816@yahoo.com,16.04.2026,25.04.2026,1301,VOYBEL,2200,1054,  Contractor calculation error.  ,Voyage Belek,"1115,15"
05.05.2026,11356820,elena.wilson89@icloud.com,27.05.2026,01.06.2026,4182,AMAAYI,4241,1155,Not enough allotment,Amara Ayia Napa,2666.56
21.05.2026,89400305,sophie.moretti308@yahoo.com,10.04.2026,15.04.2026,1301,RIXSID,6617,1225,There is already such a booking for this agent.,Rixos Side,"4090,07"
02.05.2026,96062734,zofia.johnson222@gmail.com,26.07.2026,09.08.2026,2247,MANSA1,1207,5704,Improper reservation price.,Mangia's Resorts Sardinia Resort,3222.92
19.05.2026,13231624,daniel.lang938@icloud.com,02.06.2026,16.06.2026, 1301,TITBOD,5345,1467,Booking Complete Error: Error Message : StopSale.,Titanic Bodrum,1574.39
19.05.2026,10685723,thomas.wagner318@icloud.com,03.07.2026,06.07.2026,1045,PICSHA,6820,5704,  Improper reservation price.  ,Pickalbatros Sharm El Sheikh,2308.40
03.05.2026,20402470,irene.muller40@icloud.com,27.03.2026,05.04.2026,1301,RIXANT,1058,1225,There is already such a booking for this agent.,Rixos Antalya,1733.96
24.05.2026,99131349,nina.andersen78@outlook.com,13.06.2026,20.06.2026,1045,stehur,4598,5704,Improper reservation price.,Steigenberger Hurghada,3267.58
12.05.2026,98120500,alice.keller25@yahoo.com,06.08.2026,13.08.2026,1714,FALPOR,9099,5704,Improper reservation price.,Falkensteiner Porec,1312.13
15.05.2026,41329793,john.muller267@proton.me,10.06.2026,15.06.2026,1178,BAHGRA,6107,1155,Not enough allotment,Bahia Principe Gran Canaria,511.11
18.05.2026,34796255,emma.schmidt621@hotmail.com,10.04.2026,15.04.2026,1178,hpalxx,4116,5704,Improper reservation price.,H10 Hotels Palma de Mallorca,
10.05.2026,49026419,zofia.johnson727@icloud.com,28.08.2026,04.09.2026,1045, SUNSH1 ,6930,1054,Contractor calculation error.,Sunwing Sharm El Sheikh,3630.36
24.05.2026,65306850,andrew.fischer730@gmail.com,17.04.2026,22.04.2026,1178,NHFUEX,2160,5704,Improper reservation price.,NH Collection Fuerteventura,2654.02
15.05.2026,40149844,elena.bakker589@icloud.com,23.05.2026,06.06.2026,1714,BLUZAD,9976,8056,Wrong room configuration,Bluesun Zadar,
08.05.2026,51823028,chris.kowalski75@icloud.com,03.06.2026,06.06.2026,1045,HILSHA,1916,1155,Not enough allotment,Hilton Sharm El Sheikh,3059.79
17.05.2026,92637421,marta.kowalski918@gmail.com,24.05.2026,27.05.2026,1045,DANSHA,2307,1225,There is already such a booking for this agent.,Dana Beach Sharm El Sheikh,1568.21
08.05.2026,66433162,laura.johnson677@icloud.com,24.06.2026,01.07.2026,1178,OCCBEN,6413,8056,Wrong room configuration,Occidental Benidorm,"2203,06"
01.05.2026,83691521,anna.roth397@outlook.com,28.05.2026,31.05.2026,1426,addsha,6139,1155,Not enough allotment,Address Hotels Sharjah,"3562,49"
26.05.2026,19530298,james.kowalski452@yahoo.com,22.06.2026,25.06.2026,4182,AMAAYI,4241,1467,Booking Complete Error: Error Message : StopSale.,Amara Ayia Napa,1729.11
16.05.2026,69772630,julia.keller842@proton.me,27.07.2026,30.07.2026,1426,MARSH1,5930,5704,Improper reservation price.,Marriott Sharjah Resort,"260,30"
24.05.2026,67176108,martin.johnson10@yahoo.com,26.05.2026,02.06.2026,1045,DANHUR,2139,1467,Booking Complete Error: Error Message : StopSale.,Dana Beach Hurghada,3167.23
16.05.2026,70887307,zofia.wilson796@hotmail.com,18.05.2026,27.05.2026,1045,HILMAR,5386,1755,  Booking Create Error: Brak możliwości założenia rezerwacji winterfejsie.  ,Hilton Marsa Alam,1596.54
21.05.2026,98522598,nina.wilson388@outlook.com,26.07.2026,29.07.2026,1301,LIMMAR,5956,1155,Not enough allotment,Limak Marmaris,1072.07
16.05.2026,20880123,kate.fischer644@outlook.com,03.05.2026,06.05.2026,4182,AMAAY1,3870,1467,Booking Complete Error: Error Message : StopSale.,Amara Ayia Napa Resort,"2067,92"
22.05.2026,56705573,anna.kozlov629@icloud.com,15.05.2026,24.05.2026,1714,AMARO1,8939,1054,Contractor calculation error.,Amadria Park Rovinj Resort,1097.05
25.05.2026,39369404,robert.petrov240@gmail.com,18.06.2026,21.06.2026,1045,STEMAK,5304,5704,Improper reservation price.,Steigenberger Makadi Bay,3257.82 PLN
06.05.2026,30318884,simon.wilson392@icloud.com,19.05.2026,28.05.2026,4182,OLYAY1,8708,1732,Booking Payer Error: Brak wymaganego parametru,Olympic Lagoon Ayia Napa Resort,3120.95
10.05.2026,14726873,robert.meyer997@proton.me,02.07.2026,16.07.2026,1426,ROTABU,3925,1054,Contractor calculation error.,Rotana Abu Dhabi,3293.14
21.05.2026,19125390,elena.roth656@yahoo.com,19.06.2026,22.06.2026,1178, MELGRA ,4681,1732,Booking Payer Error: Brak wymaganego parametru,Meliá Gran Canaria,3920.72
08.05.2026,74082055,john.weber588@yahoo.com,15.05.2026,24.05.2026,1045,JAZHUR,4456,1467,  Booking Complete Error: Error Message : StopSale.  ,Jaz Hurghada,
31.05.2026,14740436,simon.garcia352@proton.me,16.06.2026,25.06.2026,1178,IBECO1,2235,5704,Improper reservation price.,Iberostar Costa del Sol,2552.94
18.05.2026,94524999,nina.andersen30@proton.me,31.05.2026,09.06.2026,1178,HIBIXX,9834,1054,Contractor calculation error.,H10 Hotels Ibiza,978.58
12.05.2026,52448479,alice.moretti743@icloud.com,15.06.2026,18.06.2026,1178,RIUIBI,2790,1755,Booking Create Error: Brak możliwości założenia rezerwacji winterfejsie.,RIU Ibiza,1536.34
03.05.2026,32372707,david.weber844@gmail.com,29.04.2026,13.05.2026,1301,VOYALA,5333,1755,Booking Create Error: Brak możliwości założenia rezerwacji winterfejsie.,Voyage Alanya,3005.91
22.05.2026,26827131,irene.bianchi826@proton.me,09.05.2026,18.05.2026,2247,ROCSIC,3496,8056,Wrong room configuration,Rocco Forte Sicily,"3526,13"
04.05.2026,55350898,simon.costa295@yahoo.com,11.04.2026,20.04.2026,1178,IBEFUE,5563,1225,There is already such a booking for this agent.,Iberostar Fuerteventura,2265.32
12.05.2026,57271923,zofia.costa248@hotmail.com,21.06.2026,28.06.2026,2247,NHROM1,9817,1755,Booking Create Error: Brak możliwości założenia rezerwacji winterfejsie.,NH Collection Rome Resort,884.20
25.05.2026,14740436,olga.weber804@icloud.com,16.06.2026,25.06.2026, 1178,IBECO1,2235,1155,Not enough allotment,Iberostar Costa del Sol,2552.94
02.05.2026,69623470,thomas.andersen604@gmail.com,03.07.2026,17.07.2026,1178,BARBEN,4608,1054,Contractor calculation error.,Barceló Benidorm,584.36
12.05.2026,40198707,claire.nowak837@outlook.com,03.05.2026,10.05.2026,1178,HTENXX,8749,1467,Booking Complete Error: Error Message : StopSale.,H10 Hotels Tenerife,"1806,88"
15.05.2026,85833125,daniel.nowak509@icloud.com,21.06.2026,05.07.2026,1178,OCCTEN,7118,5704,Improper reservation price.,Occidental Tenerife,3777.67
14.05.2026,14203574,daniel.berg926@proton.me,09.07.2026,12.07.2026,2653, PINLIS ,6632,1755,Booking Create Error: Brak możliwości założenia rezerwacji winterfejsie.,Pine Cliffs Lisbon,"2870,13"
04.05.2026,32665997,julia.nowak759@outlook.com,25.06.2026,04.07.2026,1178,HIBIXX,9834,1467,Booking Complete Error: Error Message : StopSale.,H10 Hotels Ibiza,1612.26
17.05.2026,71221686,martin.nowak202@outlook.com,19.04.2026,24.04.2026,1178,OCCIBI,2612,5704,Improper reservation price.,Occidental Ibiza,1971.05
23.05.2026,61482947,martin.kozlov265@proton.me,08.05.2026,13.05.2026,1178,RIUGRA,4139,1225,There is already such a booking for this agent.,RIU Gran Canaria,2869.27
15.05.2026,87449461,michael.bakker699@proton.me,19.06.2026,26.06.2026,1178,RIUIBI,2790,1155,Not enough allotment,RIU Ibiza,"2456,35"
24.05.2026,72298460,michael.smith265@outlook.com,07.04.2026,14.04.2026,1045,SUNSHA,6977,1155,Not enough allotment,,2167.26
05.05.2026,85548770,david.kowalski482@gmail.com,29.03.2026,12.04.2026,2653,PESALB,8434,1155,Not enough allotment,Pestana Albufeira,1624.07
20.05.2026,81847296,alice.dubois411@gmail.com,19.05.2026,02.06.2026,1178,MELIBI,7596,1732,  Booking Payer Error: Brak wymaganego parametru  ,Meliá Ibiza,3943.42
03.05.2026,18520287,peter.moretti626@hotmail.com,30.04.2026,14.05.2026,1426,ADDABU,6753,1155,  Not enough allotment  ,Address Hotels Abu Dhabi,3091.66
01.05.2026,90378849,martin.meyer326@proton.me,22.05.2026,29.05.2026,1178,IBEGRA,9479,1755,Booking Create Error: Brak możliwości założenia rezerwacji winterfejsie.,Iberostar Gran Canaria,2223.33
24.05.2026,36551960,sophie.roth725@proton.me,30.05.2026,13.06.2026,1714,BLUMA1,5499,1155,  Not enough allotment  ,Bluesun Makarska Resort,2207.81
06.05.2026,24814798,claire.wilson428@outlook.com,18.05.2026,21.05.2026,2653,VILPOR,7625,1467,Booking Complete Error: Error Message : StopSale.,Vila Vita Parc Porto,1352.68
29.05.2026,20724388,james.fischer983@outlook.com,05.07.2026,10.07.2026,1045,SUNMAR,6313,1155,Not enough allotment,Sunwing Marsa Alam,3401.67
10.05.2026,92355208,james.wilson787@proton.me,09.07.2026,23.07.2026,1178,RIUPAL,8350,1155,Not enough allotment,RIU Palma de Mallorca,2518.93
06.05.2026,89035184,sophie.weber512@gmail.com,04.06.2026,13.06.2026,1045,CORSHA,9830,1778,Booking Complete Error: Zablokowano allotment online.,Coral Sea Sharm El Sheikh,1086.94
11.05.2026,69211077,nina.bianchi575@outlook.com,14.07.2026,23.07.2026,1045,SUNMA1,9179,,Booking Payer Error: Brak wymaganego parametru,Sunrise Marsa Alam,1725.20
19.05.2026,98175428,laura.lang484@yahoo.com,12.07.2026,26.07.2026,1301,VOYALA,5333,5704,Improper reservation price.,Voyage Alanya,2100.45
04.05.2026,68628561,kate.meyer784@hotmail.com,07.07.2026,16.07.2026,1301,RIXBOD,8179,1225,There is already such a booking for this agent.,Rixos Bodrum,
16.05.2026,29711900,julia.kravets982@icloud.com,13.05.2026,27.05.2026,1045,JAZSHA,8517,1732,Booking Payer Error: Brak wymaganego parametru,Jaz Sharm El Sheikh,470.85
22.05.2026,75030273,elena.petrov67@outlook.com,18.06.2026,21.06.2026,1045,BARELX,8573,1467,Booking Complete Error: Error Message : StopSale.,Baron Resort El Gouna,401.61
13.05.2026,99418882,julia.petrov67@yahoo.com,24.07.2026,27.07.2026,1178,IBECO1,2235,1054,CONTRACTOR CALCULATION ERROR.,Iberostar Costa del Sol,3857.70
27.05.2026,53114614,mark.bakker313@yahoo.com,27.06.2026,04.07.2026,1714,BLUMA1,5499,1054,Contractor calculation error.,Bluesun Makarska Resort,2438.87
16.05.2026,92755499,peter.andersen722@yahoo.com,13.07.2026,22.07.2026,1301,CRYBEL,2638,1155,Not enough allotment,Crystal Hotels Belek,579.69 PLN
09.05.2026,57723980,paul.bianchi282@hotmail.com,10.05.2026,15.05.2026,1301,LIMBEL,4910,1225,There is already such a booking for this agent.,Limak Belek,2540.99
21.05.2026,23821034,james.lang962@yahoo.com,19.08.2026,22.08.2026,1178, IBECO1 ,2235,1155,Not enough allotment,Iberostar Costa del Sol,"620,85"
25.05.2026,88765336,james.bakker413@icloud.com,08.07.2026,13.07.2026,1714,SUNROV,3184,1467,Booking Complete Error: Error Message : StopSale.,Sun Gardens Rovinj,3102.44
09.05.2026,57121480,emma.fischer906@icloud.com,25.07.2026,03.08.2026, 1045,HILHUR,5422,1155,Not enough allotment,Hilton Hurghada,3930.94
23.05.2026,34793325,thomas.muller161@gmail.com,17.07.2026,24.07.2026,2247,BAGSIC,9728,1467,Booking Complete Error: Error Message : StopSale.,Baglioni Hotels Sicily,1202.64
10.05.2026,46522173,robert.petrov800@yahoo.com,02.08.2026,16.08.2026,1045,HILTAB,5040,1467,Booking Complete Error: Error Message : StopSale.,Hilton Taba,643.83 PLN
21.05.2026,15850133,robert.schmidt609@proton.me,16.03.2026,23.03.2026,1178,HIBIXX,9834,5704,Improper reservation price.,H10 Hotels Ibiza,"267,23"
20.05.2026,75757673,laura.bakker361@outlook.com,18.06.2026,25.06.2026, 1045,PICSHA,6820,5704,Improper reservation price.,Pickalbatros Sharm El Sheikh,1803.93
16.05.2026,81150374,kate.bakker914@outlook.com,14.07.2026,23.07.2026,1045,JAZMAR,9085,1054,CONTRACTOR CALCULATION ERROR.,Jaz Marsa Alam,2486.86
12.05.2026,21444715,claire.lang95@hotmail.com,25.04.2026,04.05.2026,1178,RIUCOS,8062,1054,Contractor calculation error.,RIU Costa Brava,"346,80"
05.05.2026,54221545,john.lang449@hotmail.com,25.03.2026,30.03.2026,2247,nhrim1,3885,1155,Not enough allotment,NH Collection Rimini Resort,870.15
20.05.2026,88573772,sophie.garcia595@gmail.com,10.04.2026,19.04.2026,1426,ajmfuj,4728,1155,Not enough allotment,Ajman Saray Fujairah,"3849,28"
04.05.2026,28384463,alice.moretti335@outlook.com,23.04.2026,26.04.2026,1301,CRYANT,7868,1467,Booking Complete Error: Error Message : StopSale.,Crystal Hotels Antalya,2271.24
19.05.2026,81645549,emma.bakker633@gmail.com,28.07.2026,31.07.2026,1426,JUMRA1,6344,1732,Booking Payer Error: Brak wymaganego parametru,Jumeirah Ras Al Khaimah Resort,3153.06
29.05.2026,30182766,michael.petrov318@proton.me,06.07.2026,20.07.2026,1426,ROTSHA,9346,1467,Booking Complete Error: Error Message : StopSale.,Rotana Sharjah,1566.78
01.05.2026,28293937,james.meyer945@icloud.com,05.03.2026,19.03.2026,1178,HFUEXX,1514,5704,Improper reservation price.,H10 Hotels Fuerteventura,1608.35
27.05.2026,38617427,martin.kravets484@gmail.com,22.06.2026,27.06.2026,1045,sunsh1,6930,5704,IMPROPER RESERVATION PRICE.,Sunwing Sharm El Sheikh,1463.44
21.05.2026,91027259,paul.moretti706@gmail.com,19.06.2026,24.06.2026,1301,TITKEM,5114,1155,Not enough allotment,Titanic Kemer,1724.05
31.05.2026,28289061,paul.johnson493@outlook.com,10.04.2026,17.04.2026,1301,DELBOD,2891,1054,Contractor calculation error.,Delphin Bodrum,1814.72
07.05.2026,98522598,michael.kozlov747@gmail.com,26.07.2026,29.07.2026,1301,LIMMAR,5956,1054,Contractor calculation error.,Limak Marmaris,1072.07
09.05.2026,95274112,claire.nowak333@proton.me,10.04.2026,17.04.2026,1178,BARTEN,2163,1155,Not enough allotment,Barceló Tenerife,1017.73
02.05.2026,72902517,chris.bianchi433@proton.me,30.08.2026,08.09.2026,1301,RIXKEM,1722,1732,  Booking Payer Error: Brak wymaganego parametru  ,Rixos Kemer,3634.14
21.05.2026,58675339,michael.kravets570@yahoo.com,02.07.2026,16.07.2026,4182,CONAY1,7594,1054,Contractor calculation error.,,-2686.12
30.05.2026,70264344,michael.petrov867@hotmail.com,28.06.2026,07.07.2026,1301,limmar,5956,1225,There is already such a booking for this agent.,Limak Marmaris,3800.53
24.05.2026,48803134,marta.schmidt170@icloud.com,11.08.2026,25.08.2026,1426,ROTRAS,8149,1225,There is already such a booking for this agent.,Rotana Ras Al Khaimah,2552.31
02.05.2026,54304598,irene.garcia778@proton.me,13.08.2026,22.08.2026,1714,falzad,3881,1467,Booking Complete Error: Error Message : StopSale.,Falkensteiner Zadar,2038.96
26.05.2026,86383608,david.bakker757@hotmail.com,07.05.2026,14.05.2026,4182,ATLAY1,9199,1467,Booking Complete Error: Error Message : StopSale.,Atlantica Ayia Napa Resort,2226.29
28.05.2026,31203129,mark.dubois655@icloud.com,07.06.2026,21.06.2026,1045, DANMAR ,3266,5704,Improper reservation price.,Dana Beach Marsa Alam,541.75
09.05.2026,17073005,elena.bakker255@gmail.com,21.05.2026,26.05.2026,1178,MELBEN,2982,1467,Booking Complete Error: Error Message : StopSale.,Meliá Benidorm,-1010.21
13.05.2026,48988973,anna.fischer348@outlook.com,08.05.2026,15.05.2026, 2653,PINAL1,2869,5704,Improper reservation price.,Pine Cliffs Albufeira Resort,3939.36
24.05.2026,37308590,laura.petrov920@yahoo.com,05.07.2026,08.07.2026,1045,HILTAB,5040,1155,Not enough allotment,Hilton Taba,3717.27 PLN
13.05.2026,73820451,george.bianchi364@proton.me,09.06.2026,18.06.2026,1178,OCCCOS,4770,1155,Not enough allotment,Occidental Costa del Sol,2365.25
24.05.2026,31948303,robert.keller58@icloud.com,16.06.2026,19.06.2026, 1301,LIMKE1,8007,1778,Booking Complete Error: Zablokowano allotment online.,Limak Kemer Resort,3782.23 PLN
19.05.2026,91069563,alice.muller440@outlook.com,23.04.2026,30.04.2026,1426,addabu,6753,,NOT ENOUGH ALLOTMENT,Address Hotels Abu Dhabi,3333.97
05.05.2026,37743616,paul.fischer503@yahoo.com,03.05.2026,08.05.2026,1426,ROTAB1,7211,1467,Booking Complete Error: Error Message : StopSale.,Rotana Abu Dhabi Resort,"2055,29"
04.05.2026,75479127,martin.costa93@hotmail.com,04.06.2026,07.06.2026,1301,DELAL1,3647,1054,Contractor calculation error.,Delphin Alanya Resort,"1792,29"
02.05.2026,35264294,kate.berg317@yahoo.com,02.06.2026,16.06.2026,1178,RIUCOS,8062,1755,Booking Create Error: Brak możliwości założenia rezerwacji winterfejsie.,RIU Costa Brava,3554.95
30.05.2026,47427169,emma.costa223@icloud.com,10.06.2026,15.06.2026,1301,LIMKEM,4346,1467,Booking Complete Error: Error Message : StopSale.,Limak Kemer,"1253,71"
14.05.2026,15591248,irene.kowalski650@hotmail.com,16.08.2026,23.08.2026, 4182,OLYPAP,9922,1155,Not enough allotment,Olympic Lagoon Paphos,3086.17
20.05.2026,65243509,michael.larsen648@outlook.com,10.06.2026,15.06.2026,1301,VOYAN1,5291,1155,Not enough allotment,Voyage Antalya Resort,3879.14 PLN
14.05.2026,12864439,john.kozlov437@proton.me,19.07.2026,02.08.2026,2247, MANVEN ,2245,1778,Booking Complete Error: Zablokowano allotment online.,Mangia's Resorts Venice,2138.51
22.05.2026,91212919,daniel.rossi56@outlook.com,30.06.2026,14.07.2026,1045,HILHUR,5422,1155,Not enough allotment,Hilton Hurghada,3574.77
06.05.2026,64181318,daniel.costa893@gmail.com,05.07.2026,14.07.2026,1714,valrov,4997,1467,BOOKING COMPLETE ERROR: ERROR MESSAGE : STOPSALE.,Valamar Rovinj,2507.12
09.05.2026,66013532,sophie.costa338@icloud.com,09.08.2026,14.08.2026,1301,CRYBOD,4450,1225,There is already such a booking for this agent.,Crystal Hotels Bodrum,1199.43
04.05.2026,39070676,anna.smith208@hotmail.com,02.07.2026,05.07.2026,1426,RADAB1,5844,1467,Booking Complete Error: Error Message : StopSale.,Radisson Blu Abu Dhabi Resort,2024.35
04.05.2026,37427437,george.kravets711@hotmail.com,11.06.2026,20.06.2026,1045,BARHUR,1525,1467,Booking Complete Error: Error Message : StopSale.,Baron Resort Hurghada,1453.49
21.05.2026,70353847,kate.costa257@outlook.com,16.08.2026,25.08.2026,1426,ROTSHA,9346,1155,Not enough allotment,Rotana Sharjah,3845.45
29.05.2026,85495736,robert.bakker140@icloud.com,09.05.2026,16.05.2026,1301,DELKEM,5915,1054,Contractor calculation error.,Delphin Kemer,"4137,08"
07.05.2026,26782946,martin.garcia288@yahoo.com,26.07.2026,31.07.2026,1714,VALZA1,7275,1054,Contractor calculation error.,Valamar Zadar Resort,
17.05.2026,87652255,anna.andersen674@hotmail.com,08.07.2026,13.07.2026,1301,VOYALA,5333,1054,Contractor calculation error.,Voyage Alanya,935.92
29.05.2026,75618337,marta.costa47@yahoo.com,10.06.2026,15.06.2026,1178,ibegra,9479,1467,BOOKING COMPLETE ERROR: ERROR MESSAGE : STOPSALE.,Iberostar Gran Canaria,2832.63
26.05.2026,87266743,irene.novak386@icloud.com,27.05.2026,03.06.2026,1714,AMAMA1,9849,1054,Contractor calculation error.,Amadria Park Makarska Resort,652.69
03.05.2026,91924787,irene.dubois561@gmail.com,22.05.2026,27.05.2026,1426,AJMFU1,4228,1755,Booking Create Error: Brak możliwości założenia rezerwacji winterfejsie.,Ajman Saray Fujairah Resort,2647.16
01.05.2026,23368436,kate.fischer361@yahoo.com,25.04.2026,30.04.2026,1714,SUNMA3,8461,1467,Booking Complete Error: Error Message : StopSale.,Sun Gardens Makarska,1865.58
08.05.2026,86015354,nina.fischer166@yahoo.com,27.04.2026,02.05.2026,1045,picsha,6820,1155,Not enough allotment,Pickalbatros Sharm El Sheikh,389.59
07.05.2026,38330916,daniel.schmidt361@gmail.com,27.07.2026,30.07.2026,1301,cryala,6464,1155,Not enough allotment,Crystal Hotels Alanya,339.66
10.05.2026,80264613,john.johnson378@outlook.com,22.07.2026,25.07.2026,2653,VIDVI1,1231,5704,Improper reservation price.,Vidamar Resorts Vilamoura Resort,"2524,23"
15.05.2026,10011582,daniel.wilson277@proton.me,01.07.2026,04.07.2026,1045,STEMAK,5304,1155,Not enough allotment,Steigenberger Makadi Bay,1892.92
17.05.2026,88897503,robert.smith780@yahoo.com,15.04.2026,18.04.2026,2247,MANSAR,5558,1732,Booking Payer Error: Brak wymaganego parametru,Mangia's Resorts Sardinia,"1221,03"
26.05.2026,43527724,nina.johnson681@yahoo.com,21.05.2026,28.05.2026,1178,ibepal,2104,8056,Wrong room configuration,Iberostar Palma de Mallorca,1907.57
28.05.2026,48059575,andrew.fischer986@gmail.com,31.05.2026,03.06.2026,1426,HILDU1,7311,1467,Booking Complete Error: Error Message : StopSale.,Hilton Dubai Resort,"1619,78"
10.05.2026,87475654,david.larsen627@icloud.com,13.05.2026,27.05.2026,1045,JAZSHA,8517,5704,Improper reservation price.,Jaz Sharm El Sheikh,3954.78
10.05.2026,81258319,elena.meyer355@proton.me,21.03.2026,24.03.2026,1045,BARMAR,5741,1155,Not enough allotment,Baron Resort Marsa Alam,"2058,66"
27.05.2026,28521285,nina.fischer975@hotmail.com,02.07.2026,07.07.2026,1178,RIUGRA,4139,1155,Not enough allotment,RIU Gran Canaria,3416.99
03.05.2026,97016569,thomas.berg250@hotmail.com,15.08.2026,22.08.2026,2247,VALRIM,5198,1155,Not enough allotment,Valtur Rimini,"317,42"
06.05.2026,54733168,olga.kowalski671@gmail.com,23.04.2026,26.04.2026,1426,HILFUJ,1634,5704,IMPROPER RESERVATION PRICE.,Hilton Fujairah,3853.30
14.05.2026,11547478,julia.roth761@proton.me,19.04.2026,22.04.2026, 1426,jumra1,6344,1755,Booking Create Error: Brak możliwości założenia rezerwacji winterfejsie.,Jumeirah Ras Al Khaimah Resort,3331.19
11.05.2026,82634888,anna.costa889@proton.me,07.07.2026,12.07.2026,1045,RIXMAK,1750,,  Contractor calculation error.  ,Rixos Makadi Bay,"377,61"
27.05.2026,61799273,sophie.fischer396@gmail.com,02.07.2026,09.07.2026,1045,PICHUR,2084,1467,BOOKING COMPLETE ERROR: ERROR MESSAGE : STOPSALE.,,1404.08
08.05.2026,37619925,claire.kowalski592@gmail.com,22.04.2026,27.04.2026,1301,TITMAR,5669,5704,Improper reservation price.,Titanic Marmaris,1349.46
30.05.2026,49413474,david.nowak473@yahoo.com,22.06.2026,29.06.2026,1301,DELBEL,3584,1225,There is already such a booking for this agent.,Delphin Belek,2831.28
03.05.2026,27698856,nina.wilson769@gmail.com,13.05.2026,16.05.2026, 1301, TITBEL ,3200,1155,Not enough allotment,Titanic Belek,2211.87
19.05.2026,68817904,thomas.weber53@gmail.com,13.08.2026,20.08.2026,4182,ATLLIM,3847,5704,Improper reservation price.,Atlantica Limassol,933.02
08.05.2026,52832536,zofia.johnson611@yahoo.com,12.06.2026,19.06.2026,1301,MAXSID,3170,5704,Improper reservation price.,Maxx Royal Side,3408.85
18.05.2026,24968484,paul.garcia604@proton.me,18.05.2026,27.05.2026,1301, TITBEL ,3200,1467,  Booking Complete Error: Error Message : StopSale.  ,Titanic Belek,3093.93
14.05.2026,49045368,john.schmidt773@yahoo.com,18.06.2026,21.06.2026,1301,VOYBOD,2512,8056,Wrong room configuration,Voyage Bodrum,415.79
31.05.2026,86164433,david.muller575@outlook.com,12.05.2026,21.05.2026,1426,ADDDU1,8066,1778,Booking Complete Error: Zablokowano allotment online.,Address Hotels Dubai Resort,3391.20
27.05.2026,73193474,simon.garcia781@yahoo.com,12.06.2026,26.06.2026,1714,SUNMA4,4919,1467,Booking Complete Error: Error Message : StopSale.,Sun Gardens Makarska Resort,3241.53
13.05.2026,48902041,thomas.schmidt887@outlook.com,21.04.2026,30.04.2026,1714,RADDU2,8777,1054,Contractor calculation error.,Radisson Blu Dubrovnik,1226.18
21.05.2026,31800123,sophie.costa423@hotmail.com,07.05.2026,12.05.2026,1714,BLUSPL,7965,5704,Improper reservation price.,Bluesun Split,1808.94 PLN
17.05.2026,12691381,claire.smith230@outlook.com,17.07.2026,31.07.2026,1426,ADDABU,6753,1054,Contractor calculation error.,Address Hotels Abu Dhabi,3665.29
24.05.2026,70240079,daniel.petrov618@yahoo.com,12.07.2026,17.07.2026,1301,LIMMAR,5956,5704,  Improper reservation price.  ,Limak Marmaris,"818,50"
30.05.2026,15505434,alice.lang347@gmail.com,29.05.2026,12.06.2026,1426,HILABU,8541,1467,  Booking Complete Error: Error Message : StopSale.  ,Hilton Abu Dhabi,1212.53
17.05.2026,24290225,john.schmidt195@gmail.com,29.04.2026,06.05.2026,1714,FALMA1,7812,1155,Not enough allotment,Falkensteiner Makarska Resort,"3225,46"
21.05.2026,87931390,daniel.berg993@icloud.com,11.07.2026,14.07.2026,1426,MARAB1,4143,1467,Booking Complete Error: Error Message : StopSale.,Marriott Abu Dhabi Resort,2756.51
23.05.2026,88447306,emma.schmidt277@yahoo.com,31.05.2026,07.06.2026,1178,IBEIBI,1964,1054,Contractor calculation error.,Iberostar Ibiza,3522.13
04.05.2026,95982334,claire.kowalski316@outlook.com,20.06.2026,23.06.2026,1178,NHBENX,2588,1155,Not enough allotment,NH Collection Benidorm,
14.05.2026,47811079,laura.schmidt216@hotmail.com,12.06.2026,26.06.2026,1714,FALROV,9486,1778,Booking Complete Error: Zablokowano allotment online.,Falkensteiner Rovinj,1417.97
30.05.2026,38159410,paul.kravets237@gmail.com,06.06.2026,09.06.2026,2653,PESPOR,9698,1054,CONTRACTOR CALCULATION ERROR.,Pestana Porto,1902.45
24.05.2026,21079693,robert.wilson857@icloud.com,27.06.2026,04.07.2026,2247,BLUVEN,2669,1732,Booking Payer Error: Brak wymaganego parametru,Bluserena Venice,1767.17
25.05.2026,23946443,andrew.nowak19@hotmail.com,23.07.2026,28.07.2026,1301,DELBOD,2891,1467,Booking Complete Error: Error Message : StopSale.,Delphin Bodrum,"2597,97"
26.05.2026,83409743,claire.kravets963@gmail.com,24.07.2026,02.08.2026, 1301,BARKEM,9666,1054,Contractor calculation error.,Barut Hotels Kemer,1987.57
04.05.2026,34279710,alice.bakker564@hotmail.com,25.05.2026,01.06.2026,1426,ADDDUB,1387,1732,Booking Payer Error: Brak wymaganego parametru,Address Hotels Dubai,3494.31
31.05.2026,26708168,mark.wilson43@hotmail.com,01.07.2026,08.07.2026,1301,VOYBOD,2512,5704,  Improper reservation price.  ,Voyage Bodrum,2446.09
13.05.2026,65478943,peter.roth788@hotmail.com,25.05.2026,30.05.2026,4182,AMAPAP,4404,1467,Booking Complete Error: Error Message : StopSale.,Amara Paphos,1472.69
14.05.2026,38890267,sophie.roth653@outlook.com,20.07.2026,29.07.2026,1301,DELSID,9004,1225,  There is already such a booking for this agent.  ,Delphin Side,3084.44
24.05.2026,63437398,irene.keller466@gmail.com,09.07.2026,12.07.2026,1426,ROTFUJ,2894,5704,  Improper reservation price.  ,Rotana Fujairah,1339.73
30.05.2026,10902958,sophie.moretti264@gmail.com,27.06.2026,04.07.2026,1178,BAHCOS,4981,1225,There is already such a booking for this agent.,Bahia Principe Costa Brava,1473.00
13.05.2026,83765077,david.fischer953@icloud.com,10.06.2026,13.06.2026,1301,DELMAR,9280,8056,Wrong room configuration,Delphin Marmaris,"1373,75"
27.05.2026,49375156,elena.kravets422@hotmail.com,19.04.2026,22.04.2026,1178,NHGRAX,7537,1467,Booking Complete Error: Error Message : StopSale.,NH Collection Gran Canaria,1665.93
30.05.2026,46568726,john.kowalski517@proton.me,01.07.2026,04.07.2026,1045,JAZSHA,8517,1467,Booking Complete Error: Error Message : StopSale.,Jaz Sharm El Sheikh,3212.17
16.05.2026,28925119,andrew.roth173@gmail.com,15.04.2026,22.04.2026,1178,HCOSXX,7939,1054,Contractor calculation error.,H10 Hotels Costa del Sol,629.11
20.05.2026,42527071,kate.costa979@proton.me,07.08.2026,16.08.2026,1714, RADZAD ,6198,1755,Booking Create Error: Brak możliwości założenia rezerwacji winterfejsie.,Radisson Blu Zadar,"3212,31"
19.05.2026,69720986,anna.novak700@proton.me,15.03.2026,18.03.2026,1426,AJMFU1,4228,5704,Improper reservation price.,Ajman Saray Fujairah Resort,300.40 PLN
13.05.2026,47642707,daniel.weber548@yahoo.com,26.04.2026,01.05.2026,2653,PINLI1,1200,1778,BOOKING COMPLETE ERROR: ZABLOKOWANO ALLOTMENT ONLINE.,Pine Cliffs Lisbon Resort,3570.92
04.05.2026,57504462,alice.kozlov894@outlook.com,20.07.2026,29.07.2026,1426,AJMDU1,3085,5704,Improper reservation price.,Ajman Saray Dubai Resort,3913.54
15.05.2026,35167733,michael.petrov664@proton.me,08.06.2026,15.06.2026,1301,LIMKEM,4346,1755,Booking Create Error: Brak możliwości założenia rezerwacji winterfejsie.,Limak Kemer,4096.98
30.05.2026,24415273,zofia.muller998@outlook.com,13.07.2026,22.07.2026,1045, DANSHA ,2307,1755,Booking Create Error: Brak możliwości założenia rezerwacji winterfejsie.,Dana Beach Sharm El Sheikh,835.12
14.05.2026,50031322,david.bianchi611@gmail.com,03.07.2026,08.07.2026,1045,sunel1,8019,1755,Booking Create Error: Brak możliwości założenia rezerwacji winterfejsie.,Sunrise El Gouna,891.11
28.05.2026,24614652,alice.dubois626@proton.me,26.04.2026,29.04.2026,2247,bagven,8758,1467,Booking Complete Error: Error Message : StopSale.,Baglioni Hotels Venice,1896.98
08.05.2026,88858543,george.johnson115@gmail.com,22.04.2026,06.05.2026,1301,LIMBE1,2832,1778,Booking Complete Error: Zablokowano allotment online.,Limak Belek Resort,2521.71
16.05.2026,89604276,irene.bianchi353@yahoo.com,07.07.2026,16.07.2026,1045,SUNMAK,6155,5704,Improper reservation price.,Sunrise Makadi Bay,2443.57
02.05.2026,72298460,paul.wagner44@proton.me,07.04.2026,14.04.2026,1045,SUNSHA,6977,1467,Booking Complete Error: Error Message : StopSale.,Sunrise Sharm El Sheikh,2167.26
16.05.2026,23596829,laura.weber295@proton.me,13.06.2026,22.06.2026,1426,ADDDU1,8066,5704,Improper reservation price.,Address Hotels Dubai Resort,-1118.56
31.05.2026,13375649,emma.moretti374@proton.me,05.05.2026,08.05.2026,1301,VOYMAR,2753,1155,  Not enough allotment  ,Voyage Marmaris,3212.52
13.05.2026,63225922,martin.roth265@yahoo.com,31.07.2026,14.08.2026,1714,falma1,7812,1155,Not enough allotment,Falkensteiner Makarska Resort,"2274,49"
15.05.2026,52502178,emma.costa514@gmail.com,28.06.2026,01.07.2026,1301, DELANT ,9288,5704,Improper reservation price.,Delphin Antalya,3348.61
24.05.2026,81014138,anna.moretti8@yahoo.com,30.05.2026,02.06.2026,1045,SUNMAR,6313,5704,Improper reservation price.,Sunwing Marsa Alam,2281.56
21.05.2026,33319179,mark.nowak68@icloud.com,20.06.2026,27.06.2026,1301,DELBEL,3584,5704,Improper reservation price.,Delphin Belek,2673.75
10.05.2026,31520919,laura.bianchi617@proton.me,27.07.2026,30.07.2026,2653,DOMLIS,5118,1467,Booking Complete Error: Error Message : StopSale.,Dom Pedro Lisbon,3009.00
27.05.2026,48470165,emma.wilson383@gmail.com,10.05.2026,17.05.2026,2653,VILAL1,4180,1155,Not enough allotment,,1833.71
16.05.2026,12163344,laura.berg736@gmail.com,06.07.2026,13.07.2026,1178,NHCOS1,2604,5704,Improper reservation price.,NH Collection Costa Brava,2929.63
01.05.2026,79101242,robert.rossi675@yahoo.com,25.06.2026,02.07.2026,1045,CORSHA,9830,1054,Contractor calculation error.,Coral Sea Sharm El Sheikh,2993.80
18.05.2026,13527782,peter.lang565@yahoo.com,20.04.2026,29.04.2026,1045,SUNSHA,6977,1054,Contractor calculation error.,Sunrise Sharm El Sheikh,"1675,54"
20.05.2026,21002322,john.smith870@hotmail.com,16.06.2026,30.06.2026,1301,LIMBEL,4910,1755,Booking Create Error: Brak możliwości założenia rezerwacji winterfejsie.,Limak Belek,3575.08
01.05.2026,26658677,alice.rossi60@proton.me,02.06.2026,05.06.2026,4182,OLYLI1,1339,1732,Booking Payer Error: Brak wymaganego parametru,Olympic Lagoon Limassol Resort,2674.10
18.05.2026,23719833,irene.berg333@gmail.com,15.08.2026,22.08.2026,1178,MELPAL,4119,5704,Improper reservation price.,,1133.04
31.05.2026,71469649,martin.dubois233@yahoo.com,06.06.2026,15.06.2026,1426,HILAB1,1027,1732,Booking Payer Error: Brak wymaganego parametru,Hilton Abu Dhabi Resort,3034.38
05.05.2026,82724512,james.wilson874@proton.me,16.04.2026,30.04.2026,1045,jaztab,2489,1755,Booking Create Error: Brak możliwości założenia rezerwacji winterfejsie.,Jaz Taba,3435.39
25.05.2026,47691414,david.lang274@gmail.com,01.06.2026,04.06.2026,1045,STESHA,3504,5704,Improper reservation price.,Steigenberger Sharm El Sheikh,3054.11
12.05.2026,62428709,michael.petrov672@proton.me,13.05.2026,27.05.2026,2247,valsic,7149,1155,Not enough allotment,Valtur Sicily,2276.53
10.05.2026,17055329,alice.wagner164@gmail.com,29.06.2026,04.07.2026,1178,BAHCO1,3296,1155,Not enough allotment,Bahia Principe Costa del Sol,3896.47
23.05.2026,12864439,marta.johnson281@yahoo.com,19.07.2026,02.08.2026,2247,MANVEN,2245,1054,Contractor calculation error.,Mangia's Resorts Venice,2138.51
08.05.2026,11395331,david.kozlov924@outlook.com,04.04.2026,07.04.2026,2653,VIDVIL,5820,1732,  Booking Payer Error: Brak wymaganego parametru  ,Vidamar Resorts Vilamoura,798.00
04.05.2026,96198970,david.larsen848@icloud.com,25.04.2026,30.04.2026,1301,CRYALA,6464,1155,Not enough allotment,Crystal Hotels Alanya,2336.21
17.05.2026,23946443,john.wagner153@yahoo.com,23.07.2026,28.07.2026,1301,DELBOD,2891,1054,Contractor calculation error.,Delphin Bodrum,
02.05.2026,39815643,john.kravets404@yahoo.com,10.06.2026,24.06.2026,1045,SUNELX,3340,,Improper reservation price.,Sunwing El Gouna,3336.07
10.05.2026,80130705,claire.kowalski939@yahoo.com,29.05.2026,12.06.2026,2653,PESCA1,5658,1732,Booking Payer Error: Brak wymaganego parametru,Pestana Cascais Resort,1449.17
19.05.2026,57411092,olga.schmidt743@gmail.com,28.04.2026,01.05.2026,1426,addabu,6753,1054,Contractor calculation error.,Address Hotels Abu Dhabi,946.77
06.05.2026,88172993,alice.berg911@hotmail.com,18.07.2026,01.08.2026,1178,NHBENX,2588,1732,Booking Payer Error: Brak wymaganego parametru,NH Collection Benidorm,
03.05.2026,71879545,thomas.meyer815@hotmail.com,28.04.2026,03.05.2026,1178,HBENXX,8579,5704,Improper reservation price.,H10 Hotels Benidorm,1066.01
29.05.2026,40591787,robert.bakker492@icloud.com,30.06.2026,03.07.2026,1301,LIMKEM,4346,1054,Contractor calculation error.,Limak Kemer,3361.56
15.05.2026,44141277,george.berg811@gmail.com,15.07.2026,20.07.2026,1045,BARMAR,5741,5704,Improper reservation price.,Baron Resort Marsa Alam,2731.72
10.05.2026,75294487,peter.berg831@proton.me,04.08.2026,13.08.2026,1045,STESHA,3504,1732,Booking Payer Error: Brak wymaganego parametru,Steigenberger Sharm El Sheikh,2598.44
07.05.2026,77089857,thomas.larsen879@gmail.com,22.06.2026,25.06.2026,1045,CORMAR,6925,1054,Contractor calculation error.,Coral Sea Marsa Alam,"3589,05"
14.05.2026,37355760,paul.kravets729@gmail.com,12.06.2026,15.06.2026,1045,SUNSH1,6930,1155,Not enough allotment,Sunwing Sharm El Sheikh,2234.88
11.05.2026,90069881,julia.wilson411@icloud.com,15.07.2026,29.07.2026,1426,RADABU,6425,1155,Not enough allotment,Radisson Blu Abu Dhabi,370.69
29.05.2026,61041742,paul.johnson869@gmail.com,08.06.2026,17.06.2026, 1178,MELGRA,4681,1225,There is already such a booking for this agent.,Meliá Gran Canaria,923.03
04.05.2026,70362235,david.wilson620@icloud.com,15.08.2026,18.08.2026,1178,IBEBEN,6804,1225,There is already such a booking for this agent.,,3840.75
17.05.2026,37981761,michael.wagner999@proton.me,22.06.2026,01.07.2026,1714,BLUMAK,7790,1155,Not enough allotment,Bluesun Makarska,3901.35
23.05.2026,20043277,thomas.costa710@icloud.com,13.05.2026,18.05.2026,2653,VILALB,4937,1755,Booking Create Error: Brak możliwości założenia rezerwacji winterfejsie.,Vila Vita Parc Albufeira,2104.49
28.05.2026,81771078,simon.fischer934@outlook.com,07.07.2026,16.07.2026,1301,MAXALA,8491,1755,Booking Create Error: Brak możliwości założenia rezerwacji winterfejsie.,Maxx Royal Alanya,1127.09
08.05.2026,37955709,daniel.moretti145@yahoo.com,28.05.2026,31.05.2026,1045,DANMAR,3266,1054,Contractor calculation error.,Dana Beach Marsa Alam,3535.39
18.05.2026,26943702,daniel.dubois792@outlook.com,04.07.2026,11.07.2026,2247,UNAROM,2876,1155,Not enough allotment,UNA Hotels Rome,1105.48
14.05.2026,82483315,irene.keller689@proton.me,24.03.2026,29.03.2026,1301,RIXSID,6617,,  Improper reservation price.  ,Rixos Side,263.06 PLN
08.05.2026,66433162,laura.johnson677@icloud.com,24.06.2026,01.07.2026,1178,OCCBEN,6413,8056,Wrong room configuration,Occidental Benidorm,"2203,06"
26.05.2026,61128792,peter.larsen40@gmail.com,12.07.2026,21.07.2026,1178,NHGRAX,7537,1225,There is already such a booking for this agent.,NH Collection Gran Canaria,3124.37
06.05.2026,12082372,laura.wilson666@hotmail.com,30.06.2026,03.07.2026,1178,NHGRAX,7537,1225,There is already such a booking for this agent.,NH Collection Gran Canaria,1517.45
24.05.2026,68569514,mark.wilson808@icloud.com,07.07.2026,10.07.2026, 1301,VOYAN1,5291,1054,Contractor calculation error.,Voyage Antalya Resort,1934.17
21.05.2026,26385947,zofia.meyer124@hotmail.com,18.04.2026,25.04.2026,1714,AMAPO1,3267,5704,Improper reservation price.,Amadria Park Porec Resort,
31.05.2026,54002223,martin.roth70@proton.me,10.05.2026,15.05.2026,1301,LIMANT,2697,1467,  Booking Complete Error: Error Message : StopSale.  ,Limak Antalya,2512.30
02.05.2026,87594146,john.bianchi878@hotmail.com,10.08.2026,15.08.2026,1178,BAHBEN,6539,1054,Contractor calculation error.,Bahia Principe Benidorm,4082.04
28.05.2026,36962876,paul.rossi516@hotmail.com,01.08.2026,06.08.2026,1178,OCCFUE,5073,1467,Booking Complete Error: Error Message : StopSale.,Occidental Fuerteventura,1078.37
23.05.2026,42158208,sophie.johnson684@outlook.com,05.06.2026,10.06.2026,2653,VILALB,4937,1155,Not enough allotment,,1703.37
06.05.2026,55752308,thomas.wilson491@yahoo.com,30.07.2026,02.08.2026,4182,LOUPR1,8172,1467,Booking Complete Error: Error Message : StopSale.,Louis Hotels Protaras Resort,1807.46
08.05.2026,42018064,simon.garcia964@gmail.com,04.06.2026,07.06.2026,1301,LIMKE1,8007,1054,Contractor calculation error.,Limak Kemer Resort,267.45
06.05.2026,75811260,zofia.dubois171@hotmail.com,20.06.2026,27.06.2026,1178,BAHCOS,4981,5704,Improper reservation price.,Bahia Principe Costa Brava,2046.36
19.05.2026,52510825,andrew.novak738@proton.me,09.05.2026,18.05.2026,2247,BAGRIM,4571,1155,  Not enough allotment  ,Baglioni Hotels Rimini,2364.49
04.05.2026,99526680,james.costa842@gmail.com,25.03.2026,28.03.2026,1426,ADDRA1,8144,1155,Not enough allotment,Address Hotels Ras Al Khaimah Resort,1713.72
05.05.2026,90721220,alice.fischer240@gmail.com,29.07.2026,03.08.2026,2653,VIDALB,2976,1155,Not enough allotment,,3844.55
20.05.2026,22848155,sophie.moretti143@hotmail.com,11.05.2026,14.05.2026,2653,PESCA1,5658,1155,NOT ENOUGH ALLOTMENT,Pestana Cascais Resort,1793.45
13.05.2026,65714968,john.smith501@proton.me,08.05.2026,17.05.2026,1178,MELGRA,4681,5704,Improper reservation price.,Meliá Gran Canaria,2866.03
25.05.2026,71024383,daniel.lang459@gmail.com,09.06.2026,16.06.2026,1301,DELBOD,2891,1155,Not enough allotment,Delphin Bodrum,3918.00
22.05.2026,50176369,elena.lang594@yahoo.com,14.06.2026,21.06.2026,1178,RIUCOS,8062,1467,Booking Complete Error: Error Message : StopSale.,RIU Costa Brava,4087.07
12.05.2026,11504836,sophie.fischer391@proton.me,25.05.2026,28.05.2026,2653, PESAL1 ,8216,1732,Booking Payer Error: Brak wymaganego parametru,,3989.81 PLN
30.05.2026,76520220,claire.keller260@outlook.com,04.06.2026,13.06.2026,1301,CRYAN1,3143,1467,Booking Complete Error: Error Message : StopSale.,Crystal Hotels Antalya Resort,813.01
28.05.2026,54002223,robert.berg544@outlook.com,10.05.2026,15.05.2026,1301,LIMANT,2697,1755,Booking Create Error: Brak możliwości założenia rezerwacji winterfejsie.,Limak Antalya,2512.30
06.05.2026,89362602,claire.kowalski145@hotmail.com,05.07.2026,14.07.2026,4182,ATLLAR,4683,1155,Not enough allotment,Atlantica Larnaca,3986.60
27.05.2026,23772145,kate.wagner800@icloud.com,20.07.2026,29.07.2026,1045,BARMA1,7304,1155,Not enough allotment,Baron Resort Makadi Bay Resort,1957.79
07.05.2026,86634749,andrew.bakker849@hotmail.com,20.04.2026,23.04.2026,2653,VILLIS,6169,5704,Improper reservation price.,Vila Vita Parc Lisbon,"3151,20"
16.05.2026,76323560,daniel.novak442@yahoo.com,04.07.2026,13.07.2026,1045,corsha,9830,5704,Improper reservation price.,Coral Sea Sharm El Sheikh,718.12
08.05.2026,40323831,elena.keller366@gmail.com,19.03.2026,24.03.2026,1426,ROTSHA,9346,1054,Contractor calculation error.,Rotana Sharjah,"3343,21"
14.05.2026,45075212,michael.schmidt254@hotmail.com,18.08.2026,23.08.2026,1426,ROTDU1,6967,1732,Booking Payer Error: Brak wymaganego parametru,Rotana Dubai Resort,"2641,47"
07.05.2026,87256690,julia.schmidt149@yahoo.com,19.06.2026,26.06.2026,1045,DANHUR,2139,5704,Improper reservation price.,Dana Beach Hurghada,2127.83
02.05.2026,22131317,claire.andersen182@proton.me,06.05.2026,09.05.2026,2653,PESALB,8434,1155,Not enough allotment,Pestana Albufeira,
22.05.2026,87240111,marta.schmidt332@gmail.com,07.07.2026,16.07.2026,1178,BARBEN,4608,1155,Not enough allotment,Barceló Benidorm,"2292,64"
08.05.2026,86886722,anna.kravets448@yahoo.com,25.05.2026,08.06.2026,1178,IBECO1,2235,1155,Not enough allotment,Iberostar Costa del Sol,"3843,95"
21.05.2026,58698638,sophie.roth3@hotmail.com,28.05.2026,04.06.2026,1301,DELSID,9004,1155,Not enough allotment,Delphin Side,3556.49
14.05.2026,27076619,peter.andersen177@yahoo.com,24.05.2026,27.05.2026,1045,danmak,3677,1155,Not enough allotment,Dana Beach Makadi Bay,1993.43
10.05.2026,43004158,peter.wilson896@outlook.com,23.06.2026,07.07.2026,2247,MANROM,6688,1225,There is already such a booking for this agent.,Mangia's Resorts Rome,3650.54
12.05.2026,12244018,andrew.costa799@yahoo.com,15.04.2026,20.04.2026,2653,DOMFUN,5530,1054,Contractor calculation error.,Dom Pedro Funchal (Madeira),1034.77
06.05.2026,83504237,olga.novak169@outlook.com,29.05.2026,01.06.2026,1178,IBECO1,2235,1155,NOT ENOUGH ALLOTMENT,Iberostar Costa del Sol,
26.05.2026,26768494,peter.johnson767@hotmail.com,13.07.2026,16.07.2026,1714,SUNMA4,4919,1467,  Booking Complete Error: Error Message : StopSale.  ,Sun Gardens Makarska Resort,"3778,50"
22.05.2026,11504836,anna.johnson377@yahoo.com,25.05.2026,28.05.2026,2653,PESAL1,8216,5704,Improper reservation price.,Pestana Albufeira Resort,"3989,81"
08.05.2026,93806250,michael.moretti208@outlook.com,09.05.2026,12.05.2026, 4182,CONPR1,1423,1755,Booking Create Error: Brak możliwości założenia rezerwacji winterfejsie.,Constantinou Bros Protaras Resort,3382.47
11.05.2026,95704631,elena.moretti26@hotmail.com,19.06.2026,28.06.2026,1426, AJMFU1 ,4228,5704,IMPROPER RESERVATION PRICE.,Ajman Saray Fujairah Resort,3964.15
30.05.2026,23249368,anna.wilson857@yahoo.com,14.08.2026,23.08.2026,2247,VALROM,2983,1155,Not enough allotment,Valtur Rome,"3136,69"
27.05.2026,60557040,michael.bakker720@proton.me,22.04.2026,06.05.2026,1045,CORSHA,9830,1054,Contractor calculation error.,Coral Sea Sharm El Sheikh,"2791,80"
22.05.2026,46283956,nina.johnson798@outlook.com,14.04.2026,23.04.2026,1178,RIUGRA,4139,1054,Contractor calculation error.,RIU Gran Canaria,2542.93
04.05.2026,77698729,peter.rossi259@yahoo.com,17.06.2026,20.06.2026,1301, MAXBOD ,6718,1755,Booking Create Error: Brak możliwości założenia rezerwacji winterfejsie.,Maxx Royal Bodrum,"3277,83"
13.05.2026,93949472,chris.petrov345@gmail.com,11.04.2026,20.04.2026,1301,VOYALA,5333,1755,Booking Create Error: Brak możliwości założenia rezerwacji winterfejsie.,Voyage Alanya,3348.42
23.05.2026,86292537,elena.wagner115@hotmail.com,05.08.2026,12.08.2026,1045,CORMA1,2040,1054,Contractor calculation error.,Coral Sea Marsa Alam Resort,2096.59
15.05.2026,30858205,andrew.rossi633@outlook.com,24.06.2026,27.06.2026,1045, DANMAK ,3677,1155,Not enough allotment,Dana Beach Makadi Bay,726.14
17.05.2026,29611920,paul.garcia981@hotmail.com,22.07.2026,05.08.2026,1178,BAHCO1,3296,1225,THERE IS ALREADY SUCH A BOOKING FOR THIS AGENT.,Bahia Principe Costa del Sol,-3345.55
13.05.2026,89794795,marta.smith500@proton.me,02.06.2026,16.06.2026,4182,AMAPA2,2494,1225,There is already such a booking for this agent.,Amara Paphos Beach,1346.50
07.05.2026,95995513,james.johnson917@proton.me,03.09.2026,12.09.2026,4182,ATLPA1,3973,1467,Booking Complete Error: Error Message : StopSale.,Atlantica Paphos Resort,1753.11
03.05.2026,91228073,john.johnson941@proton.me,03.06.2026,08.06.2026,1178,MELFUE,5562,5704,Improper reservation price.,Meliá Fuerteventura,533.40
03.05.2026,92242860,nina.berg483@proton.me,30.05.2026,06.06.2026,1045,BARMAK,4150,1755,Booking Create Error: Brak możliwości założenia rezerwacji winterfejsie.,Baron Resort Makadi Bay,1290.13
16.05.2026,66143368,laura.meyer917@hotmail.com,01.07.2026,15.07.2026,1301,VOYALA,5333,1467,Booking Complete Error: Error Message : StopSale.,Voyage Alanya,2397.40
26.05.2026,59430703,robert.kowalski80@hotmail.com,15.08.2026,18.08.2026,1045,CORHUR,8428,1155,  Not enough allotment  ,Coral Sea Hurghada,591.59
03.05.2026,14216463,kate.kozlov741@icloud.com,19.06.2026,22.06.2026,1301,BARBEL,5325,1732,Booking Payer Error: Brak wymaganego parametru,Barut Hotels Belek,2542.39
05.05.2026,17003454,martin.rossi280@icloud.com,06.06.2026,13.06.2026,1045,SUNSHA,6977,1225,There is already such a booking for this agent.,Sunrise Sharm El Sheikh,2782.66
11.05.2026,31193066,paul.bakker475@outlook.com,08.06.2026,13.06.2026,1301,RIXBOD,8179,1155,Not enough allotment,Rixos Bodrum,825.78
17.05.2026,36252367,george.muller501@hotmail.com,22.06.2026,29.06.2026,1045,BARSHA,7227,5704,Improper reservation price.,Baron Resort Sharm El Sheikh,1306.77
23.05.2026,48983895,john.petrov947@icloud.com,06.06.2026,11.06.2026,1426,RADSHA,5279,5704,Improper reservation price.,Radisson Blu Sharjah,416.16
13.05.2026,73461082,claire.roth392@hotmail.com,27.04.2026,02.05.2026,1426,ROTSH1,7691,1054,Contractor calculation error.,Rotana Sharjah Resort,1858.31
04.05.2026,38282501,david.moretti371@gmail.com,15.07.2026,18.07.2026,1178,MELBEN,2982,1467,Booking Complete Error: Error Message : StopSale.,Meliá Benidorm,2709.13
07.05.2026,80643537,anna.weber13@outlook.com,19.07.2026,22.07.2026,1045,JAZHUR,4456,8056,Wrong room configuration,Jaz Hurghada,2408.01
20.05.2026,29108179,simon.bakker390@outlook.com,27.07.2026,01.08.2026,1301,RIXANT,1058,5704,Improper reservation price.,Rixos Antalya,1724.56
14.05.2026,69327130,robert.keller148@proton.me,12.06.2026,19.06.2026,4182,OLYPAP,9922,1732,Booking Payer Error: Brak wymaganego parametru,Olympic Lagoon Paphos,1817.60
13.05.2026,62834161,george.muller464@yahoo.com,23.04.2026,02.05.2026,1301,TITANT,8508,1732,Booking Payer Error: Brak wymaganego parametru,Titanic Antalya,"4008,26"
21.05.2026,11837545,thomas.weber880@outlook.com,20.07.2026,25.07.2026, 1178,RIUTEN,5061,5704,Improper reservation price.,RIU Tenerife,1333.44
04.05.2026,48984039,paul.rossi61@gmail.com,05.06.2026,19.06.2026,1178,NHCOSX,8651,1755,  Booking Create Error: Brak możliwości założenia rezerwacji winterfejsie.  ,NH Collection Costa del Sol,"1784,61"
20.05.2026,91796786,michael.fischer738@yahoo.com,16.05.2026,21.05.2026,1301,BARANT,5272,1155,Not enough allotment,Barut Hotels Antalya,2047.21 PLN
06.05.2026,90893760,andrew.nowak747@outlook.com,13.06.2026,18.06.2026,1426,ROTSHA,9346,1155,Not enough allotment,Rotana Sharjah,2779.11
30.05.2026,47228655,george.smith586@proton.me,02.06.2026,11.06.2026,1178,MELTEN,2545,5704,Improper reservation price.,Meliá Tenerife,"2801,37"
02.05.2026,75961801,daniel.kozlov383@icloud.com,08.05.2026,15.05.2026,2653,VILALB,4937,5704,IMPROPER RESERVATION PRICE.,Vila Vita Parc Albufeira,1847.99
02.05.2026,16833849,martin.johnson456@hotmail.com,22.04.2026,25.04.2026, 1178,OCCTEN,7118,1225,There is already such a booking for this agent.,Occidental Tenerife,3120.01
08.05.2026,32586394,irene.petrov9@gmail.com,12.06.2026,26.06.2026,1178,BAHCOS,4981,5704,Improper reservation price.,Bahia Principe Costa Brava,1681.53 PLN
15.05.2026,67573535,claire.roth391@outlook.com,06.06.2026,20.06.2026,1301,MAXBOD,6718,1054,Contractor calculation error.,Maxx Royal Bodrum,1156.47
09.05.2026,73446008,marta.schmidt253@icloud.com,10.05.2026,19.05.2026,1301,VOYMAR,2753,8056,Wrong room configuration,,456.92
10.05.2026,99206059,zofia.keller817@outlook.com,05.04.2026,19.04.2026,1301,TITBEL,3200,1732,Booking Payer Error: Brak wymaganego parametru,Titanic Belek,3972.04
20.05.2026,54486784,maria.smith522@yahoo.com,12.05.2026,19.05.2026,1045,DANHU1,7252,1155,NOT ENOUGH ALLOTMENT,Dana Beach Hurghada Resort,1014.24
07.05.2026,14531191,nina.dubois619@proton.me,08.05.2026,13.05.2026, 2653,DOMPO1,8690,1155,Not enough allotment,Dom Pedro Porto Resort,4034.48
29.05.2026,83649706,james.wagner240@outlook.com,05.07.2026,14.07.2026,1714,sunma3,8461,1732,Booking Payer Error: Brak wymaganego parametru,Sun Gardens Makarska,"3460,18"
17.05.2026,56089546,mark.meyer584@gmail.com,23.05.2026,01.06.2026,1045,JAZHUR,4456,1155,Not enough allotment,Jaz Hurghada,574.64
25.05.2026,75657473,sophie.rossi831@gmail.com,23.07.2026,06.08.2026,1301,VOYALA,5333,5704,Improper reservation price.,Voyage Alanya,2390.98
16.05.2026,58866576,chris.andersen24@proton.me,22.07.2026,25.07.2026,1426,MARDU1,9518,5704,  Improper reservation price.  ,Marriott Dubai Resort,371.01
09.05.2026,92212681,marta.keller600@proton.me,27.06.2026,04.07.2026,1178,BAHPAL,9786,1755,Booking Create Error: Brak możliwości założenia rezerwacji winterfejsie.,Bahia Principe Palma de Mallorca,3982.31
10.05.2026,10462685,mark.kozlov952@gmail.com,07.05.2026,16.05.2026, 1714,amapo1,3267,1467,  Booking Complete Error: Error Message : StopSale.  ,Amadria Park Porec Resort,805.35
22.05.2026,47501633,anna.bakker196@yahoo.com,28.05.2026,11.06.2026,1178, MELCO1 ,7735,1225,There is already such a booking for this agent.,Meliá Costa Brava,"895,95"
10.05.2026,86911446,daniel.bianchi37@hotmail.com,11.05.2026,20.05.2026,1301,TITANT,8508,8056,Wrong room configuration,Titanic Antalya,2019.99
21.05.2026,95895163,paul.bakker311@yahoo.com,18.04.2026,25.04.2026,1714,SUNZAD,9270,1755,Booking Create Error: Brak możliwości założenia rezerwacji winterfejsie.,Sun Gardens Zadar,2643.07
04.05.2026,12037384,james.wagner508@proton.me,23.05.2026,26.05.2026,1301,LIMBOD,2127,5704,Improper reservation price.,Limak Bodrum,2319.84
06.05.2026,89865944,olga.wilson878@outlook.com,23.05.2026,28.05.2026,1045,STEMAR,3287,1155,Not enough allotment,Steigenberger Marsa Alam,1268.65
23.05.2026,21677833,simon.andersen228@outlook.com,29.05.2026,12.06.2026,1426,RADDU1,6143,1755,Booking Create Error: Brak możliwości założenia rezerwacji winterfejsie.,Radisson Blu Dubai Resort,882.26
18.05.2026,73013475,thomas.bakker553@outlook.com,12.04.2026,21.04.2026,1426,HILAB1,1027,1467,Booking Complete Error: Error Message : StopSale.,Hilton Abu Dhabi Resort,3803.22 PLN
11.05.2026,89463428,alice.petrov980@icloud.com,12.04.2026,26.04.2026,1714,BLUZAD,9976,1732,Booking Payer Error: Brak wymaganego parametru,Bluesun Zadar,"768,45"
16.05.2026,56654498,chris.kozlov29@proton.me,10.07.2026,13.07.2026,1045,JAZHUR,4456,1155,Not enough allotment,Jaz Hurghada,2132.67
31.05.2026,24644917,zofia.schmidt336@hotmail.com,30.06.2026,07.07.2026,1426,AJMABU,2137,1225,There is already such a booking for this agent.,Ajman Saray Abu Dhabi,925.64
11.05.2026,13397006,elena.costa542@outlook.com,08.07.2026,17.07.2026,1045,SUNSHA,6977,1225,There is already such a booking for this agent.,Sunrise Sharm El Sheikh,
06.05.2026,57552019,sophie.bianchi282@gmail.com,28.07.2026,06.08.2026,1714,AMARO1,8939,1155,  Not enough allotment  ,Amadria Park Rovinj Resort,626.34
28.05.2026,63048394,robert.fischer475@gmail.com,05.06.2026,10.06.2026,1714,amapo1,3267,1778,Booking Complete Error: Zablokowano allotment online.,Amadria Park Porec Resort,433.38
01.05.2026,47811079,marta.bakker860@yahoo.com,12.06.2026,26.06.2026, 1714,FALROV,9486,1467,  Booking Complete Error: Error Message : StopSale.  ,Falkensteiner Rovinj,"1417,97"
17.05.2026,54074654,anna.larsen470@gmail.com,21.06.2026,24.06.2026,1301,CRYKEM,5462,1155,Not enough allotment,,"300,17"
04.05.2026,43096758,laura.bianchi800@gmail.com,23.07.2026,28.07.2026,4182,atllar,4683,5704,Improper reservation price.,Atlantica Larnaca,2128.73
25.05.2026,38135317,robert.garcia660@outlook.com,16.07.2026,19.07.2026,1178,HCOSXX,7939,1155,Not enough allotment,H10 Hotels Costa del Sol,2875.72 PLN
08.05.2026,52936392,irene.meyer243@outlook.com,05.07.2026,12.07.2026,1178,MELCO1,7735,1467,BOOKING COMPLETE ERROR: ERROR MESSAGE : STOPSALE.,Meliá Costa Brava,3229.88
27.05.2026,38916427,simon.moretti673@yahoo.com,06.05.2026,13.05.2026, 1045,SUNHUR,7065,5704,Improper reservation price.,Sunrise Hurghada,2131.14
12.05.2026,80174055,john.larsen143@outlook.com,03.06.2026,06.06.2026,1426,ROTABU,3925,1155,Not enough allotment,Rotana Abu Dhabi,2822.64
15.05.2026,22085984,michael.keller779@icloud.com,12.08.2026,15.08.2026,2653, DOMAL1 ,5136,1778,Booking Complete Error: Zablokowano allotment online.,Dom Pedro Albufeira Resort,2110.68
26.05.2026,81862114,david.lang171@outlook.com,11.05.2026,16.05.2026,2653,DOMCA1,3939,1467,  Booking Complete Error: Error Message : StopSale.  ,Dom Pedro Cascais Resort,2398.47
02.05.2026,36450788,peter.fischer233@proton.me,11.03.2026,20.03.2026,1301,BARBEL,5325,1054,Contractor calculation error.,Barut Hotels Belek,-1357.44
14.05.2026,65335261,paul.kowalski723@outlook.com,19.05.2026,02.06.2026,1301,BARKEM,9666,1225,  There is already such a booking for this agent.  ,Barut Hotels Kemer,3779.09
24.05.2026,31757048,anna.weber815@hotmail.com,29.03.2026,05.04.2026,1045,HILSHA,1916,1225,There is already such a booking for this agent.,Hilton Sharm El Sheikh,1141.32
25.05.2026,80841442,thomas.dubois244@icloud.com,20.06.2026,23.06.2026,1045,PICSHA,6820,1054,Contractor calculation error.,Pickalbatros Sharm El Sheikh,4141.33
22.05.2026,52977013,nina.muller501@proton.me,24.07.2026,29.07.2026,1426,AJMABU,2137,1155,  Not enough allotment  ,Ajman Saray Abu Dhabi,2445.98 PLN
28.05.2026,49219254,olga.novak717@gmail.com,14.04.2026,17.04.2026, 1045,DANHU1,7252,1054,Contractor calculation error.,Dana Beach Hurghada Resort,"755,69"
12.05.2026,45155901,daniel.wilson387@hotmail.com,22.05.2026,31.05.2026,4182,CONLI1,6280,1155,  Not enough allotment  ,Constantinou Bros Limassol Resort,2142.83
01.05.2026,51034327,david.wilson747@yahoo.com,11.04.2026,20.04.2026,1426,jumabu,9785,1054,  Contractor calculation error.  ,Jumeirah Abu Dhabi,1863.95
11.05.2026,49500723,anna.berg95@outlook.com,15.03.2026,20.03.2026,1045,SUNMA2,2796,1755,Booking Create Error: Brak możliwości założenia rezerwacji winterfejsie.,Sunwing Makadi Bay,-3452.05
29.05.2026,42466665,michael.meyer724@hotmail.com,13.06.2026,22.06.2026,1045,SUNMA1,9179,1155,Not enough allotment,Sunrise Marsa Alam,1107.20
20.05.2026,10459152,martin.larsen123@yahoo.com,02.04.2026,11.04.2026,2653,DOMVI1,3073,1755,Booking Create Error: Brak możliwości założenia rezerwacji winterfejsie.,Dom Pedro Vilamoura Resort,2472.71
21.05.2026,89463428,claire.bianchi297@gmail.com,12.04.2026,26.04.2026,1714,BLUZAD,9976,1467,Booking Complete Error: Error Message : StopSale.,Bluesun Zadar,768.45 PLN
09.05.2026,56344378,daniel.larsen753@hotmail.com,07.04.2026,10.04.2026,1301,TITBEL,3200,1755,Booking Create Error: Brak możliwości założenia rezerwacji winterfejsie.,Titanic Belek,"2592,38"
28.05.2026,96519508,emma.kozlov623@outlook.com,21.04.2026,28.04.2026,1301,barsid,1832,1755,Booking Create Error: Brak możliwości założenia rezerwacji winterfejsie.,Barut Hotels Side,582.78
04.05.2026,72013345,daniel.andersen157@outlook.com,27.04.2026,04.05.2026,1178,NHCOS1,2604,1755,  Booking Create Error: Brak możliwości założenia rezerwacji winterfejsie.  ,NH Collection Costa Brava,"1042,56"
13.05.2026,14962333,marta.kowalski453@gmail.com,13.06.2026,18.06.2026,1301,CRYMAR,4492,1467,Booking Complete Error: Error Message : StopSale.,Crystal Hotels Marmaris,2004.40
25.05.2026,12722568,paul.dubois405@icloud.com,02.06.2026,07.06.2026,2247,NHROM1,9817,5704,Improper reservation price.,,2527.65
06.05.2026,33333727,mark.weber920@gmail.com,25.07.2026,08.08.2026,2247,ROCSIC,3496,5704,Improper reservation price.,Rocco Forte Sicily,1737.81
06.05.2026,38614869,marta.moretti508@outlook.com,11.04.2026,14.04.2026,2653,pespo1,2680,1155,Not enough allotment,Pestana Porto Resort,2138.10
22.05.2026,91212919,peter.moretti321@proton.me,30.06.2026,14.07.2026,1045,HILHUR,5422,1155,Not enough allotment,Hilton Hurghada,3574.77
16.05.2026,39108314,nina.fischer82@hotmail.com,22.07.2026,27.07.2026,1301,CRYANT,7868,8056,Wrong room configuration,Crystal Hotels Antalya,2576.01
29.05.2026,71113711,laura.moretti100@icloud.com,26.05.2026,02.06.2026,2653,VILCAS,4986,1155,Not enough allotment,Vila Vita Parc Cascais,3347.87
31.05.2026,57552019,maria.rossi349@icloud.com,28.07.2026,06.08.2026, 1714,AMARO1,8939,1155,Not enough allotment,Amadria Park Rovinj Resort,626.34
23.05.2026,96290143,sophie.garcia490@outlook.com,17.03.2026,22.03.2026,2653,VILAL1,4180,1054,Contractor calculation error.,Vila Vita Parc Albufeira Resort,"2529,89"
20.05.2026,18816617,martin.costa74@icloud.com,17.04.2026,24.04.2026,4182,ATLLAR,4683,1755,  Booking Create Error: Brak możliwości założenia rezerwacji winterfejsie.  ,Atlantica Larnaca,3895.87 PLN
14.05.2026,44534994,david.larsen311@yahoo.com,26.06.2026,05.07.2026,1426,ROTDUB,4652,8056,Wrong room configuration,Rotana Dubai,2765.21
15.05.2026,63998141,sophie.muller345@outlook.com,11.06.2026,16.06.2026,1301, LIMBOD ,2127,1778,  Booking Complete Error: Zablokowano allotment online.  ,Limak Bodrum,"3002,87"
17.05.2026,86164433,olga.kowalski395@outlook.com,12.05.2026,21.05.2026,1426,ADDDU1,8066,5704,Improper reservation price.,Address Hotels Dubai Resort,3391.20
25.05.2026,57526460,michael.wilson94@proton.me,02.05.2026,07.05.2026,2653,VIDCAS,4138,1225,There is already such a booking for this agent.,Vidamar Resorts Cascais,3758.78
26.05.2026,57835087,zofia.dubois996@outlook.com,12.05.2026,21.05.2026,1426,JUMRAS,7548,1054,Contractor calculation error.,Jumeirah Ras Al Khaimah,3273.79
28.05.2026,55350898,emma.muller991@gmail.com,11.04.2026,20.04.2026,1178,IBEFUE,5563,1155,  Not enough allotment  ,,2265.32
19.05.2026,11345171,daniel.nowak218@outlook.com,20.05.2026,23.05.2026, 1178,HCOSXX,7939,1054,Contractor calculation error.,H10 Hotels Costa del Sol,788.33
12.05.2026,97011385,zofia.wilson810@outlook.com,05.05.2026,14.05.2026,1045,DANELX,4814,1467,  Booking Complete Error: Error Message : StopSale.  ,Dana Beach El Gouna,1266.20
15.05.2026,29357510,michael.wilson186@yahoo.com,12.04.2026,19.04.2026,1178,BAHPAL,9786,5704,Improper reservation price.,Bahia Principe Palma de Mallorca,616.73
11.05.2026,61096850,david.kravets990@icloud.com,14.07.2026,19.07.2026,1045,PICMAR,2169,1732,Booking Payer Error: Brak wymaganego parametru,Pickalbatros Marsa Alam,2258.73
21.05.2026,52869611,alice.bakker984@proton.me,11.07.2026,18.07.2026,1178,barben,4608,5704,Improper reservation price.,Barceló Benidorm,3293.47 PLN
09.05.2026,77978901,emma.costa914@yahoo.com,24.05.2026,27.05.2026,2653, TIVAL1 ,4020,1155,Not enough allotment,Tivoli Albufeira Resort,2665.72
27.05.2026,48761035,alice.wilson985@hotmail.com,04.07.2026,07.07.2026,1301,BARALA,3144,1732,Booking Payer Error: Brak wymaganego parametru,Barut Hotels Alanya,3912.53
24.05.2026,62872219,mark.meyer950@hotmail.com,25.04.2026,02.05.2026,1426,AJMAB1,5920,1155,  Not enough allotment  ,Ajman Saray Abu Dhabi Resort,519.43
08.05.2026,62437549,zofia.larsen561@outlook.com,11.06.2026,25.06.2026,1178,OCCIBI,2612,1732,Booking Payer Error: Brak wymaganego parametru,Occidental Ibiza,3763.87
18.05.2026,86840413,martin.weber113@hotmail.com,21.06.2026,26.06.2026, 2247,BAGVEN,8758,5704,Improper reservation price.,Baglioni Hotels Venice,"3708,71"
08.05.2026,35288872,george.keller976@hotmail.com,26.05.2026,31.05.2026,1045,SUNTA1,3664,1467,Booking Complete Error: Error Message : StopSale.,Sunwing Taba,3390.67
17.05.2026,73115666,elena.smith828@yahoo.com,01.05.2026,15.05.2026,1714,RADMA1,2052,1467,Booking Complete Error: Error Message : StopSale.,Radisson Blu Makarska Resort,
02.05.2026,40234460,olga.garcia414@outlook.com,29.07.2026,01.08.2026,1714,RADRO1,4505,1225,There is already such a booking for this agent.,Radisson Blu Rovinj Resort,3364.62
29.05.2026,47255211,zofia.garcia191@yahoo.com,17.05.2026,22.05.2026,1178,BARCOS,8744,1225,THERE IS ALREADY SUCH A BOOKING FOR THIS AGENT.,Barceló Costa del Sol,627.16
03.05.2026,94617850,robert.meyer719@icloud.com,19.05.2026,02.06.2026,1301,TITSID,5616,1155,Not enough allotment,Titanic Side,3494.05
12.05.2026,27815365,sophie.rossi286@yahoo.com,13.05.2026,18.05.2026,1301,CRYAN1,3143,5704,Improper reservation price.,Crystal Hotels Antalya Resort,1476.42
06.05.2026,90745413,laura.larsen297@gmail.com,30.06.2026,03.07.2026,1714,RADZA1,8633,1225,There is already such a booking for this agent.,Radisson Blu Zadar Resort,3616.66
13.05.2026,97797117,robert.wilson993@proton.me,03.07.2026,10.07.2026,1714,RADMAK,2988,1732,Booking Payer Error: Brak wymaganego parametru,Radisson Blu Makarska,2654.39
18.05.2026,54371525,claire.rossi11@outlook.com,23.07.2026,06.08.2026,2247,VALSAR,6111,1467,Booking Complete Error: Error Message : StopSale.,Valtur Sardinia,296.39
31.05.2026,39081281,claire.kravets657@proton.me,13.06.2026,18.06.2026,1426,ROTDUB,4652,1467,Booking Complete Error: Error Message : StopSale.,Rotana Dubai,"3071,93"
28.05.2026,28445351,george.muller65@outlook.com,14.06.2026,21.06.2026,1426,RADAB1,5844,5704,Improper reservation price.,Radisson Blu Abu Dhabi Resort,1318.40
30.05.2026,18659440,kate.johnson87@outlook.com,15.07.2026,18.07.2026,2247,BLUSAR,7043,1732,Booking Payer Error: Brak wymaganego parametru,Bluserena Sardinia,2932.73
28.05.2026,34478552,simon.kowalski340@gmail.com,03.05.2026,12.05.2026,1045,SUNSH1,6930,1755,Booking Create Error: Brak możliwości założenia rezerwacji winterfejsie.,Sunwing Sharm El Sheikh,263.86
09.05.2026,83649706,martin.lang809@icloud.com,05.07.2026,14.07.2026,1714,SUNMA3,8461,1054,Contractor calculation error.,Sun Gardens Makarska,3460.18
09.05.2026,63451271,martin.wilson300@proton.me,31.03.2026,05.04.2026,1301,VOYBEL,2200,1732,Booking Payer Error: Brak wymaganego parametru,Voyage Belek,468.84
10.05.2026,17598605,paul.fischer57@proton.me,28.07.2026,11.08.2026,2653,PINLIS,6632,5704,Improper reservation price.,Pine Cliffs Lisbon,"391,85"
27.05.2026,49565649,james.andersen421@icloud.com,28.04.2026,07.05.2026,1178,BARCOS,8744,1054,Contractor calculation error.,Barceló Costa del Sol,646.24
04.05.2026,48193218,andrew.moretti911@yahoo.com,02.06.2026,09.06.2026,1045,SUNMAK,6155,1155,Not enough allotment,Sunrise Makadi Bay,2044.68
12.05.2026,36594858,olga.kowalski998@icloud.com,27.05.2026,03.06.2026,1426,ADDRA1,8144,1225,There is already such a booking for this agent.,Address Hotels Ras Al Khaimah Resort,3065.95
07.05.2026,50856743,anna.nowak492@gmail.com,10.05.2026,24.05.2026, 2653,VILVI1,6582,1732,Booking Payer Error: Brak wymaganego parametru,Vila Vita Parc Vilamoura Resort,"1068,44"
27.05.2026,82782058,paul.fischer462@hotmail.com,02.09.2026,11.09.2026,1714,VALDUB,3417,1225,There is already such a booking for this agent.,Valamar Dubrovnik,"1860,91"
23.05.2026,95444170,thomas.bianchi178@yahoo.com,05.05.2026,12.05.2026,1426,MARFUJ,5564,1225,There is already such a booking for this agent.,Marriott Fujairah,3031.72
05.05.2026,47121260,nina.kowalski549@proton.me,01.06.2026,15.06.2026,2653,VIDALB,2976,1054,Contractor calculation error.,Vidamar Resorts Albufeira,4059.93
27.05.2026,94509825,claire.wagner960@proton.me,18.07.2026,23.07.2026,1045,JAZMAK,1771,1755,Booking Create Error: Brak możliwości założenia rezerwacji winterfejsie.,Jaz Makadi Bay,1475.67
14.05.2026,41940192,maria.kozlov985@yahoo.com,06.07.2026,15.07.2026,1045,DANELX,4814,5704,Improper reservation price.,Dana Beach El Gouna,3509.41
12.05.2026,99626514,george.andersen736@outlook.com,31.07.2026,03.08.2026,2247,ROCSIC,3496,1155,Not enough allotment,Rocco Forte Sicily,683.86
10.05.2026,36330066,alice.bakker756@gmail.com,13.03.2026,16.03.2026,2653,PINLIS,6632,1155,Not enough allotment,Pine Cliffs Lisbon,"2360,03"
09.05.2026,37050445,emma.johnson398@gmail.com,20.04.2026,29.04.2026,1426,ADDAB1,6067,1467,  Booking Complete Error: Error Message : StopSale.  ,Address Hotels Abu Dhabi Resort,3938.58
29.05.2026,87517348,martin.wagner281@outlook.com,01.08.2026,04.08.2026,1178,NHPALX,9856,1155,Not enough allotment,NH Collection Palma de Mallorca,496.64
14.05.2026,57640750,maria.bianchi98@proton.me,21.05.2026,26.05.2026,4182,CONPAP,2625,1755,Booking Create Error: Brak możliwości założenia rezerwacji winterfejsie.,Constantinou Bros Paphos,3218.52
06.05.2026,37083170,peter.andersen38@hotmail.com,01.05.2026,04.05.2026,1714,AMAZAD,7291,1155,Not enough allotment,Amadria Park Zadar,2507.72 PLN
23.05.2026,59168839,andrew.johnson16@yahoo.com,29.08.2026,12.09.2026,1178,BAHGRA,6107,5704,Improper reservation price.,Bahia Principe Gran Canaria,3348.29 PLN
21.05.2026,88952163,irene.schmidt599@icloud.com,04.08.2026,13.08.2026,1301,MAXBOD,6718,1155,Not enough allotment,Maxx Royal Bodrum,"2457,93"
01.05.2026,40693565,julia.muller256@gmail.com,21.06.2026,24.06.2026,1301,VOYANT,9565,1755,Booking Create Error: Brak możliwości założenia rezerwacji winterfejsie.,Voyage Antalya,3102.32
23.05.2026,91527632,emma.wilson217@outlook.com,26.05.2026,29.05.2026,2653,DOMFUN,5530,1755,BOOKING CREATE ERROR: BRAK MOŻLIWOŚCI ZAŁOŻENIA REZERWACJI WINTERFEJSIE.,Dom Pedro Funchal (Madeira),1403.55
01.05.2026,78321018,irene.smith853@yahoo.com,17.06.2026,24.06.2026,1178,BARPAL,2049,1467,Booking Complete Error: Error Message : StopSale.,Barceló Palma de Mallorca,1324.01
09.05.2026,27321133,anna.kozlov15@hotmail.com,07.05.2026,16.05.2026,1045,sunsh1,6930,1755,BOOKING CREATE ERROR: BRAK MOŻLIWOŚCI ZAŁOŻENIA REZERWACJI WINTERFEJSIE.,Sunwing Sharm El Sheikh,490.27 PLN
17.05.2026,43282231,george.fischer182@gmail.com,11.07.2026,25.07.2026,4182,LOUAYI,5335,5704,Improper reservation price.,Louis Hotels Ayia Napa,-1216.53
06.05.2026,91533503,peter.kravets629@icloud.com,21.07.2026,28.07.2026,1426,JUMDU1,9821,1467,Booking Complete Error: Error Message : StopSale.,Jumeirah Dubai Resort,3813.37
10.05.2026,77551168,nina.bakker971@icloud.com,24.05.2026,29.05.2026,1045,sunelx,3340,1467,Booking Complete Error: Error Message : StopSale.,Sunwing El Gouna,883.38
02.05.2026,91120550,elena.muller680@icloud.com,14.06.2026,21.06.2026,1045,DANELX,4814,1467,Booking Complete Error: Error Message : StopSale.,Dana Beach El Gouna,"321,76"
07.05.2026,34341710,maria.berg496@yahoo.com,22.06.2026,27.06.2026,1045,SUNTA1,3664,1467,Booking Complete Error: Error Message : StopSale.,Sunwing Taba,1151.18
26.05.2026,37367373,irene.novak181@gmail.com,16.07.2026,30.07.2026,1301,TITANT,8508,5704,Improper reservation price.,Titanic Antalya,458.39
14.05.2026,62487600,daniel.muller135@outlook.com,22.07.2026,31.07.2026,1301,RIXBEL,9900,1054,  Contractor calculation error.  ,Rixos Belek,533.70
15.05.2026,81645401,thomas.garcia97@yahoo.com,12.07.2026,21.07.2026,1045,danmak,3677,1054,Contractor calculation error.,Dana Beach Makadi Bay,741.82
24.05.2026,38603141,emma.moretti831@proton.me,15.06.2026,24.06.2026,1045,CORMA1,2040,1755,  Booking Create Error: Brak możliwości założenia rezerwacji winterfejsie.  ,Coral Sea Marsa Alam Resort,2039.92
08.05.2026,53524373,sophie.nowak761@icloud.com,04.06.2026,11.06.2026,4182,amapr1,5415,1467,Booking Complete Error: Error Message : StopSale.,Amara Protaras Resort,3173.59
24.05.2026,63748388,paul.meyer605@proton.me,23.05.2026,26.05.2026,1045,STETAB,4432,1755,Booking Create Error: Brak możliwości założenia rezerwacji winterfejsie.,Steigenberger Taba,291.17
24.05.2026,37122588,maria.larsen658@icloud.com,11.04.2026,14.04.2026,1045,JAZMAR,9085,1155,Not enough allotment,Jaz Marsa Alam,672.87
05.05.2026,70571332,simon.roth548@icloud.com,29.04.2026,02.05.2026,1045,SUNSH1,6930,1225,  There is already such a booking for this agent.  ,Sunwing Sharm El Sheikh,"1583,24"
07.05.2026,66764586,laura.fischer498@hotmail.com,22.05.2026,05.06.2026,1714,FALSPL,8478,1054,CONTRACTOR CALCULATION ERROR.,Falkensteiner Split,1344.72
27.05.2026,39601248,mark.moretti929@outlook.com,25.05.2026,30.05.2026,1426, AJMFUJ ,4728,1225,There is already such a booking for this agent.,Ajman Saray Fujairah,4076.26
28.05.2026,87652255,andrew.andersen429@hotmail.com,08.07.2026,13.07.2026,1301,VOYALA,5333,1467,Booking Complete Error: Error Message : StopSale.,Voyage Alanya,"935,92"
10.05.2026,16812646,chris.kowalski248@hotmail.com,18.04.2026,23.04.2026,1045,SUNMA2,2796,1755,Booking Create Error: Brak możliwości założenia rezerwacji winterfejsie.,Sunwing Makadi Bay,"2258,24"
24.05.2026,39398396,james.petrov301@yahoo.com,14.05.2026,28.05.2026,2653,PINALB,4155,1155,  Not enough allotment  ,Pine Cliffs Albufeira,816.63
03.05.2026,90852623,john.rossi975@proton.me,30.04.2026,05.05.2026,1178,BARPAL,2049,1155,Not enough allotment,Barceló Palma de Mallorca,853.84
04.05.2026,55144993,julia.berg387@yahoo.com,10.07.2026,19.07.2026,1178,OCCTEN,7118,1755,Booking Create Error: Brak możliwości założenia rezerwacji winterfejsie.,Occidental Tenerife,2871.93 PLN
08.05.2026,44913752,mark.rossi178@hotmail.com,28.06.2026,07.07.2026,1301,DELALA,6183,1467,Booking Complete Error: Error Message : StopSale.,Delphin Alanya,2995.93
25.05.2026,17603772,paul.kravets337@icloud.com,26.07.2026,04.08.2026,2247,VALSAR,6111,1054,  Contractor calculation error.  ,Valtur Sardinia,2770.34
31.05.2026,49714236,mark.dubois110@icloud.com,25.05.2026,30.05.2026,1045,HILELX,6168,1467,Booking Complete Error: Error Message : StopSale.,Hilton El Gouna,"2638,86"
20.05.2026,84564805,daniel.weber197@proton.me,24.06.2026,29.06.2026,1301,DELANT,9288,1225,There is already such a booking for this agent.,Delphin Antalya,2847.38 PLN
03.05.2026,46506567,claire.meyer728@icloud.com,12.06.2026,19.06.2026,4182,ANAPR1,9090,1054,Contractor calculation error.,Anassa Protaras Resort,"1077,21"
04.05.2026,37623724,simon.bianchi902@gmail.com,05.06.2026,10.06.2026,1301,RIXKEM,1722,1155,Not enough allotment,Rixos Kemer,3507.51
02.05.2026,16610003,emma.schmidt32@yahoo.com,31.07.2026,14.08.2026,1045,DANHU1,7252,1155,Not enough allotment,Dana Beach Hurghada Resort,3082.65
02.05.2026,99631252,julia.wilson88@outlook.com,29.05.2026,07.06.2026,1045,STETAB,4432,5704,Improper reservation price.,Steigenberger Taba,1894.06
25.05.2026,36882000,julia.muller861@icloud.com,24.08.2026,02.09.2026,1426,AJMABU,2137,1155,  Not enough allotment  ,Ajman Saray Abu Dhabi,3071.90
03.05.2026,53308203,paul.kozlov864@outlook.com,16.08.2026,21.08.2026,1178,NHIBIX,7912,1054,Contractor calculation error.,NH Collection Ibiza,2452.72
28.05.2026,79101242,chris.weber301@proton.me,25.06.2026,02.07.2026, 1045, CORSHA ,9830,1778,Booking Complete Error: Zablokowano allotment online.,Coral Sea Sharm El Sheikh,2993.80
10.05.2026,78299645,kate.moretti250@icloud.com,05.08.2026,12.08.2026,1426,ROTDUB,4652,1225,There is already such a booking for this agent.,Rotana Dubai,3036.38
25.05.2026,77372346,laura.keller248@gmail.com,09.06.2026,18.06.2026,1426,ADDFUJ,8711,1054,Contractor calculation error.,Address Hotels Fujairah,3298.47
18.05.2026,86422772,emma.wagner759@hotmail.com,21.06.2026,26.06.2026,2653,VIDLI1,8843,1467,  Booking Complete Error: Error Message : StopSale.  ,Vidamar Resorts Lisbon Resort,449.63
29.05.2026,31757048,james.rossi194@icloud.com,29.03.2026,05.04.2026,1045,HILSHA,1916,1732,Booking Payer Error: Brak wymaganego parametru,Hilton Sharm El Sheikh,1141.32
20.05.2026,98384904,simon.weber392@outlook.com,10.06.2026,19.06.2026,1301,RIXSID,6617,1467,Booking Complete Error: Error Message : StopSale.,Rixos Side,603.96
30.05.2026,53308203,chris.rossi927@gmail.com,16.08.2026,21.08.2026,1178,NHIBIX,7912,1732,Booking Payer Error: Brak wymaganego parametru,NH Collection Ibiza,2452.72
09.05.2026,50979212,paul.kozlov20@gmail.com,28.05.2026,06.06.2026,1178,BARIBI,4750,1054,Contractor calculation error.,Barceló Ibiza,"2035,65"
18.05.2026,23946443,maria.berg473@outlook.com,23.07.2026,28.07.2026,1301,DELBOD,2891,1155,Not enough allotment,Delphin Bodrum,2597.97
23.05.2026,20724388,andrew.berg637@icloud.com,05.07.2026,10.07.2026,1045,SUNMAR,6313,1155,Not enough allotment,,3401.67
26.05.2026,20624566,claire.petrov798@outlook.com,29.05.2026,12.06.2026,1178,melibi,7596,8056,Wrong room configuration,Meliá Ibiza,3014.65
21.05.2026,47453110,maria.moretti423@gmail.com,26.06.2026,10.07.2026,1426,rotab1,7211,1155,Not enough allotment,Rotana Abu Dhabi Resort,4037.60
12.05.2026,97825168,anna.garcia554@icloud.com,08.04.2026,11.04.2026,1045,picelx,4752,1755,Booking Create Error: Brak możliwości założenia rezerwacji winterfejsie.,Pickalbatros El Gouna,2033.31
29.05.2026,11345171,michael.fischer942@icloud.com,20.05.2026,23.05.2026,1178,HCOSXX,7939,1467,Booking Complete Error: Error Message : StopSale.,H10 Hotels Costa del Sol,788.33
21.05.2026,59621760,david.kravets315@hotmail.com,06.08.2026,11.08.2026,1714, RADMA1 ,2052,1755,Booking Create Error: Brak możliwości założenia rezerwacji winterfejsie.,Radisson Blu Makarska Resort,"2020,78"
21.05.2026,42900372,james.nowak555@outlook.com,30.06.2026,14.07.2026,1301, LIMMAR ,5956,1054,Contractor calculation error.,Limak Marmaris,844.74
31.05.2026,93989262,alice.keller842@yahoo.com,13.06.2026,16.06.2026,1301,BARBEL,5325,1054,Contractor calculation error.,Barut Hotels Belek,2116.92
19.05.2026,71623610,andrew.bakker264@icloud.com,24.03.2026,27.03.2026,1178,MELTEN,2545,1054,Contractor calculation error.,Meliá Tenerife,885.72
02.05.2026,95763040,alice.wilson233@outlook.com,04.07.2026,18.07.2026,1426,AJMDUB,1452,1155,Not enough allotment,Ajman Saray Dubai,2221.20
19.05.2026,98413629,david.roth586@icloud.com,05.06.2026,10.06.2026,1426,ADDFU1,5173,1467,Booking Complete Error: Error Message : StopSale.,Address Hotels Fujairah Resort,
27.05.2026,11305758,irene.fischer487@yahoo.com,20.04.2026,25.04.2026,1426,HILAB1,1027,1467,Booking Complete Error: Error Message : StopSale.,Hilton Abu Dhabi Resort,3474.36 PLN
31.05.2026,30099327,alice.berg830@icloud.com,14.05.2026,21.05.2026,1426,RADAB1,5844,1155,Not enough allotment,Radisson Blu Abu Dhabi Resort,3359.34
21.05.2026,10819505,alice.andersen72@yahoo.com,25.05.2026,01.06.2026,1178,RIUGRA,4139,1732,BOOKING PAYER ERROR: BRAK WYMAGANEGO PARAMETRU,RIU Gran Canaria,966.55
19.05.2026,95747908,peter.costa405@icloud.com,30.06.2026,05.07.2026,2247,ROCSAR,4249,1778,Booking Complete Error: Zablokowano allotment online.,Rocco Forte Sardinia,777.97
09.05.2026,68723377,daniel.rossi220@icloud.com,05.04.2026,12.04.2026,2247,MANVEN,2245,1467,Booking Complete Error: Error Message : StopSale.,Mangia's Resorts Venice,665.51
24.05.2026,71740239,george.smith356@icloud.com,26.06.2026,29.06.2026,2653,VIDALB,2976,1054,Contractor calculation error.,Vidamar Resorts Albufeira,"2780,37"
22.05.2026,93008294,daniel.wagner949@icloud.com,29.06.2026,08.07.2026,1178,RIUFUE,7669,1225,  There is already such a booking for this agent.  ,RIU Fuerteventura,3805.02
28.05.2026,48211978,nina.bakker121@yahoo.com,06.08.2026,09.08.2026,4182,CONAYI,2229,1155,NOT ENOUGH ALLOTMENT,Constantinou Bros Ayia Napa,3520.65
30.05.2026,34737815,zofia.kowalski818@yahoo.com,16.05.2026,30.05.2026, 2653,VILPO1,5494,1225,THERE IS ALREADY SUCH A BOOKING FOR THIS AGENT.,Vila Vita Parc Porto Resort,2381.52
14.05.2026,17299874,john.schmidt101@yahoo.com,20.06.2026,04.07.2026, 1178,RIUTEN,5061,1155,Not enough allotment,RIU Tenerife,3612.98
25.05.2026,27203328,maria.lang708@outlook.com,07.07.2026,10.07.2026,1301,BARALA,3144,1755,  Booking Create Error: Brak możliwości założenia rezerwacji winterfejsie.  ,Barut Hotels Alanya,3834.97
11.05.2026,80174055,peter.roth609@gmail.com,03.06.2026,06.06.2026,1426,rotabu,3925,1778,Booking Complete Error: Zablokowano allotment online.,Rotana Abu Dhabi,2822.64
13.05.2026,80806579,john.dubois914@hotmail.com,27.08.2026,30.08.2026,1714,AMAPO1,3267,,Not enough allotment,Amadria Park Porec Resort,"3533,47"
07.05.2026,72834081,anna.wilson214@hotmail.com,29.05.2026,03.06.2026,1301,VOYKEM,2188,1155,Not enough allotment,Voyage Kemer,3483.12
16.05.2026,53692745,claire.berg760@yahoo.com,28.05.2026,04.06.2026,1714,VALDU1,6502,1778,Booking Complete Error: Zablokowano allotment online.,Valamar Dubrovnik Resort,4152.42
15.05.2026,61041742,james.smith809@proton.me,08.06.2026,17.06.2026,1178,MELGRA,4681,1225,There is already such a booking for this agent.,Meliá Gran Canaria,923.03
24.05.2026,34975977,elena.fischer257@proton.me,24.03.2026,31.03.2026,1045,RIXHUR,4593,5704,Improper reservation price.,Rixos Hurghada,3669.51
29.05.2026,45571248,olga.costa825@yahoo.com,12.07.2026,21.07.2026,1426,MARAB1,4143,1732,BOOKING PAYER ERROR: BRAK WYMAGANEGO PARAMETRU,Marriott Abu Dhabi Resort,"2406,36"
23.05.2026,88800061,maria.petrov387@yahoo.com,17.04.2026,22.04.2026,1045,DANHUR,2139,1755,Booking Create Error: Brak możliwości założenia rezerwacji winterfejsie.,,765.44
22.05.2026,34788160,andrew.bianchi896@outlook.com,28.04.2026,01.05.2026,1714,FALDUB,8784,1467,Booking Complete Error: Error Message : StopSale.,Falkensteiner Dubrovnik,"1021,19"
11.05.2026,64129615,laura.andersen300@gmail.com,18.07.2026,27.07.2026,1045,STEMAR,3287,5704,Improper reservation price.,Steigenberger Marsa Alam,652.20
25.05.2026,51882705,paul.muller456@hotmail.com,03.08.2026,06.08.2026,1045,JAZTAB,2489,8056,Wrong room configuration,Jaz Taba,288.34
25.05.2026,40092731,peter.nowak322@proton.me,04.06.2026,09.06.2026,4182,OLYLIM,4824,1467,Booking Complete Error: Error Message : StopSale.,Olympic Lagoon Limassol,593.64
10.05.2026,92355208,james.wilson787@proton.me,09.07.2026,23.07.2026,1178,RIUPAL,8350,1155,Not enough allotment,RIU Palma de Mallorca,2518.93
01.05.2026,27790417,elena.nowak600@hotmail.com,29.06.2026,02.07.2026,1178,OCCFUE,5073,1155,NOT ENOUGH ALLOTMENT,Occidental Fuerteventura,2314.10
27.05.2026,22874422,robert.larsen909@proton.me,30.06.2026,03.07.2026,1178,MELTEN,2545,5704,  Improper reservation price.  ,Meliá Tenerife,1768.22
11.05.2026,39677356,claire.bianchi627@icloud.com,25.07.2026,03.08.2026,1426,JUMAB1,7592,1155,Not enough allotment,Jumeirah Abu Dhabi Resort,"739,67"
23.05.2026,25319598,laura.wagner814@gmail.com,04.05.2026,13.05.2026,1045,RIXMAK,1750,1467,Booking Complete Error: Error Message : StopSale.,Rixos Makadi Bay,1963.12
16.05.2026,17405345,laura.muller134@hotmail.com,07.05.2026,10.05.2026,1714,BLUSP1,2320,1155,Not enough allotment,Bluesun Split Resort,"3988,09"
13.05.2026,40693565,nina.garcia975@hotmail.com,21.06.2026,24.06.2026,1301,VOYANT,9565,1467,Booking Complete Error: Error Message : StopSale.,Voyage Antalya,"3102,32"
23.05.2026,25256771,alice.andersen554@gmail.com,23.08.2026,30.08.2026,1301,VOYBOD,2512,1467,BOOKING COMPLETE ERROR: ERROR MESSAGE : STOPSALE.,Voyage Bodrum,2136.20
24.05.2026,66143368,john.muller788@yahoo.com,01.07.2026,15.07.2026,1301,VOYALA,5333,,Booking Complete Error: Error Message : StopSale.,Voyage Alanya,2397.40
09.05.2026,90501536,elena.schmidt629@hotmail.com,27.06.2026,30.06.2026,1045,CORMAK,7216,1755,  Booking Create Error: Brak możliwości założenia rezerwacji winterfejsie.  ,Coral Sea Makadi Bay,3197.71
13.05.2026,65478943,peter.roth788@hotmail.com,25.05.2026,30.05.2026,4182,AMAPAP,4404,1467,Booking Complete Error: Error Message : StopSale.,Amara Paphos,1472.69
05.05.2026,54506155,james.muller265@yahoo.com,20.05.2026,29.05.2026,1045,PICMAK,7482,1467,Booking Complete Error: Error Message : StopSale.,Pickalbatros Makadi Bay,4064.58
14.05.2026,19297424,marta.costa949@yahoo.com,05.08.2026,12.08.2026,1178,IBEIBI,1964,1732,Booking Payer Error: Brak wymaganego parametru,Iberostar Ibiza,1180.62
30.05.2026,23032010,olga.wagner872@yahoo.com,06.08.2026,13.08.2026,1301,CRYKEM,5462,1054,Contractor calculation error.,Crystal Hotels Kemer,1018.40
31.05.2026,47514551,kate.kravets290@hotmail.com,03.07.2026,17.07.2026,1301,BARBEL,5325,1054,Contractor calculation error.,Barut Hotels Belek,3284.44
13.05.2026,94457912,paul.lang996@hotmail.com,09.07.2026,16.07.2026,1426, MARSH1 ,5930,5704,IMPROPER RESERVATION PRICE.,Marriott Sharjah Resort,355.26 PLN
11.05.2026,98706994,marta.keller222@gmail.com,16.06.2026,25.06.2026,1714,VALSPL,5050,1155,Not enough allotment,Valamar Split,1300.85
20.05.2026,55786338,michael.larsen642@icloud.com,14.03.2026,17.03.2026,1714,RADMA1,2052,1054,Contractor calculation error.,Radisson Blu Makarska Resort,3687.13
17.05.2026,76815785,paul.berg302@icloud.com,26.05.2026,29.05.2026,1301,limke1,8007,1755,Booking Create Error: Brak możliwości założenia rezerwacji winterfejsie.,Limak Kemer Resort,3507.31
27.05.2026,95623471,thomas.meyer484@gmail.com,03.08.2026,08.08.2026,1178,RIUBEN,8177,1467,Booking Complete Error: Error Message : StopSale.,RIU Benidorm,1169.70
05.05.2026,91515342,claire.keller871@yahoo.com,06.06.2026,20.06.2026,2653,DOMVIL,4630,8056,Wrong room configuration,Dom Pedro Vilamoura,3029.68
15.05.2026,21438741,andrew.berg785@gmail.com,13.04.2026,22.04.2026,1426,ajmsha,5349,1225,There is already such a booking for this agent.,Ajman Saray Sharjah,779.61
12.05.2026,12865171,nina.nowak165@proton.me,25.08.2026,30.08.2026,1301,limala,9808,1467,Booking Complete Error: Error Message : StopSale.,,2335.79
11.05.2026,93889776,olga.moretti62@proton.me,19.05.2026,02.06.2026,1045,CORELX,7916,1778,BOOKING COMPLETE ERROR: ZABLOKOWANO ALLOTMENT ONLINE.,Coral Sea El Gouna,3041.76
13.05.2026,90373373,elena.petrov819@yahoo.com,03.05.2026,12.05.2026, 1045,HILMAR,5386,1054,Contractor calculation error.,Hilton Marsa Alam,1050.31
16.05.2026,96844604,andrew.roth338@proton.me,04.07.2026,18.07.2026,1045,BARMAK,4150,1054,Contractor calculation error.,Baron Resort Makadi Bay,2252.91
20.05.2026,88219316,michael.nowak655@outlook.com,16.06.2026,19.06.2026,1714,SUNMA4,4919,5704,  Improper reservation price.  ,,2773.54
03.05.2026,94338531,zofia.johnson851@gmail.com,07.07.2026,12.07.2026,1045,STETAB,4432,1467,Booking Complete Error: Error Message : StopSale.,Steigenberger Taba,3972.49
03.05.2026,14665068,marta.roth627@hotmail.com,06.04.2026,15.04.2026, 1301,DELANT,9288,1467,Booking Complete Error: Error Message : StopSale.,Delphin Antalya,3107.28 PLN
22.05.2026,21840119,anna.novak951@hotmail.com,26.05.2026,02.06.2026,1714,SUNMA4,4919,1467,Booking Complete Error: Error Message : StopSale.,Sun Gardens Makarska Resort,-2411.37
27.05.2026,39394291,alice.roth739@proton.me,18.06.2026,25.06.2026, 2653,PESPO1,2680,1054,Contractor calculation error.,,2764.64
03.05.2026,55158076,daniel.fischer438@hotmail.com,19.05.2026,28.05.2026, 1045,JAZTAB,2489,1155,Not enough allotment,,2525.99
03.05.2026,78120967,michael.bakker865@icloud.com,07.07.2026,21.07.2026,1301,LIMBEL,4910,1225,There is already such a booking for this agent.,Limak Belek,1116.14
17.05.2026,42075322,mark.kowalski794@icloud.com,30.06.2026,14.07.2026,1045,CORMA1,2040,1467,Booking Complete Error: Error Message : StopSale.,Coral Sea Marsa Alam Resort,370.58
21.05.2026,51795025,emma.novak171@hotmail.com,28.08.2026,02.09.2026,1714,AMASPL,9702,1155,Not enough allotment,Amadria Park Split,3775.34
08.05.2026,37083170,nina.costa414@icloud.com,01.05.2026,04.05.2026,1714,AMAZAD,7291,1155,Not enough allotment,Amadria Park Zadar,2507.72
24.05.2026,37581060,sophie.bianchi678@gmail.com,31.07.2026,05.08.2026,1045,STETAB,4432,1155,Not enough allotment,Steigenberger Taba,2996.01
11.05.2026,38159410,nina.roth587@yahoo.com,06.06.2026,09.06.2026,2653,PESPOR,9698,1755,Booking Create Error: Brak możliwości założenia rezerwacji winterfejsie.,Pestana Porto,1902.45
24.05.2026,85548770,sophie.bianchi371@icloud.com,29.03.2026,12.04.2026,2653,PESALB,8434,1467,Booking Complete Error: Error Message : StopSale.,Pestana Albufeira,1624.07
05.05.2026,43373708,maria.berg79@gmail.com,15.06.2026,22.06.2026,1301,BARALA,3144,1755,Booking Create Error: Brak możliwości założenia rezerwacji winterfejsie.,Barut Hotels Alanya,2316.21
22.05.2026,66543141,daniel.weber667@yahoo.com,28.08.2026,02.09.2026,1045,rixmak,1750,5704,Improper reservation price.,Rixos Makadi Bay,1018.74
22.05.2026,29052219,david.schmidt100@outlook.com,10.06.2026,17.06.2026,1045, RIXTAB ,5554,1467,  Booking Complete Error: Error Message : StopSale.  ,Rixos Taba,"3856,25"
23.05.2026,17299874,thomas.petrov132@proton.me,20.06.2026,04.07.2026,1178,RIUTEN,5061,5704,Improper reservation price.,RIU Tenerife,3612.98
22.05.2026,49429976,emma.weber850@gmail.com,31.05.2026,05.06.2026,1178,MELTEN,2545,5704,Improper reservation price.,Meliá Tenerife,3221.74
23.05.2026,52883576,zofia.rossi929@outlook.com,07.06.2026,10.06.2026,1301,VOYBOD,2512,1467,Booking Complete Error: Error Message : StopSale.,Voyage Bodrum,688.43
01.05.2026,60481407,elena.keller637@yahoo.com,27.06.2026,11.07.2026,1045,SUNEL1,8019,1467,Booking Complete Error: Error Message : StopSale.,Sunrise El Gouna,3638.40
13.05.2026,76180344,daniel.muller849@icloud.com,17.05.2026,26.05.2026,1045,HILSHA,1916,1467,Booking Complete Error: Error Message : StopSale.,Hilton Sharm El Sheikh,3732.99
01.05.2026,43260898,martin.nowak7@outlook.com,29.05.2026,05.06.2026,1426,RADRAS,7528,1467,Booking Complete Error: Error Message : StopSale.,Radisson Blu Ras Al Khaimah,1135.87
09.05.2026,84426456,peter.dubois840@outlook.com,06.06.2026,20.06.2026,1178,RIUIBI,2790,1155,Not enough allotment,RIU Ibiza,"883,36"
05.05.2026,22664947,john.petrov768@outlook.com,05.04.2026,10.04.2026, 1045,SUNELX,3340,1467,Booking Complete Error: Error Message : StopSale.,,4001.54
25.05.2026,53238807,daniel.johnson8@gmail.com,05.06.2026,12.06.2026,1178,OCCFUE,5073,1755,Booking Create Error: Brak możliwości założenia rezerwacji winterfejsie.,Occidental Fuerteventura,"748,27"
10.05.2026,83973509,john.meyer901@hotmail.com,09.05.2026,23.05.2026,1045, HILSHA ,1916,1155,Not enough allotment,Hilton Sharm El Sheikh,3568.66
24.05.2026,75229497,emma.meyer244@outlook.com,05.07.2026,12.07.2026,1426,HILAB1,1027,1225,There is already such a booking for this agent.,Hilton Abu Dhabi Resort,269.37
19.05.2026,19068751,paul.kowalski753@icloud.com,29.05.2026,01.06.2026,1426,RADRA1,6409,1054,Contractor calculation error.,Radisson Blu Ras Al Khaimah Resort,"964,45"
14.05.2026,19781591,peter.berg261@yahoo.com,07.07.2026,10.07.2026,1045,RIXTAB,5554,1755,Booking Create Error: Brak możliwości założenia rezerwacji winterfejsie.,Rixos Taba,
16.05.2026,12722568,olga.fischer182@hotmail.com,02.06.2026,07.06.2026,2247,NHROM1,9817,1467,Booking Complete Error: Error Message : StopSale.,NH Collection Rome Resort,2527.65
04.05.2026,40032596,zofia.roth119@gmail.com,25.05.2026,03.06.2026, 2653,VILPOR,7625,5704,Improper reservation price.,Vila Vita Parc Porto,2444.50
17.05.2026,35359610,mark.kowalski852@yahoo.com,05.06.2026,14.06.2026,1178,MELCOS,1344,1054,Contractor calculation error.,Meliá Costa del Sol,1100.11
06.05.2026,30072000,nina.moretti138@proton.me,16.05.2026,21.05.2026,1301, RIXANT ,1058,1155,  Not enough allotment  ,,2118.30
13.05.2026,84564805,julia.lang951@hotmail.com,24.06.2026,29.06.2026,1301,DELANT,9288,5704,Improper reservation price.,Delphin Antalya,2847.38
25.05.2026,78990312,alice.kozlov73@yahoo.com,28.04.2026,01.05.2026,1426,JUMSH1,1727,1155,Not enough allotment,Jumeirah Sharjah Resort,1023.24
26.05.2026,87216593,nina.wilson144@icloud.com,06.05.2026,13.05.2026,4182,atlpa1,3973,1467,Booking Complete Error: Error Message : StopSale.,Atlantica Paphos Resort,"2803,12"
29.05.2026,16948119,andrew.johnson62@gmail.com,20.05.2026,25.05.2026,1426,MARSHA,1626,1155,Not enough allotment,Marriott Sharjah,3008.54
06.05.2026,71072780,michael.fischer698@yahoo.com,05.06.2026,14.06.2026,1426,ROTSH1,7691,1732,BOOKING PAYER ERROR: BRAK WYMAGANEGO PARAMETRU,Rotana Sharjah Resort,2488.32
31.05.2026,66906118,david.keller764@gmail.com,15.07.2026,18.07.2026,1045,PICMAR,2169,1155,Not enough allotment,Pickalbatros Marsa Alam,2924.28
20.05.2026,70990495,kate.dubois711@gmail.com,03.06.2026,06.06.2026,2653,TIVVI1,6912,1732,Booking Payer Error: Brak wymaganego parametru,Tivoli Vilamoura Resort,3627.48
20.05.2026,60916224,julia.kowalski264@yahoo.com,10.03.2026,15.03.2026,4182,ATLLIM,3847,1467,Booking Complete Error: Error Message : StopSale.,Atlantica Limassol,"255,59"
14.05.2026,23401959,kate.bianchi307@yahoo.com,24.06.2026,27.06.2026,1178,OCCFUE,5073,1732,Booking Payer Error: Brak wymaganego parametru,Occidental Fuerteventura,1550.33
23.05.2026,35281262,alice.novak739@gmail.com,25.08.2026,01.09.2026,1178,OCCGRA,1887,1155,Not enough allotment,Occidental Gran Canaria,842.22
11.05.2026,85575530,george.muller851@yahoo.com,29.03.2026,12.04.2026,2247,unarim,3068,1732,  Booking Payer Error: Brak wymaganego parametru  ,UNA Hotels Rimini,"526,24"
23.05.2026,72182980,maria.petrov477@icloud.com,18.06.2026,23.06.2026,1178,BARCO1,6559,1054,Contractor calculation error.,Barceló Costa Brava,765.14
09.05.2026,93642336,olga.kravets794@gmail.com,29.05.2026,01.06.2026,1045,RIXSHA,3621,5704,  Improper reservation price.  ,Rixos Sharm El Sheikh,"2404,41"
20.05.2026,93246092,elena.kozlov851@proton.me,09.05.2026,23.05.2026,1178,MELTEN,2545,1732,Booking Payer Error: Brak wymaganego parametru,Meliá Tenerife,3728.51
13.05.2026,12396426,laura.muller324@hotmail.com,25.06.2026,09.07.2026,1045, DANMAR ,3266,5704,Improper reservation price.,Dana Beach Marsa Alam,647.40
31.05.2026,16437523,robert.smith704@hotmail.com,23.06.2026,26.06.2026,2653,PINCAS,2647,1225,There is already such a booking for this agent.,Pine Cliffs Cascais,924.45
23.05.2026,72265475,simon.wilson782@icloud.com,22.05.2026,31.05.2026,1301,LIMSID,5002,1225,There is already such a booking for this agent.,Limak Side,1380.82
01.05.2026,93642336,marta.moretti337@outlook.com,29.05.2026,01.06.2026, 1045,RIXSHA,3621,5704,Improper reservation price.,,2404.41
13.05.2026,19980836,chris.meyer271@gmail.com,21.06.2026,26.06.2026,2653,villi1,2070,1054,Contractor calculation error.,Vila Vita Parc Lisbon Resort,"3865,46"
20.05.2026,54286428,olga.lang238@proton.me,19.07.2026,22.07.2026,1178,BAHFUE,8260,1155,Not enough allotment,Bahia Principe Fuerteventura,618.23
20.05.2026,54562374,nina.kowalski644@yahoo.com,31.05.2026,14.06.2026,1045,SUNSH1,6930,1732,Booking Payer Error: Brak wymaganego parametru,Sunwing Sharm El Sheikh,673.37
10.05.2026,72003491,laura.bianchi20@outlook.com,20.05.2026,03.06.2026,1426,AJMRAS,5573,1778,Booking Complete Error: Zablokowano allotment online.,Ajman Saray Ras Al Khaimah,
01.05.2026,59652144,zofia.larsen832@yahoo.com,02.07.2026,07.07.2026,2653,VIDLIS,6764,1778,Booking Complete Error: Zablokowano allotment online.,Vidamar Resorts Lisbon,1371.29
12.05.2026,64518407,irene.wagner95@icloud.com,20.04.2026,23.04.2026,1301,RIXALA,6147,1467,Booking Complete Error: Error Message : StopSale.,Rixos Alanya,3403.37
10.05.2026,90518543,mark.berg509@proton.me,11.06.2026,25.06.2026,1045,CORMAK,7216,1054,  Contractor calculation error.  ,Coral Sea Makadi Bay,3770.33
29.05.2026,19781591,julia.bakker970@hotmail.com,07.07.2026,10.07.2026,1045,RIXTAB,5554,1467,Booking Complete Error: Error Message : StopSale.,Rixos Taba,"2198,26"
07.05.2026,24327177,olga.novak858@hotmail.com,10.03.2026,24.03.2026,1045,RIXMAR,9348,1732,Booking Payer Error: Brak wymaganego parametru,Rixos Marsa Alam,"1571,62"
26.05.2026,36481124,george.rossi481@outlook.com,03.06.2026,12.06.2026,1178,NHCOSX,8651,1778,Booking Complete Error: Zablokowano allotment online.,NH Collection Costa del Sol,3047.54
19.05.2026,45001576,anna.lang476@icloud.com,20.06.2026,23.06.2026,1426,RADDU1,6143,1778,Booking Complete Error: Zablokowano allotment online.,Radisson Blu Dubai Resort,3402.47
15.05.2026,29436140,claire.nowak785@outlook.com,11.04.2026,20.04.2026,1426,JUMSHA,4644,1467,Booking Complete Error: Error Message : StopSale.,Jumeirah Sharjah,"625,21"
08.05.2026,36394306,olga.lang527@yahoo.com,22.04.2026,27.04.2026,1301,VOYBEL,2200,5704,Improper reservation price.,Voyage Belek,2947.06 PLN
22.05.2026,78515906,david.roth358@outlook.com,06.05.2026,09.05.2026,1714,FALZAD,3881,1054,  Contractor calculation error.  ,Falkensteiner Zadar,2751.24
15.05.2026,46770694,thomas.kozlov492@proton.me,25.07.2026,03.08.2026,1045,SUNTA1,3664,1155,Not enough allotment,Sunwing Taba,672.00
03.05.2026,17850078,daniel.rossi584@hotmail.com,16.06.2026,30.06.2026,1045,HILMAK,9751,1155,Not enough allotment,Hilton Makadi Bay,
14.05.2026,25931957,james.bianchi151@proton.me,17.07.2026,26.07.2026,1045,DANHU1,7252,1755,Booking Create Error: Brak możliwości założenia rezerwacji winterfejsie.,Dana Beach Hurghada Resort,2928.90
26.05.2026,66862582,alice.novak878@yahoo.com,20.04.2026,27.04.2026,1178,BARCOS,8744,1755,Booking Create Error: Brak możliwości założenia rezerwacji winterfejsie.,Barceló Costa del Sol,606.02
15.05.2026,73875700,maria.andersen270@icloud.com,24.07.2026,02.08.2026,1426,AJMFU1,4228,1732,Booking Payer Error: Brak wymaganego parametru,Ajman Saray Fujairah Resort,"2470,91"
02.05.2026,37287550,andrew.meyer212@outlook.com,16.07.2026,30.07.2026,1301,TITBOD,5345,1054,Contractor calculation error.,Titanic Bodrum,1121.60 PLN
12.05.2026,99541491,alice.berg831@yahoo.com,13.08.2026,16.08.2026,1045,STETAB,4432,1467,Booking Complete Error: Error Message : StopSale.,Steigenberger Taba,741.06
15.05.2026,51909809,julia.smith29@hotmail.com,19.05.2026,02.06.2026,1301,VOYKEM,2188,5704,Improper reservation price.,Voyage Kemer,2309.28
09.05.2026,82941480,olga.berg806@yahoo.com,11.04.2026,20.04.2026,1178,MELCO1,7735,8056,WRONG ROOM CONFIGURATION,,1441.30
14.05.2026,38805562,laura.novak798@proton.me,14.06.2026,17.06.2026,1178,MELFUE,5562,1155,Not enough allotment,Meliá Fuerteventura,3076.91
16.05.2026,93784251,olga.novak475@yahoo.com,13.06.2026,20.06.2026, 1301,BARMA2,1128,1225,There is already such a booking for this agent.,Barut Hotels Marmaris,1424.32
24.05.2026,28022414,michael.kozlov907@icloud.com,28.04.2026,03.05.2026,1178,NHTENX,4510,1155,  Not enough allotment  ,NH Collection Tenerife,295.83
06.05.2026,31325610,james.moretti79@outlook.com,17.04.2026,22.04.2026,2247,BLURIM,7906,1155,  Not enough allotment  ,Bluserena Rimini,340.56
29.05.2026,89344481,john.meyer986@gmail.com,01.05.2026,10.05.2026,1178,BARTEN,2163,1155,Not enough allotment,Barceló Tenerife,681.66
29.05.2026,17279515,emma.nowak758@outlook.com,29.04.2026,04.05.2026,1178,BAHFUE,8260,1755,Booking Create Error: Brak możliwości założenia rezerwacji winterfejsie.,Bahia Principe Fuerteventura,3672.15
29.05.2026,50594384,anna.petrov502@proton.me,17.07.2026,24.07.2026,1178,OCCPAL,4006,1155,Not enough allotment,Occidental Palma de Mallorca,"3125,23"
01.05.2026,80535662,john.garcia353@proton.me,08.04.2026,11.04.2026, 1178,OCCTEN,7118,1467,BOOKING COMPLETE ERROR: ERROR MESSAGE : STOPSALE.,Occidental Tenerife,4181.43
16.05.2026,38933153,maria.bianchi79@gmail.com,30.03.2026,06.04.2026,1426,MARSHA,1626,1467,  Booking Complete Error: Error Message : StopSale.  ,Marriott Sharjah,1500.29
09.05.2026,21170209,george.bianchi362@outlook.com,15.07.2026,20.07.2026,1301,TITALA,4335,1155,NOT ENOUGH ALLOTMENT,Titanic Alanya,
28.05.2026,96465850,emma.novak244@outlook.com,18.04.2026,21.04.2026,1714,valdub,3417,1155,Not enough allotment,Valamar Dubrovnik,-1930.44
02.05.2026,23821034,andrew.roth81@icloud.com,19.08.2026,22.08.2026, 1178,IBECO1,2235,,Booking Complete Error: Error Message : StopSale.,Iberostar Costa del Sol,"620,85"
30.05.2026,42844981,paul.smith405@yahoo.com,15.05.2026,18.05.2026,1714,VALRO1,5451,1778,Booking Complete Error: Zablokowano allotment online.,Valamar Rovinj Resort,
22.05.2026,64591401,anna.schmidt933@gmail.com,20.07.2026,27.07.2026,1045, SUNMAR ,6313,1054,Contractor calculation error.,Sunwing Marsa Alam,993.79
20.05.2026,17220897,george.costa913@hotmail.com,23.03.2026,01.04.2026,1301,CRYBOD,4450,1054,Contractor calculation error.,Crystal Hotels Bodrum,
02.05.2026,32690870,andrew.schmidt533@gmail.com,05.08.2026,14.08.2026,1714,amarov,2193,5704,Improper reservation price.,Amadria Park Rovinj,1692.60
28.05.2026,20631350,martin.lang932@hotmail.com,19.05.2026,26.05.2026,1714,RADZAD,6198,1467,BOOKING COMPLETE ERROR: ERROR MESSAGE : STOPSALE.,Radisson Blu Zadar,1917.85
26.05.2026,53839745,alice.costa377@icloud.com,29.06.2026,02.07.2026,2653,PESVI1,5786,1467,Booking Complete Error: Error Message : StopSale.,Pestana Vilamoura Resort,2204.53
20.05.2026,29950758,julia.johnson450@yahoo.com,10.07.2026,24.07.2026,1178, HPALXX ,4116,5704,Improper reservation price.,H10 Hotels Palma de Mallorca,1209.74
07.05.2026,55481326,claire.johnson233@hotmail.com,15.06.2026,18.06.2026,1178,MELPAL,4119,5704,Improper reservation price.,Meliá Palma de Mallorca,1019.31
31.05.2026,47131767,claire.wilson857@proton.me,11.06.2026,14.06.2026,1714,FALZAD,3881,1155,Not enough allotment,Falkensteiner Zadar,1950.85
24.05.2026,56446975,thomas.nowak953@yahoo.com,27.06.2026,30.06.2026,1178,BAHBEN,6539,5704,Improper reservation price.,Bahia Principe Benidorm,2772.84
02.05.2026,69687613,thomas.kowalski735@icloud.com,22.04.2026,27.04.2026,1301,CRYBOD,4450,1155,Not enough allotment,Crystal Hotels Bodrum,2798.18
07.05.2026,43751555,anna.wilson205@hotmail.com,01.04.2026,15.04.2026,1178,MELPAL,4119,1467,  Booking Complete Error: Error Message : StopSale.  ,Meliá Palma de Mallorca,3786.09 PLN
18.05.2026,54346554,claire.kowalski811@outlook.com,29.05.2026,05.06.2026,1178,OCCIBI,2612,1225,There is already such a booking for this agent.,Occidental Ibiza,3227.19
09.05.2026,89312100,elena.wilson956@icloud.com,09.04.2026,14.04.2026, 1301,CRYKEM,5462,1467,Booking Complete Error: Error Message : StopSale.,Crystal Hotels Kemer,1548.68 PLN
30.05.2026,31577283,michael.kravets118@yahoo.com,10.06.2026,13.06.2026,1301,CRYAN1,3143,1467,Booking Complete Error: Error Message : StopSale.,Crystal Hotels Antalya Resort,3854.73
13.05.2026,34150810,thomas.muller41@yahoo.com,11.04.2026,25.04.2026, 1045,DANTAB,5339,5704,Improper reservation price.,Dana Beach Taba,271.03
08.05.2026,70549061,james.andersen690@gmail.com,28.05.2026,06.06.2026,2247, NHSIC1 ,9548,8056,Wrong room configuration,NH Collection Sicily Resort,2739.36
31.05.2026,61001316,kate.roth988@hotmail.com,26.07.2026,04.08.2026,1178,OCCIBI,2612,5704,Improper reservation price.,Occidental Ibiza,"2669,79"
17.05.2026,69983591,andrew.johnson407@yahoo.com,18.05.2026,25.05.2026,1301,BARKEM,9666,1778,Booking Complete Error: Zablokowano allotment online.,Barut Hotels Kemer,3133.19
14.05.2026,66715484,mark.bianchi696@outlook.com,18.08.2026,27.08.2026,1178,RIUPAL,8350,1225,There is already such a booking for this agent.,RIU Palma de Mallorca,
18.05.2026,38922924,julia.wilson404@icloud.com,20.08.2026,03.09.2026,1045,SUNMAK,6155,1732,Booking Payer Error: Brak wymaganego parametru,Sunrise Makadi Bay,3560.25
30.05.2026,86554615,thomas.costa151@gmail.com,22.05.2026,27.05.2026,2247,NHROM1,9817,1732,Booking Payer Error: Brak wymaganego parametru,NH Collection Rome Resort,"2696,36"
26.05.2026,73349917,paul.andersen874@outlook.com,21.06.2026,30.06.2026,1426,MARDUB,6728,1054,Contractor calculation error.,Marriott Dubai,2502.03
14.05.2026,45554422,thomas.nowak110@gmail.com,14.03.2026,23.03.2026,1178,barco1,6559,1467,Booking Complete Error: Error Message : StopSale.,Barceló Costa Brava,1252.54
27.05.2026,31448774,laura.muller193@gmail.com,22.07.2026,25.07.2026,1045,SUNELX,3340,1732,Booking Payer Error: Brak wymaganego parametru,Sunwing El Gouna,3602.61
02.05.2026,16927215,marta.dubois449@proton.me,25.07.2026,03.08.2026,1178,RIUGRA,4139,1225,There is already such a booking for this agent.,RIU Gran Canaria,1054.06
21.05.2026,13585240,maria.petrov965@gmail.com,29.04.2026,04.05.2026,1426,AJMSHA,5349,1155,Not enough allotment,Ajman Saray Sharjah,
06.05.2026,11389459,michael.roth662@icloud.com,18.05.2026,21.05.2026,1045,STETAB,4432,5704,Improper reservation price.,,3445.01
06.05.2026,90947751,claire.moretti613@icloud.com,19.05.2026,22.05.2026,1178,OCCBEN,6413,1467,Booking Complete Error: Error Message : StopSale.,Occidental Benidorm,"1207,33"
01.05.2026,24882050,andrew.dubois807@outlook.com,25.07.2026,28.07.2026,1178,BARTEN,2163,1778,Booking Complete Error: Zablokowano allotment online.,Barceló Tenerife,855.11
