Date,tripid,ClientEmail,startdate,enddate,providerid,hotelcode,hotelid,no,message,Hotelname,Price
24.04.2026,88164250,peter.muller151@proton.me,27.04.2026,11.05.2026,1301,titant,8508,1054,Contractor calculation error.,Titanic Antalya,-1010.59
10.04.2026,77519876,martin.rossi500@gmail.com,03.07.2026,17.07.2026,1301,TITBOD,5345,1054,CONTRACTOR CALCULATION ERROR.,Titanic Bodrum,"1469,78"
10.04.2026,82271017,peter.kozlov13@proton.me,06.07.2026,20.07.2026,1178,NHCOSX,8651,5704,Improper reservation price.,NH Collection Costa del Sol,3215.89
25.04.2026,74582036,martin.wilson949@gmail.com,24.04.2026,08.05.2026,1178,IBETEN,8397,1155,Not enough allotment,Iberostar Tenerife,3996.54
13.04.2026,21458649,andrew.weber968@gmail.com,29.05.2026,07.06.2026,1045,sunma1,9179,5704,  Improper reservation price.  ,Sunrise Marsa Alam,1953.33
16.04.2026,13769354,michael.berg379@yahoo.com,09.06.2026,16.06.2026,1301,RIXBEL,9900,1732,Booking Payer Error: Brak wymaganego parametru,Rixos Belek,"1564,72"
16.04.2026,49585149,john.moretti364@hotmail.com,02.05.2026,07.05.2026,1178,OCCCOS,4770,1155,  Not enough allotment  ,Occidental Costa del Sol,1274.45
10.04.2026,28238410,robert.rossi15@outlook.com,07.08.2026,14.08.2026,1045,SUNELX,3340,1155,Not enough allotment,Sunwing El Gouna,1429.92
24.04.2026,41219836,anna.dubois243@proton.me,21.07.2026,24.07.2026,1426,MARFUJ,5564,1467,Booking Complete Error: Error Message : StopSale.,Marriott Fujairah,333.79
10.04.2026,77519876,martin.rossi500@gmail.com,03.07.2026,17.07.2026,1301,TITBOD,5345,1054,CONTRACTOR CALCULATION ERROR.,Titanic Bodrum,"1469,78"
28.04.2026,27365785,andrew.muller712@yahoo.com,04.08.2026,13.08.2026,1045, SUNTAB ,2654,1155,Not enough allotment,Sunrise Taba,4073.73
02.04.2026,43649142,zofia.novak152@proton.me,03.05.2026,17.05.2026,2653,PESCAS,7971,1155,Not enough allotment,Pestana Cascais,3939.64
16.04.2026,61176016,daniel.johnson631@outlook.com,11.06.2026,16.06.2026,1426,MARFU1,3041,5704,Improper reservation price.,Marriott Fujairah Resort,2095.96
12.04.2026,63156840,james.keller180@yahoo.com,11.07.2026,18.07.2026,1714,VALMAK,7547,1054,Contractor calculation error.,Valamar Makarska,
19.04.2026,81543451,marta.moretti183@outlook.com,10.07.2026,15.07.2026,1178,BARGRA,1993,1225,There is already such a booking for this agent.,Barceló Gran Canaria,3257.92
14.04.2026,24002515,robert.bianchi902@gmail.com,28.07.2026,06.08.2026,2653,VILLIS,6169,5704,Improper reservation price.,Vila Vita Parc Lisbon,3917.75
13.04.2026,61586351,julia.muller851@yahoo.com,31.05.2026,05.06.2026, 2653,VIDLI1,8843,1467,Booking Complete Error: Error Message : StopSale.,Vidamar Resorts Lisbon Resort,990.14
16.04.2026,48488047,laura.meyer773@icloud.com,03.06.2026,10.06.2026,1714,FALDUB,8784,1467,Booking Complete Error: Error Message : StopSale.,Falkensteiner Dubrovnik,2244.84
11.04.2026,44911314,emma.kozlov628@hotmail.com,28.07.2026,04.08.2026,4182,OLYLAR,4457,1755,Booking Create Error: Brak możliwości założenia rezerwacji winterfejsie.,Olympic Lagoon Larnaca,490.42 PLN
06.04.2026,12653862,george.rossi43@yahoo.com,17.07.2026,26.07.2026,2247,ROCRIM,9837,1155,Not enough allotment,Rocco Forte Rimini,"4192,12"
03.04.2026,29786357,james.rossi811@yahoo.com,02.08.2026,05.08.2026,2247,BAGRIM,4571,8056,Wrong room configuration,Baglioni Hotels Rimini,3858.43
17.04.2026,80461229,david.garcia747@hotmail.com,17.05.2026,26.05.2026,2247,THSARX,4908,1732,Booking Payer Error: Brak wymaganego parametru,Th Resorts Sardinia,278.80
07.04.2026,10576371,andrew.wilson663@proton.me,10.06.2026,15.06.2026,1301,BARALA,3144,1155,Not enough allotment,Barut Hotels Alanya,4082.09
18.04.2026,49263700,john.kozlov491@icloud.com,30.07.2026,04.08.2026,1045,SUNMAR,6313,1732,Booking Payer Error: Brak wymaganego parametru,Sunwing Marsa Alam,-1352.90
22.04.2026,13156060,olga.weber104@icloud.com,15.08.2026,29.08.2026,1426,adddub,1387,1155,Not enough allotment,Address Hotels Dubai,2965.84
05.04.2026,35233025,alice.nowak502@icloud.com,18.05.2026,25.05.2026,2247,NHRIMX,4673,1155,Not enough allotment,NH Collection Rimini,3686.31 PLN
04.04.2026,20624566,elena.wagner410@proton.me,29.05.2026,12.06.2026,1178, MELIBI ,7596,1054,Contractor calculation error.,Meliá Ibiza,3014.65
14.04.2026,45688957,elena.fischer629@gmail.com,13.05.2026,20.05.2026,1178,BAHFUE,8260,1467,Booking Complete Error: Error Message : StopSale.,Bahia Principe Fuerteventura,2931.92
11.04.2026,57055917,laura.roth164@yahoo.com,01.05.2026,10.05.2026,1045,CORMAK,7216,8056,Wrong room configuration,Coral Sea Makadi Bay,1581.15
13.04.2026,37766215,irene.keller724@yahoo.com,22.07.2026,31.07.2026,1178,BAHGRA,6107,5704,Improper reservation price.,Bahia Principe Gran Canaria,818.08
27.04.2026,76498932,olga.smith890@gmail.com,18.07.2026,25.07.2026,2653,pesvil,7046,1155,Not enough allotment,Pestana Vilamoura,3523.86
23.04.2026,45434750,anna.schmidt229@proton.me,15.05.2026,18.05.2026,1301,LIMKE1,8007,1155,Not enough allotment,Limak Kemer Resort,"2404,74"
15.04.2026,65079123,elena.andersen129@proton.me,27.03.2026,05.04.2026,1301,crymar,4492,5704,Improper reservation price.,Crystal Hotels Marmaris,3057.21
21.04.2026,74528712,paul.wagner837@hotmail.com,15.04.2026,29.04.2026,1178,BARFUE,8953,1155,Not enough allotment,Barceló Fuerteventura,2161.19
17.04.2026,19412672,emma.nowak221@yahoo.com,04.07.2026,18.07.2026,1178,IBECOS,9423,1225,There is already such a booking for this agent.,Iberostar Costa Brava,2771.97
21.04.2026,31131878,daniel.petrov686@icloud.com,25.06.2026,28.06.2026,1426,MARABU,2889,1778,Booking Complete Error: Zablokowano allotment online.,Marriott Abu Dhabi,"593,03"
11.04.2026,31955860,elena.keller813@proton.me,03.06.2026,10.06.2026,1178,MELPAL,4119,1778,BOOKING COMPLETE ERROR: ZABLOKOWANO ALLOTMENT ONLINE.,Meliá Palma de Mallorca,873.76
01.04.2026,51495842,julia.muller565@hotmail.com,06.04.2026,15.04.2026,1045,STETAB,4432,1732,Booking Payer Error: Brak wymaganego parametru,Steigenberger Taba,"1298,60"
20.04.2026,25458308,mark.andersen537@gmail.com,16.07.2026,23.07.2026,1301,TITALA,4335,1054,Contractor calculation error.,Titanic Alanya,1849.88
26.04.2026,28769693,elena.novak17@yahoo.com,18.05.2026,01.06.2026,1714,BLUSP1,2320,5704,Improper reservation price.,Bluesun Split Resort,
22.04.2026,15159379,emma.roth640@hotmail.com,18.04.2026,27.04.2026,4182,AMAPA2,2494,5704,Improper reservation price.,Amara Paphos Beach,1755.58
03.04.2026,73038907,andrew.garcia123@gmail.com,02.09.2026,05.09.2026,1426,ADDAB1,6067,5704,Improper reservation price.,Address Hotels Abu Dhabi Resort,1429.22
22.04.2026,85595538,maria.moretti443@icloud.com,11.05.2026,14.05.2026,1301,limant,2697,1225,There is already such a booking for this agent.,Limak Antalya,2144.91
22.04.2026,25368078,anna.petrov991@icloud.com,10.07.2026,19.07.2026,1301,BARBOD,1152,1054,Contractor calculation error.,Barut Hotels Bodrum,1022.46
23.04.2026,16437132,james.johnson707@gmail.com,28.05.2026,11.06.2026,1178,MELTEN,2545,1155,NOT ENOUGH ALLOTMENT,Meliá Tenerife,2864.78 PLN
26.04.2026,32501369,andrew.schmidt564@hotmail.com,22.08.2026,31.08.2026,1301,DELBOD,2891,1155,Not enough allotment,Delphin Bodrum,1849.70
04.04.2026,39510761,john.larsen759@hotmail.com,26.07.2026,02.08.2026,1178,NHGRAX,7537,1054,Contractor calculation error.,NH Collection Gran Canaria,928.78
23.04.2026,42215392,robert.garcia739@yahoo.com,27.03.2026,01.04.2026,2653,DOMLIS,5118,1755,Booking Create Error: Brak możliwości założenia rezerwacji winterfejsie.,Dom Pedro Lisbon,2275.50
19.04.2026,11658976,thomas.garcia512@proton.me,11.05.2026,18.05.2026,2247,THSICX,5051,1467,  Booking Complete Error: Error Message : StopSale.  ,Th Resorts Sicily,"1104,87"
26.04.2026,46024173,julia.wagner540@icloud.com,03.08.2026,17.08.2026,1714,FALSP1,7797,1225,  There is already such a booking for this agent.  ,Falkensteiner Split Resort,3649.43
26.04.2026,49957816,robert.petrov883@gmail.com,10.05.2026,15.05.2026,1301,VOYKEM,2188,1054,Contractor calculation error.,Voyage Kemer,3705.50
30.04.2026,39622819,emma.kozlov17@gmail.com,22.06.2026,06.07.2026,2653,PESPOR,9698,1054,Contractor calculation error.,Pestana Porto,3769.86
01.04.2026,92891069,michael.wagner418@yahoo.com,26.07.2026,29.07.2026,1714,radrov,5082,5704,Improper reservation price.,Radisson Blu Rovinj,2510.57 PLN
08.04.2026,33258738,anna.lang426@icloud.com,28.07.2026,02.08.2026,1426,HILABU,8541,5704,IMPROPER RESERVATION PRICE.,Hilton Abu Dhabi,"1037,96"
17.04.2026,91498722,sophie.garcia550@yahoo.com,11.06.2026,20.06.2026,1301,LIMBE1,2832,1155,  Not enough allotment  ,Limak Belek Resort,1193.09
13.04.2026,27876801,david.schmidt904@proton.me,25.03.2026,01.04.2026,1178,HPALXX,4116,1225,There is already such a booking for this agent.,H10 Hotels Palma de Mallorca,612.87
24.04.2026,49435019,james.smith231@outlook.com,26.04.2026,10.05.2026,2653, TIVAL1 ,4020,1225,There is already such a booking for this agent.,Tivoli Albufeira Resort,
04.04.2026,30497544,claire.smith334@yahoo.com,21.07.2026,26.07.2026,1714,AMADUB,5543,1155,Not enough allotment,Amadria Park Dubrovnik,-2357.95
03.04.2026,11395331,marta.meyer889@gmail.com,04.04.2026,07.04.2026,2653,VIDVIL,5820,1054,Contractor calculation error.,Vidamar Resorts Vilamoura,798.00
01.04.2026,99309703,andrew.larsen817@outlook.com,18.07.2026,25.07.2026,1045,BARTAB,5374,1155,Not enough allotment,Baron Resort Taba,"3225,28"
09.04.2026,41940192,chris.bakker559@outlook.com,06.07.2026,15.07.2026,1045,DANELX,4814,5704,  Improper reservation price.  ,Dana Beach El Gouna,3509.41
07.04.2026,13375649,claire.weber310@yahoo.com,05.05.2026,08.05.2026,1301,VOYMAR,2753,5704,Improper reservation price.,Voyage Marmaris,3212.52
07.04.2026,31974909,emma.bianchi680@hotmail.com,28.08.2026,04.09.2026,1178,BAHFUE,8260,1054,CONTRACTOR CALCULATION ERROR.,Bahia Principe Fuerteventura,"626,04"
18.04.2026,71410640,martin.johnson623@proton.me,22.07.2026,29.07.2026,4182, ATLPAP ,5352,1467,Booking Complete Error: Error Message : StopSale.,Atlantica Paphos,"3755,97"
18.04.2026,30435507,laura.bakker665@icloud.com,22.07.2026,25.07.2026,1714,RADPO1,6238,5704,Improper reservation price.,Radisson Blu Porec Resort,"3787,62"
10.04.2026,70253048,sophie.roth341@proton.me,06.04.2026,09.04.2026,1045,SUNHU1,4483,1155,Not enough allotment,Sunwing Hurghada,748.13
11.04.2026,46059690,laura.rossi579@gmail.com,13.08.2026,22.08.2026,1426,HILDU1,7311,1467,  Booking Complete Error: Error Message : StopSale.  ,Hilton Dubai Resort,2794.84
23.04.2026,46779698,kate.moretti622@icloud.com,09.07.2026,14.07.2026,4182,CONPA1,1977,1755,Booking Create Error: Brak możliwości założenia rezerwacji winterfejsie.,Constantinou Bros Paphos Resort,3396.93 PLN
21.04.2026,13076093,olga.kozlov652@icloud.com,14.06.2026,23.06.2026,1301,TITBOD,5345,1467,  Booking Complete Error: Error Message : StopSale.  ,Titanic Bodrum,2196.66
22.04.2026,93045054,nina.costa239@icloud.com,14.06.2026,23.06.2026,1301,BARAN1,8239,1467,Booking Complete Error: Error Message : StopSale.,Barut Hotels Antalya Resort,2240.16
25.04.2026,77480448,julia.costa307@outlook.com,12.05.2026,21.05.2026,1045,stemar,3287,5704,Improper reservation price.,Steigenberger Marsa Alam,3455.26
25.04.2026,61162535,alice.schmidt622@outlook.com,03.06.2026,08.06.2026,1301,BARBEL,5325,1054,Contractor calculation error.,Barut Hotels Belek,284.47
06.04.2026,49089390,nina.berg286@icloud.com,15.07.2026,24.07.2026,1178,OCCGRA,1887,1054,Contractor calculation error.,Occidental Gran Canaria,1946.66
18.04.2026,57210060,thomas.muller401@icloud.com,02.06.2026,16.06.2026,1045,STESHA,3504,1467,Booking Complete Error: Error Message : StopSale.,Steigenberger Sharm El Sheikh,3745.74
12.04.2026,64996550,kate.garcia705@icloud.com,03.06.2026,10.06.2026,1714,VALPO1,3503,5704,IMPROPER RESERVATION PRICE.,Valamar Porec Resort,1416.64
20.04.2026,51495842,laura.larsen281@icloud.com,06.04.2026,15.04.2026,1045,STETAB,4432,1755,Booking Create Error: Brak możliwości założenia rezerwacji winterfejsie.,Steigenberger Taba,"1298,60"
06.04.2026,61119548,david.schmidt769@yahoo.com,22.05.2026,25.05.2026,1301,cryant,7868,1467,Booking Complete Error: Error Message : StopSale.,Crystal Hotels Antalya,"824,04"
12.04.2026,89699345,michael.dubois7@icloud.com,05.07.2026,14.07.2026,1045,STETAB,4432,1054,Contractor calculation error.,Steigenberger Taba,2685.84
06.04.2026,61929252,daniel.wagner561@gmail.com,19.03.2026,02.04.2026,4182,AMAPR1,5415,1155,Not enough allotment,Amara Protaras Resort,2751.40 PLN
25.04.2026,35482497,george.garcia964@hotmail.com,14.03.2026,28.03.2026,1045,PICMAR,2169,5704,Improper reservation price.,Pickalbatros Marsa Alam,2959.59
02.04.2026,87694485,mark.weber836@yahoo.com,04.07.2026,13.07.2026,1714,BLUSPL,7965,1467,  Booking Complete Error: Error Message : StopSale.  ,Bluesun Split,1497.60
19.04.2026,90879572,zofia.schmidt69@icloud.com,11.07.2026,20.07.2026,1426,hilabu,8541,1467,Booking Complete Error: Error Message : StopSale.,Hilton Abu Dhabi,3806.70
05.04.2026,93482121,paul.meyer48@hotmail.com,21.06.2026,24.06.2026,1301,VOYKEM,2188,1467,Booking Complete Error: Error Message : StopSale.,Voyage Kemer,2574.02
15.04.2026,31010826,claire.weber520@icloud.com,02.05.2026,07.05.2026,1714,RADSP1,8206,1155,Not enough allotment,,2017.66
04.04.2026,57124706,kate.kowalski373@proton.me,11.06.2026,18.06.2026,1045,CORSHA,9830,1755,BOOKING CREATE ERROR: BRAK MOŻLIWOŚCI ZAŁOŻENIA REZERWACJI WINTERFEJSIE.,Coral Sea Sharm El Sheikh,1908.64
18.04.2026,47309803,laura.muller535@hotmail.com,03.04.2026,12.04.2026,1426,ADDRA1,8144,1225,  There is already such a booking for this agent.  ,Address Hotels Ras Al Khaimah Resort,670.11
18.04.2026,66812324,robert.kozlov419@icloud.com,01.06.2026,15.06.2026,1045,PICTAB,7543,5704,Improper reservation price.,Pickalbatros Taba,2824.31
16.04.2026,40989625,laura.berg518@gmail.com,16.05.2026,23.05.2026,1178, BARTEN ,2163,1467,Booking Complete Error: Error Message : StopSale.,Barceló Tenerife,2050.49
07.04.2026,19582229,nina.weber384@icloud.com,02.07.2026,11.07.2026,1178,occben,6413,1467,Booking Complete Error: Error Message : StopSale.,Occidental Benidorm,2785.45
25.04.2026,37766215,emma.novak224@hotmail.com,22.07.2026,31.07.2026,1178,bahgra,6107,1467,Booking Complete Error: Error Message : StopSale.,Bahia Principe Gran Canaria,818.08 PLN
19.04.2026,34310149,kate.kowalski940@gmail.com,05.08.2026,08.08.2026,1045, BARELX ,8573,1732,Booking Payer Error: Brak wymaganego parametru,Baron Resort El Gouna,"1391,45"
07.04.2026,37937587,elena.garcia897@yahoo.com,23.07.2026,30.07.2026,1301,MAXBEL,5533,1054,Contractor calculation error.,Maxx Royal Belek,2713.94
30.04.2026,86213459,julia.johnson221@outlook.com,13.05.2026,27.05.2026,1178,HTENXX,8749,1054,Contractor calculation error.,H10 Hotels Tenerife,438.45
22.04.2026,63566592,john.kravets659@proton.me,18.07.2026,01.08.2026,1426,JUMSH1,1727,1155,Not enough allotment,Jumeirah Sharjah Resort,3542.51 PLN
23.04.2026,82935700,anna.roth783@outlook.com,08.07.2026,15.07.2026,1301,MAXANT,3546,1732,Booking Payer Error: Brak wymaganego parametru,Maxx Royal Antalya,2149.79
13.04.2026,72171344,emma.dubois374@icloud.com,30.05.2026,08.06.2026,1178,RIUIBI,2790,1155,Not enough allotment,RIU Ibiza,"395,92"
23.04.2026,93077045,george.smith876@hotmail.com,01.08.2026,10.08.2026,1301,TITKEM,5114,5704,Improper reservation price.,Titanic Kemer,-2749.26
10.04.2026,28818549,peter.kowalski691@hotmail.com,26.06.2026,05.07.2026,1301,DELANT,9288,5704,Improper reservation price.,Delphin Antalya,380.22
15.04.2026,45410956,martin.wagner10@hotmail.com,17.04.2026,22.04.2026,1426,MARSHA,1626,1732,Booking Payer Error: Brak wymaganego parametru,Marriott Sharjah,3730.97
25.04.2026,78321018,james.smith684@hotmail.com,17.06.2026,24.06.2026,1178,BARPAL,2049,1778,Booking Complete Error: Zablokowano allotment online.,Barceló Palma de Mallorca,"1324,01"
28.04.2026,80991030,sophie.meyer826@hotmail.com,29.04.2026,08.05.2026,1426,AJMDUB,1452,5704,IMPROPER RESERVATION PRICE.,Ajman Saray Dubai,
19.04.2026,85341065,alice.wilson391@gmail.com,28.07.2026,06.08.2026,1045,PICTAB,7543,5704,Improper reservation price.,Pickalbatros Taba,3503.57
24.04.2026,82853850,andrew.kravets937@outlook.com,31.07.2026,14.08.2026,1714,RADSPL,4185,1155,Not enough allotment,Radisson Blu Split,"2608,98"
24.04.2026,70417500,peter.keller975@proton.me,10.04.2026,19.04.2026, 2653,DOMLIS,5118,1155,Not enough allotment,Dom Pedro Lisbon,"990,94"
06.04.2026,60734981,peter.kowalski194@icloud.com,18.07.2026,23.07.2026,1045,pictab,7543,1155,Not enough allotment,Pickalbatros Taba,1528.34
28.04.2026,34427131,martin.wagner454@icloud.com,19.08.2026,02.09.2026,1301,BARBEL,5325,1155,NOT ENOUGH ALLOTMENT,Barut Hotels Belek,3892.57
20.04.2026,46965460,alice.meyer412@gmail.com,07.05.2026,12.05.2026,1301,DELBOD,2891,1054,Contractor calculation error.,Delphin Bodrum,1841.75
29.04.2026,30772136,maria.roth688@hotmail.com,01.06.2026,08.06.2026,1301,LIMBEL,4910,1225,There is already such a booking for this agent.,Limak Belek,"1736,70"
05.04.2026,74452414,nina.johnson594@gmail.com,06.05.2026,13.05.2026,1045,CORMAR,6925,1054,Contractor calculation error.,Coral Sea Marsa Alam,2769.09
19.04.2026,53339075,elena.costa699@gmail.com,04.05.2026,07.05.2026,1045,PICMAK,7482,1467,BOOKING COMPLETE ERROR: ERROR MESSAGE : STOPSALE.,Pickalbatros Makadi Bay,3085.80
26.04.2026,16066047,mark.bianchi454@outlook.com,04.07.2026,09.07.2026,1714,FALPO1,5681,1155,Not enough allotment,Falkensteiner Porec Resort,1537.64
25.04.2026,64708663,olga.fischer647@hotmail.com,11.06.2026,16.06.2026,1045,DANSHA,2307,5704,Improper reservation price.,Dana Beach Sharm El Sheikh,1675.81
03.04.2026,14201833,james.costa773@outlook.com,17.05.2026,24.05.2026,1045,SUNMAR,6313,1054,Contractor calculation error.,Sunwing Marsa Alam,2389.12
30.04.2026,52447141,david.kravets41@proton.me,16.06.2026,21.06.2026,1045,PICMAR,2169,1778,Booking Complete Error: Zablokowano allotment online.,Pickalbatros Marsa Alam,
22.04.2026,52205917,john.costa66@hotmail.com,30.05.2026,13.06.2026,1301,VOYSID,7054,1467,Booking Complete Error: Error Message : StopSale.,Voyage Side,3657.80
15.04.2026,53403768,laura.novak714@outlook.com,08.06.2026,22.06.2026,1045,DANMAK,3677,1225,There is already such a booking for this agent.,Dana Beach Makadi Bay,1605.40
13.04.2026,45377880,kate.kravets605@yahoo.com,29.04.2026,02.05.2026,1178,NHIBIX,7912,1755,Booking Create Error: Brak możliwości założenia rezerwacji winterfejsie.,NH Collection Ibiza,"1243,86"
09.04.2026,37355760,maria.kowalski297@hotmail.com,12.06.2026,15.06.2026,1045,SUNSH1,6930,1155,Not enough allotment,Sunwing Sharm El Sheikh,2234.88
16.04.2026,28002338,alice.wagner550@proton.me,22.06.2026,01.07.2026,2247,MANAMA,3683,1054,Contractor calculation error.,Mangia's Resorts Amalfi Coast,3589.23
28.04.2026,98587007,elena.moretti498@yahoo.com,15.08.2026,18.08.2026,1178,RIUCO1,1828,1755,Booking Create Error: Brak możliwości założenia rezerwacji winterfejsie.,RIU Costa del Sol,779.39
22.04.2026,32757919,sophie.fischer533@gmail.com,20.07.2026,03.08.2026,1178,NHBENX,2588,1467,Booking Complete Error: Error Message : StopSale.,NH Collection Benidorm,3977.37
07.04.2026,72909613,zofia.wilson10@icloud.com,19.05.2026,02.06.2026,1045,DANELX,4814,1225,There is already such a booking for this agent.,Dana Beach El Gouna,655.21
11.04.2026,13557133,john.keller718@proton.me,04.05.2026,09.05.2026,1426,RADDU1,6143,1155,Not enough allotment,Radisson Blu Dubai Resort,"3345,83"
24.04.2026,17328474,nina.fischer657@yahoo.com,17.06.2026,20.06.2026,1301,VOYMAR,2753,5704,Improper reservation price.,Voyage Marmaris,1811.40
09.04.2026,15159379,john.novak382@hotmail.com,18.04.2026,27.04.2026,4182,AMAPA2,2494,1155,Not enough allotment,Amara Paphos Beach,1755.58
26.04.2026,46992495,robert.rossi492@yahoo.com,28.05.2026,02.06.2026,1178,OCCGRA,1887,1054,CONTRACTOR CALCULATION ERROR.,Occidental Gran Canaria,3565.90 PLN
26.04.2026,19133640,sophie.andersen109@proton.me,30.06.2026,09.07.2026,1178,HPALXX,4116,1155,  Not enough allotment  ,H10 Hotels Palma de Mallorca,"4149,31"
21.04.2026,66641896,daniel.weber926@yahoo.com,21.06.2026,05.07.2026,1301,VOYBEL,2200,1155,Not enough allotment,Voyage Belek,543.72
29.04.2026,68260695,zofia.bakker295@hotmail.com,19.04.2026,03.05.2026,1301,DELSID,9004,1155,Not enough allotment,Delphin Side,
11.04.2026,18816617,george.keller482@icloud.com,17.04.2026,24.04.2026,4182,ATLLAR,4683,1755,Booking Create Error: Brak możliwości założenia rezerwacji winterfejsie.,Atlantica Larnaca,3895.87
24.04.2026,85732526,daniel.garcia968@proton.me,09.05.2026,16.05.2026, 1045,HILELX,6168,1778,Booking Complete Error: Zablokowano allotment online.,Hilton El Gouna,4180.15
24.04.2026,14362261,olga.kowalski269@proton.me,03.08.2026,06.08.2026,1178,HPALXX,4116,1755,Booking Create Error: Brak możliwości założenia rezerwacji winterfejsie.,H10 Hotels Palma de Mallorca,"2547,13"
25.04.2026,59733577,maria.dubois285@hotmail.com,03.05.2026,12.05.2026,2247,VALVEN,8619,1054,Contractor calculation error.,Valtur Venice,1579.88
08.04.2026,65818452,nina.bianchi574@hotmail.com,11.07.2026,18.07.2026,1714,VALMAK,7547,1732,Booking Payer Error: Brak wymaganego parametru,,2925.50
29.04.2026,88244475,simon.smith139@outlook.com,19.06.2026,22.06.2026,1045,SUNMA2,2796,1467,Booking Complete Error: Error Message : StopSale.,,2943.29
01.04.2026,40890411,john.andersen50@yahoo.com,31.03.2026,05.04.2026,1426,HILRAS,8119,1054,Contractor calculation error.,Hilton Ras Al Khaimah,1620.02
08.04.2026,23966860,paul.petrov442@icloud.com,08.07.2026,11.07.2026,1301,MAXMAR,7484,1467,Booking Complete Error: Error Message : StopSale.,Maxx Royal Marmaris,390.62
25.04.2026,59777340,martin.schmidt946@icloud.com,25.05.2026,08.06.2026,4182,ATLPRO,5771,1467,Booking Complete Error: Error Message : StopSale.,Atlantica Protaras,879.05 PLN
14.04.2026,37619034,elena.schmidt878@yahoo.com,17.06.2026,26.06.2026,1301,voybod,2512,1755,Booking Create Error: Brak możliwości założenia rezerwacji winterfejsie.,Voyage Bodrum,2038.42
16.04.2026,72298460,irene.kowalski923@icloud.com,07.04.2026,14.04.2026,1045,SUNSHA,6977,1467,Booking Complete Error: Error Message : StopSale.,Sunrise Sharm El Sheikh,2167.26
11.04.2026,49080194,nina.andersen362@outlook.com,02.07.2026,07.07.2026,1301,voybod,2512,1755,Booking Create Error: Brak możliwości założenia rezerwacji winterfejsie.,Voyage Bodrum,2949.01
28.04.2026,67773629,paul.wilson844@yahoo.com,04.05.2026,09.05.2026,4182,LOUPA1,8679,1054,Contractor calculation error.,Louis Hotels Paphos Resort,3088.18
12.04.2026,82890984,elena.garcia680@outlook.com,27.05.2026,05.06.2026,1045,JAZELX,4733,1155,Not enough allotment,Jaz El Gouna,2371.29
11.04.2026,92677695,elena.kowalski273@icloud.com,10.06.2026,24.06.2026,1301,CRYKEM,5462,1467,Booking Complete Error: Error Message : StopSale.,Crystal Hotels Kemer,4188.46
16.04.2026,44713772,mark.kowalski417@proton.me,19.05.2026,24.05.2026,1426,radfuj,2776,1755,  Booking Create Error: Brak możliwości założenia rezerwacji winterfejsie.  ,Radisson Blu Fujairah,366.04
27.04.2026,83517562,zofia.nowak25@proton.me,16.06.2026,21.06.2026,1045,STETAB,4432,1155,Not enough allotment,Steigenberger Taba,1400.29
07.04.2026,80778039,thomas.novak459@yahoo.com,20.05.2026,27.05.2026,1301,RIXANT,1058,1732,Booking Payer Error: Brak wymaganego parametru,Rixos Antalya,2473.84
23.04.2026,35086055,simon.muller677@yahoo.com,05.05.2026,10.05.2026,1045,SUNELX,3340,1054,Contractor calculation error.,Sunwing El Gouna,"871,56"
19.04.2026,41381348,mark.smith676@outlook.com,07.06.2026,12.06.2026,1301, CRYMAR ,4492,1155,  Not enough allotment  ,Crystal Hotels Marmaris,2381.27
16.04.2026,22293104,anna.moretti569@proton.me,20.04.2026,23.04.2026,1301,TITSID,5616,1755,Booking Create Error: Brak możliwości założenia rezerwacji winterfejsie.,Titanic Side,388.20
11.04.2026,19232076,sophie.garcia266@proton.me,02.08.2026,07.08.2026,4182,ANAPAP,3573,1155,Not enough allotment,Anassa Paphos,"1281,31"
12.04.2026,53856872,simon.wagner482@icloud.com,13.07.2026,20.07.2026,1301, VOYAN1 ,5291,1755,BOOKING CREATE ERROR: BRAK MOŻLIWOŚCI ZAŁOŻENIA REZERWACJI WINTERFEJSIE.,Voyage Antalya Resort,1077.64
11.04.2026,70838563,elena.keller756@proton.me,05.05.2026,12.05.2026,1426,HILAB1,1027,5704,Improper reservation price.,Hilton Abu Dhabi Resort,1855.99 PLN
27.04.2026,85341065,james.muller685@outlook.com,28.07.2026,06.08.2026,1045,PICTAB,7543,5704,Improper reservation price.,Pickalbatros Taba,3503.57
13.04.2026,36725819,chris.schmidt737@yahoo.com,24.04.2026,27.04.2026,1301,DELSID,9004,1054,Contractor calculation error.,Delphin Side,"1031,41"
28.04.2026,86260745,kate.muller82@proton.me,16.05.2026,30.05.2026,1045,danmar,3266,1054,Contractor calculation error.,Dana Beach Marsa Alam,1257.83
08.04.2026,53362410,zofia.wagner503@proton.me,07.06.2026,21.06.2026,1301,TITMAR,5669,1054,CONTRACTOR CALCULATION ERROR.,Titanic Marmaris,1470.18
11.04.2026,71529651,sophie.keller7@proton.me,21.05.2026,04.06.2026,1426,HILAB1,1027,5704,Improper reservation price.,Hilton Abu Dhabi Resort,1974.82
26.04.2026,24086365,michael.garcia228@outlook.com,04.07.2026,09.07.2026,1301,DELMAR,9280,1467,Booking Complete Error: Error Message : StopSale.,Delphin Marmaris,2372.01
25.04.2026,73702238,claire.wagner451@hotmail.com,23.07.2026,30.07.2026,1045,STEMAR,3287,1054,Contractor calculation error.,Steigenberger Marsa Alam,3417.79
10.04.2026,30585690,andrew.keller760@hotmail.com,09.03.2026,12.03.2026,2653,TIVFUN,2958,1155,  Not enough allotment  ,Tivoli Funchal (Madeira),3372.52
28.04.2026,69138923,laura.petrov507@yahoo.com,30.07.2026,08.08.2026,1045,SUNEL1,8019,1755,Booking Create Error: Brak możliwości założenia rezerwacji winterfejsie.,Sunrise El Gouna,2398.42
20.04.2026,41524851,peter.bakker976@yahoo.com,24.05.2026,31.05.2026,4182,CONPRO,8438,1155,Not enough allotment,Constantinou Bros Protaras,1631.40
16.04.2026,92540166,emma.schmidt413@icloud.com,11.05.2026,18.05.2026,1045,DANMAR,3266,1054,Contractor calculation error.,Dana Beach Marsa Alam,2287.07
23.04.2026,78000049,michael.keller693@yahoo.com,12.06.2026,19.06.2026,1301,DELSID,9004,1225,There is already such a booking for this agent.,Delphin Side,-4009.40
11.04.2026,49146492,emma.roth172@hotmail.com,24.04.2026,01.05.2026,1301,DELAL1,3647,1054,Contractor calculation error.,Delphin Alanya Resort,"2341,97"
10.04.2026,59248998,paul.nowak540@outlook.com,27.05.2026,03.06.2026,1714,SUNPOR,8612,1467,  Booking Complete Error: Error Message : StopSale.  ,Sun Gardens Porec,3331.82
01.04.2026,79226031,claire.dubois758@hotmail.com,01.04.2026,06.04.2026,1045,STEMAR,3287,1155,Not enough allotment,Steigenberger Marsa Alam,"4126,58"
10.04.2026,23973438,zofia.kowalski244@outlook.com,18.06.2026,02.07.2026,1178,RIUPAL,8350,1225,There is already such a booking for this agent.,RIU Palma de Mallorca,3949.92
13.04.2026,69940949,anna.garcia521@icloud.com,22.06.2026,27.06.2026,2247,BAGSIC,9728,1054,Contractor calculation error.,Baglioni Hotels Sicily,3343.28
24.04.2026,87108752,martin.nowak840@icloud.com,28.05.2026,06.06.2026,1301,LIMALA,9808,1732,BOOKING PAYER ERROR: BRAK WYMAGANEGO PARAMETRU,Limak Alanya,"3450,31"
27.04.2026,63566592,sophie.kozlov314@icloud.com,18.07.2026,01.08.2026,1426,JUMSH1,1727,1155,Not enough allotment,Jumeirah Sharjah Resort,3542.51 PLN
13.04.2026,99333082,mark.kozlov417@proton.me,01.05.2026,06.05.2026,1301,VOYBEL,2200,1155,Not enough allotment,Voyage Belek,2864.82
14.04.2026,59056607,irene.bianchi95@icloud.com,05.04.2026,08.04.2026,1045,SUNHUR,7065,1778,Booking Complete Error: Zablokowano allotment online.,Sunrise Hurghada,504.78
13.04.2026,58330429,maria.johnson56@yahoo.com,02.06.2026,16.06.2026,1301,LIMANT,2697,1155,Not enough allotment,Limak Antalya,346.66
25.04.2026,16202184,nina.bakker681@icloud.com,08.06.2026,17.06.2026,2653,villis,6169,1755,Booking Create Error: Brak możliwości założenia rezerwacji winterfejsie.,Vila Vita Parc Lisbon,3142.64
22.04.2026,11055438,julia.rossi31@yahoo.com,10.05.2026,24.05.2026,1045,CORHUR,8428,1732,Booking Payer Error: Brak wymaganego parametru,Coral Sea Hurghada,1068.95
16.04.2026,21871101,martin.kozlov236@yahoo.com,28.05.2026,11.06.2026,1426,ADDRA1,8144,1155,Not enough allotment,Address Hotels Ras Al Khaimah Resort,459.41
24.04.2026,25364077,thomas.johnson472@proton.me,08.06.2026,15.06.2026,1301,delal1,3647,1155,Not enough allotment,Delphin Alanya Resort,1583.50
29.04.2026,29984925,robert.wagner31@outlook.com,10.06.2026,17.06.2026, 1714,BLUROV,7991,1467,Booking Complete Error: Error Message : StopSale.,Bluesun Rovinj,3125.33
06.04.2026,88222933,nina.bakker766@hotmail.com,28.06.2026,07.07.2026,1426,RADDU1,6143,1054,Contractor calculation error.,Radisson Blu Dubai Resort,2504.02
01.04.2026,78019354,claire.wilson868@gmail.com,19.06.2026,24.06.2026, 1426,ROTRAS,8149,1467,Booking Complete Error: Error Message : StopSale.,Rotana Ras Al Khaimah,1370.72
27.04.2026,56794869,kate.larsen318@hotmail.com,19.03.2026,02.04.2026,2247,VALSAR,6111,1054,Contractor calculation error.,Valtur Sardinia,516.88
29.04.2026,35481281,sophie.roth848@outlook.com,14.08.2026,17.08.2026,1045,CORMAK,7216,1225,There is already such a booking for this agent.,Coral Sea Makadi Bay,1400.16
13.04.2026,96979318,elena.wagner751@outlook.com,14.05.2026,23.05.2026,1426,RADDU1,6143,5704,  Improper reservation price.  ,Radisson Blu Dubai Resort,3460.21
20.04.2026,70984401,zofia.wilson351@yahoo.com,12.04.2026,15.04.2026,1178,BAHGRA,6107,1778,  Booking Complete Error: Zablokowano allotment online.  ,Bahia Principe Gran Canaria,3052.28
15.04.2026,65478943,david.bakker481@hotmail.com,25.05.2026,30.05.2026,4182,AMAPAP,4404,1778,Booking Complete Error: Zablokowano allotment online.,Amara Paphos,1472.69 PLN
15.04.2026,87511871,zofia.smith512@proton.me,23.04.2026,28.04.2026,1301,LIMANT,2697,1155,Not enough allotment,Limak Antalya,"3701,31"
18.04.2026,25749208,mark.wilson112@outlook.com,12.06.2026,26.06.2026,4182,CONLIM,5720,,Booking Complete Error: Error Message : StopSale.,Constantinou Bros Limassol,1704.23
06.04.2026,52128097,chris.rossi63@yahoo.com,31.05.2026,09.06.2026,1178,BARTEN,2163,1155,Not enough allotment,Barceló Tenerife,
17.04.2026,49218882,alice.berg798@outlook.com,27.05.2026,10.06.2026,1426,ROTABU,3925,5704,Improper reservation price.,Rotana Abu Dhabi,644.69
26.04.2026,92114934,andrew.dubois156@gmail.com,05.07.2026,12.07.2026,1178,MELTEN,2545,8056,Wrong room configuration,Meliá Tenerife,1945.77
27.04.2026,32926391,simon.muller142@outlook.com,01.07.2026,10.07.2026, 1178,MELIBI,7596,5704,Improper reservation price.,Meliá Ibiza,2665.96
22.04.2026,37785580,alice.kozlov235@outlook.com,08.07.2026,17.07.2026,1045,HILSHA,1916,1755,Booking Create Error: Brak możliwości założenia rezerwacji winterfejsie.,Hilton Sharm El Sheikh,3205.19
02.04.2026,20954066,chris.petrov168@icloud.com,07.06.2026,21.06.2026,4182,ANALI1,5102,1225,There is already such a booking for this agent.,Anassa Limassol Resort,2573.89
22.04.2026,55434240,michael.nowak497@icloud.com,25.04.2026,02.05.2026,4182,CONAYI,2229,1755,Booking Create Error: Brak możliwości założenia rezerwacji winterfejsie.,Constantinou Bros Ayia Napa,1644.85
27.04.2026,40092731,claire.muller292@hotmail.com,04.06.2026,09.06.2026,4182,OLYLIM,4824,1225,There is already such a booking for this agent.,Olympic Lagoon Limassol,"593,64"
01.04.2026,78280468,olga.meyer963@proton.me,01.08.2026,08.08.2026,1178,BARIBI,4750,1732,Booking Payer Error: Brak wymaganego parametru,Barceló Ibiza,3810.28
06.04.2026,30840572,daniel.dubois235@yahoo.com,19.04.2026,03.05.2026,1301,RIXALA,6147,1155,Not enough allotment,Rixos Alanya,583.03
17.04.2026,65335261,maria.nowak370@icloud.com,19.05.2026,02.06.2026,1301,BARKEM,9666,1155,Not enough allotment,Barut Hotels Kemer,-3779.09
04.04.2026,67790557,andrew.schmidt835@outlook.com,11.04.2026,25.04.2026,1178,NHPALX,9856,1467,BOOKING COMPLETE ERROR: ERROR MESSAGE : STOPSALE.,NH Collection Palma de Mallorca,3434.36
21.04.2026,76532158,olga.dubois38@icloud.com,28.07.2026,06.08.2026,1045,JAZTAB,2489,1155,Not enough allotment,Jaz Taba,3161.46
16.04.2026,27982209,sophie.fischer998@yahoo.com,26.06.2026,01.07.2026,1178, OCCCOS ,4770,1467,Booking Complete Error: Error Message : StopSale.,Occidental Costa del Sol,3094.65
07.04.2026,38330916,andrew.larsen692@icloud.com,27.07.2026,30.07.2026,1301,CRYALA,6464,1467,Booking Complete Error: Error Message : StopSale.,Crystal Hotels Alanya,339.66
22.04.2026,84502609,george.weber154@hotmail.com,20.04.2026,27.04.2026,1045,SUNMA1,9179,1755,  Booking Create Error: Brak możliwości założenia rezerwacji winterfejsie.  ,Sunrise Marsa Alam,2178.59
10.04.2026,97316295,zofia.muller700@gmail.com,25.06.2026,09.07.2026,1301,BARALA,3144,5704,Improper reservation price.,Barut Hotels Alanya,"3357,90"
28.04.2026,22825399,zofia.smith310@outlook.com,28.07.2026,02.08.2026,1301,CRYANT,7868,5704,Improper reservation price.,Crystal Hotels Antalya,3156.70
19.04.2026,94101535,robert.roth979@hotmail.com,09.04.2026,14.04.2026,1045,picmak,7482,1155,Not enough allotment,Pickalbatros Makadi Bay,1746.48
01.04.2026,34122210,anna.wilson913@proton.me,07.06.2026,10.06.2026,1301,LIMBEL,4910,1778,Booking Complete Error: Zablokowano allotment online.,,3841.09
24.04.2026,20059485,james.novak494@gmail.com,03.04.2026,10.04.2026,1714,VALROV,4997,1225,  There is already such a booking for this agent.  ,Valamar Rovinj,3758.00
12.04.2026,77674129,olga.moretti290@hotmail.com,09.07.2026,12.07.2026,1301,VOYANT,9565,1467,Booking Complete Error: Error Message : StopSale.,Voyage Antalya,3698.67
21.04.2026,86498139,andrew.petrov284@proton.me,06.04.2026,13.04.2026,2653,PINPOR,5636,1155,  Not enough allotment  ,Pine Cliffs Porto,"2034,49"
04.04.2026,73868261,maria.smith983@hotmail.com,18.06.2026,27.06.2026,1714,AMASPL,9702,1732,Booking Payer Error: Brak wymaganego parametru,Amadria Park Split,"3124,97"
29.04.2026,22419350,daniel.roth638@outlook.com,09.08.2026,14.08.2026,1045,JAZELX,4733,5704,Improper reservation price.,Jaz El Gouna,1432.51
20.04.2026,67796330,david.moretti322@yahoo.com,10.06.2026,17.06.2026,1178,IBEFUE,5563,1732,Booking Payer Error: Brak wymaganego parametru,Iberostar Fuerteventura,3471.13
12.04.2026,81841998,paul.larsen255@yahoo.com,15.06.2026,20.06.2026,2247,NHSARX,1317,1155,Not enough allotment,NH Collection Sardinia,3344.95
05.04.2026,56654498,john.bakker363@gmail.com,10.07.2026,13.07.2026,1045,JAZHUR,4456,1155,Not enough allotment,Jaz Hurghada,"2132,67"
26.04.2026,47746670,anna.bakker969@yahoo.com,01.08.2026,10.08.2026,1301,LIMANT,2697,1755,Booking Create Error: Brak możliwości założenia rezerwacji winterfejsie.,Limak Antalya,2975.36
23.04.2026,36551960,simon.nowak733@outlook.com,30.05.2026,13.06.2026,1714,BLUMA1,5499,1155,Not enough allotment,Bluesun Makarska Resort,2207.81
11.04.2026,71563737,peter.moretti715@gmail.com,10.06.2026,15.06.2026,2653,VILALB,4937,1155,  Not enough allotment  ,Vila Vita Parc Albufeira,2125.56
30.04.2026,70675850,irene.wagner346@proton.me,25.04.2026,02.05.2026,4182,AMAAYI,4241,1054,Contractor calculation error.,Amara Ayia Napa,461.71
19.04.2026,27018505,martin.berg550@gmail.com,21.04.2026,28.04.2026,1045,RIXSHA,3621,1054,Contractor calculation error.,Rixos Sharm El Sheikh,1383.40 PLN
29.04.2026,53045133,julia.larsen412@outlook.com,21.07.2026,26.07.2026,2653,VIDFU1,1893,1732,Booking Payer Error: Brak wymaganego parametru,Vidamar Resorts Funchal (Madeira) Resort,3154.02
24.04.2026,49536330,paul.fischer945@outlook.com,24.06.2026,01.07.2026,1045, DANELX ,4814,1467,Booking Complete Error: Error Message : StopSale.,Dana Beach El Gouna,2094.47
04.04.2026,45377880,peter.wagner672@outlook.com,29.04.2026,02.05.2026,1178,NHIBIX,7912,1467,Booking Complete Error: Error Message : StopSale.,NH Collection Ibiza,
07.04.2026,29108179,james.keller476@hotmail.com,27.07.2026,01.08.2026,1301,RIXANT,1058,1467,Booking Complete Error: Error Message : StopSale.,Rixos Antalya,"1724,56"
28.04.2026,84526321,thomas.muller960@outlook.com,18.05.2026,27.05.2026,1301,delal1,3647,5704,Improper reservation price.,Delphin Alanya Resort,"870,06"
05.04.2026,84756776,laura.keller993@proton.me,09.07.2026,12.07.2026,1045,STEMAK,5304,1467,Booking Complete Error: Error Message : StopSale.,Steigenberger Makadi Bay,"1359,36"
24.04.2026,45257940,claire.schmidt814@yahoo.com,23.07.2026,30.07.2026,2653,VIDPO1,9042,1155,Not enough allotment,Vidamar Resorts Porto Resort,3905.49
06.04.2026,18585082,robert.berg223@gmail.com,29.03.2026,05.04.2026,1045,SUNSHA,6977,1467,Booking Complete Error: Error Message : StopSale.,Sunrise Sharm El Sheikh,429.61
27.04.2026,52734662,mark.schmidt745@outlook.com,01.05.2026,04.05.2026,1714,VALDU1,6502,1155,Not enough allotment,Valamar Dubrovnik Resort,2573.15
02.04.2026,15678881,alice.kravets442@icloud.com,07.05.2026,12.05.2026,1178,HBENXX,8579,1155,Not enough allotment,H10 Hotels Benidorm,492.73 PLN
15.04.2026,44081688,kate.wagner775@outlook.com,09.07.2026,23.07.2026,1714, RADPO1 ,6238,1155,Not enough allotment,Radisson Blu Porec Resort,3929.82
30.04.2026,59260465,paul.muller742@gmail.com,25.06.2026,28.06.2026,1714, VALMA1 ,4841,1054,Contractor calculation error.,Valamar Makarska Resort,"923,67"
07.04.2026,27617011,maria.moretti794@proton.me,17.04.2026,22.04.2026,1045,BARMAK,4150,1467,Booking Complete Error: Error Message : StopSale.,Baron Resort Makadi Bay,2350.99
14.04.2026,36551960,olga.muller15@outlook.com,30.05.2026,13.06.2026,1714,BLUMA1,5499,1467,  Booking Complete Error: Error Message : StopSale.  ,Bluesun Makarska Resort,2207.81
11.04.2026,35839651,simon.weber138@outlook.com,20.08.2026,23.08.2026,1045,PICHUR,2084,1732,Booking Payer Error: Brak wymaganego parametru,Pickalbatros Hurghada,2096.46
09.04.2026,13145143,emma.johnson312@icloud.com,21.05.2026,04.06.2026,1714,VALDU1,6502,5704,  Improper reservation price.  ,Valamar Dubrovnik Resort,354.02
21.04.2026,96418337,sophie.andersen163@hotmail.com,04.06.2026,18.06.2026,1301,CRYAN1,3143,1054,Contractor calculation error.,Crystal Hotels Antalya Resort,475.38
08.04.2026,89772506,laura.keller594@proton.me,10.05.2026,19.05.2026,2247,NHSICX,2124,1054,Contractor calculation error.,NH Collection Sicily,3328.83
03.04.2026,29052219,peter.meyer504@yahoo.com,10.06.2026,17.06.2026,1045,rixtab,5554,1155,Not enough allotment,,3856.25
10.04.2026,97373916,john.smith644@hotmail.com,07.05.2026,21.05.2026,1045,DANHUR,2139,1054,Contractor calculation error.,Dana Beach Hurghada,2678.66
23.04.2026,45418333,emma.muller984@proton.me,14.06.2026,23.06.2026,1178,MELFUE,5562,1054,Contractor calculation error.,,3130.58
15.04.2026,79322944,anna.moretti759@hotmail.com,29.05.2026,12.06.2026, 1045,DANHU1,7252,1467,Booking Complete Error: Error Message : StopSale.,Dana Beach Hurghada Resort,730.73
09.04.2026,25860705,david.fischer186@icloud.com,21.05.2026,30.05.2026,1301,LIMBE1,2832,5704,Improper reservation price.,Limak Belek Resort,427.97
26.04.2026,22130508,paul.meyer894@gmail.com,05.07.2026,10.07.2026, 1045,JAZSHA,8517,1225,There is already such a booking for this agent.,Jaz Sharm El Sheikh,1964.19
05.04.2026,97247431,irene.wilson596@hotmail.com,29.05.2026,01.06.2026,1426,HILSH1,6663,1155,Not enough allotment,Hilton Sharjah,1222.74
04.04.2026,24514369,john.costa572@hotmail.com,20.04.2026,04.05.2026,4182,CONPAP,2625,1755,Booking Create Error: Brak możliwości założenia rezerwacji winterfejsie.,Constantinou Bros Paphos,912.90
04.04.2026,53524373,maria.keller651@gmail.com,04.06.2026,11.06.2026,4182,AMAPR1,5415,1467,Booking Complete Error: Error Message : StopSale.,Amara Protaras Resort,
17.04.2026,66081482,zofia.bianchi175@yahoo.com,16.03.2026,19.03.2026,1045,HILELX,6168,5704,Improper reservation price.,,2323.60 PLN
05.04.2026,84116934,michael.dubois14@hotmail.com,19.04.2026,24.04.2026, 1714,RADPOR,1090,1155,  Not enough allotment  ,Radisson Blu Porec,834.93
23.04.2026,62437549,paul.lang65@icloud.com,11.06.2026,25.06.2026,1178,OCCIBI,2612,1732,Booking Payer Error: Brak wymaganego parametru,Occidental Ibiza,3763.87
28.04.2026,13288189,anna.dubois254@hotmail.com,26.05.2026,02.06.2026,1301,LIMBE1,2832,1467,Booking Complete Error: Error Message : StopSale.,Limak Belek Resort,3606.16
18.04.2026,39070676,emma.larsen71@yahoo.com,02.07.2026,05.07.2026,1426,RADAB1,5844,1155,Not enough allotment,Radisson Blu Abu Dhabi Resort,2024.35
10.04.2026,63852476,kate.fischer208@proton.me,08.06.2026,22.06.2026,1045,SUNMAK,6155,1732,Booking Payer Error: Brak wymaganego parametru,Sunrise Makadi Bay,1458.34
07.04.2026,53842673,john.johnson91@hotmail.com,25.04.2026,04.05.2026,1178,BARCOS,8744,1225,There is already such a booking for this agent.,Barceló Costa del Sol,3588.78
03.04.2026,86260745,james.kowalski168@gmail.com,16.05.2026,30.05.2026,1045,danmar,3266,1467,Booking Complete Error: Error Message : StopSale.,Dana Beach Marsa Alam,1257.83
21.04.2026,92759256,claire.wilson339@icloud.com,17.06.2026,01.07.2026,2653,PINALB,4155,5704,Improper reservation price.,Pine Cliffs Albufeira,
07.04.2026,83531963,anna.kravets813@icloud.com,27.05.2026,01.06.2026,2653,PESLIS,2524,1755,Booking Create Error: Brak możliwości założenia rezerwacji winterfejsie.,Pestana Lisbon,3812.56
19.04.2026,87024699,david.andersen66@hotmail.com,08.08.2026,22.08.2026,4182,loupa1,8679,5704,Improper reservation price.,Louis Hotels Paphos Resort,3674.43
30.04.2026,17507424,andrew.petrov723@hotmail.com,02.07.2026,05.07.2026,2247,NHSAR1,6934,5704,Improper reservation price.,NH Collection Sardinia Resort,1256.02
27.04.2026,93730015,laura.muller472@outlook.com,23.04.2026,07.05.2026,1045,SUNTA1,3664,1467,Booking Complete Error: Error Message : StopSale.,Sunwing Taba,
30.04.2026,96493863,irene.kowalski843@icloud.com,18.07.2026,25.07.2026,2653,domal1,5136,1467,Booking Complete Error: Error Message : StopSale.,Dom Pedro Albufeira Resort,1854.84
22.04.2026,81514416,chris.johnson632@proton.me,01.05.2026,10.05.2026,2247,UNARIM,3068,1155,Not enough allotment,UNA Hotels Rimini,597.41
22.04.2026,38439577,zofia.lang255@yahoo.com,19.06.2026,03.07.2026,1045,DANTAB,5339,1155,Not enough allotment,Dana Beach Taba,2180.42
09.04.2026,33311088,marta.bakker592@icloud.com,30.06.2026,09.07.2026,1045,STEELX,3803,5704,Improper reservation price.,Steigenberger El Gouna,2526.30
29.04.2026,14438720,george.garcia281@outlook.com,05.04.2026,10.04.2026,1045,jazmar,9085,1155,Not enough allotment,Jaz Marsa Alam,2052.97
04.04.2026,27349748,john.weber649@icloud.com,21.04.2026,24.04.2026,1178,HIBIXX,9834,1054,Contractor calculation error.,H10 Hotels Ibiza,3137.19
06.04.2026,92180715,nina.roth828@outlook.com,27.06.2026,06.07.2026,1301,LIMBEL,4910,1225,There is already such a booking for this agent.,Limak Belek,1254.89
20.04.2026,80495248,maria.nowak532@hotmail.com,31.07.2026,14.08.2026,1178,NHCOS1,2604,1732,Booking Payer Error: Brak wymaganego parametru,NH Collection Costa Brava,2783.51
02.04.2026,33040424,robert.roth563@icloud.com,07.05.2026,16.05.2026,1178,NHIBIX,7912,1155,  Not enough allotment  ,NH Collection Ibiza,460.39
14.04.2026,70173215,sophie.kozlov197@icloud.com,12.08.2026,19.08.2026,1301, LIMMAR ,5956,1155,NOT ENOUGH ALLOTMENT,Limak Marmaris,3005.18
19.04.2026,20651368,andrew.fischer456@outlook.com,19.07.2026,24.07.2026,1301,TITANT,8508,1054,Contractor calculation error.,Titanic Antalya,809.33
14.04.2026,21849364,anna.wagner705@outlook.com,29.07.2026,03.08.2026,1045,CORMA1,2040,1755,Booking Create Error: Brak możliwości założenia rezerwacji winterfejsie.,Coral Sea Marsa Alam Resort,-1070.90
13.04.2026,51733564,paul.costa135@yahoo.com,17.06.2026,22.06.2026,4182,ATLLAR,4683,1755,Booking Create Error: Brak możliwości założenia rezerwacji winterfejsie.,Atlantica Larnaca,"3658,16"
16.04.2026,36252367,emma.kravets795@hotmail.com,22.06.2026,29.06.2026,1045,BARSHA,7227,1467,Booking Complete Error: Error Message : StopSale.,,1306.77
27.04.2026,90378849,james.costa934@hotmail.com,22.05.2026,29.05.2026,1178,IBEGRA,9479,1155,Not enough allotment,Iberostar Gran Canaria,2223.33 PLN
24.04.2026,98615387,peter.lang70@proton.me,12.06.2026,26.06.2026,1426,ADDDUB,1387,1732,  Booking Payer Error: Brak wymaganego parametru  ,Address Hotels Dubai,3382.32
02.04.2026,20219296,julia.johnson209@hotmail.com,27.04.2026,06.05.2026,1426,ajmab1,5920,5704,Improper reservation price.,Ajman Saray Abu Dhabi Resort,831.74
14.04.2026,77276645,peter.petrov746@outlook.com,08.07.2026,13.07.2026,4182,AMAPR1,5415,1225,There is already such a booking for this agent.,Amara Protaras Resort,"3603,44"
19.04.2026,50308304,peter.smith711@yahoo.com,03.08.2026,12.08.2026,1045,DANSHA,2307,1155,Not enough allotment,Dana Beach Sharm El Sheikh,3823.47
28.04.2026,94423779,elena.wilson376@outlook.com,12.03.2026,15.03.2026,1178,BARFUE,8953,1155,Not enough allotment,Barceló Fuerteventura,1404.57
09.04.2026,92629508,elena.kravets343@yahoo.com,27.07.2026,03.08.2026,1301,BARALA,3144,1225,There is already such a booking for this agent.,Barut Hotels Alanya,"601,66"
28.04.2026,48803134,david.fischer53@hotmail.com,11.08.2026,25.08.2026,1426,ROTRAS,8149,1054,Contractor calculation error.,Rotana Ras Al Khaimah,2552.31
14.04.2026,51948384,michael.dubois342@proton.me,09.06.2026,14.06.2026,1045,JAZTAB,2489,5704,  Improper reservation price.  ,Jaz Taba,274.12
28.04.2026,20938161,george.kravets682@icloud.com,06.08.2026,15.08.2026,1301,VOYKEM,2188,1155,Not enough allotment,Voyage Kemer,1794.30
27.04.2026,98603880,zofia.wilson130@proton.me,22.06.2026,25.06.2026,1178,MELIBI,7596,1732,Booking Payer Error: Brak wymaganego parametru,Meliá Ibiza,1043.43
02.04.2026,80598873,thomas.muller933@outlook.com,24.05.2026,31.05.2026,2653,VILALB,4937,1155,Not enough allotment,Vila Vita Parc Albufeira,"1019,81"
24.04.2026,75248523,nina.roth56@outlook.com,27.07.2026,30.07.2026,1301,LIMBOD,2127,5704,Improper reservation price.,Limak Bodrum,2832.58
28.04.2026,67790557,john.petrov983@icloud.com,11.04.2026,25.04.2026,1178,nhpalx,9856,1155,Not enough allotment,NH Collection Palma de Mallorca,
27.04.2026,76065913,laura.costa317@gmail.com,03.06.2026,10.06.2026,1178,MELCOS,1344,1155,Not enough allotment,Meliá Costa del Sol,502.76
09.04.2026,60347225,emma.dubois428@gmail.com,14.08.2026,23.08.2026,1426,RADRAS,7528,1225,There is already such a booking for this agent.,Radisson Blu Ras Al Khaimah,3036.46
09.04.2026,65335261,paul.berg54@hotmail.com,19.05.2026,02.06.2026,1301,BARKEM,9666,5704,Improper reservation price.,Barut Hotels Kemer,
09.04.2026,38135317,david.kozlov210@outlook.com,16.07.2026,19.07.2026,1178,HCOSXX,7939,1225,  There is already such a booking for this agent.  ,H10 Hotels Costa del Sol,2875.72
30.04.2026,31908706,elena.kowalski826@yahoo.com,19.05.2026,28.05.2026,2653,TIVFUN,2958,1155,NOT ENOUGH ALLOTMENT,Tivoli Funchal (Madeira),798.48
25.04.2026,85208373,peter.weber735@gmail.com,05.07.2026,12.07.2026,1045,SUNSHA,6977,1755,  Booking Create Error: Brak możliwości założenia rezerwacji winterfejsie.  ,Sunrise Sharm El Sheikh,"4101,75"
30.04.2026,85138972,kate.moretti471@gmail.com,12.06.2026,15.06.2026,1301,RIXSID,6617,1155,NOT ENOUGH ALLOTMENT,Rixos Side,2826.09
02.04.2026,61133053,peter.bianchi92@icloud.com,29.06.2026,06.07.2026,2247,BLUSAR,7043,1155,Not enough allotment,Bluserena Sardinia,330.95
11.04.2026,75151093,george.wilson654@proton.me,23.06.2026,02.07.2026,1426,RADDUB,6378,5704,  Improper reservation price.  ,Radisson Blu Dubai,2620.01
27.04.2026,85004808,chris.smith954@outlook.com,23.06.2026,02.07.2026,1301,LIMBE1,2832,1225,There is already such a booking for this agent.,Limak Belek Resort,755.02
30.04.2026,23686802,john.wagner777@outlook.com,09.07.2026,23.07.2026,1045,SUNMAK,6155,1732,Booking Payer Error: Brak wymaganego parametru,Sunrise Makadi Bay,3087.13
11.04.2026,80722909,olga.dubois809@yahoo.com,06.06.2026,11.06.2026,1178,barten,2163,5704,Improper reservation price.,Barceló Tenerife,"4109,55"
04.04.2026,17734153,zofia.keller196@gmail.com,20.06.2026,29.06.2026,2247,BAGVEN,8758,1155,Not enough allotment,Baglioni Hotels Venice,2471.42
04.04.2026,66122786,nina.dubois738@proton.me,24.06.2026,08.07.2026,2247,VALSAR,6111,1155,NOT ENOUGH ALLOTMENT,Valtur Sardinia,
18.04.2026,21862766,claire.garcia486@yahoo.com,20.06.2026,29.06.2026,2653,domfun,5530,1755,Booking Create Error: Brak możliwości założenia rezerwacji winterfejsie.,Dom Pedro Funchal (Madeira),365.45 PLN
07.04.2026,29190390,mark.bakker518@gmail.com,04.05.2026,11.05.2026,1178,MELCO1,7735,1225,THERE IS ALREADY SUCH A BOOKING FOR THIS AGENT.,Meliá Costa Brava,1256.41
14.04.2026,13369963,martin.meyer377@proton.me,12.05.2026,17.05.2026,1045,PICMAK,7482,1732,Booking Payer Error: Brak wymaganego parametru,Pickalbatros Makadi Bay,3779.75
11.04.2026,93922781,laura.kravets718@icloud.com,05.05.2026,19.05.2026,1178,NHGRAX,7537,1155,Not enough allotment,NH Collection Gran Canaria,2407.73
05.04.2026,61176016,elena.novak930@gmail.com,11.06.2026,16.06.2026,1426,MARFU1,3041,1467,Booking Complete Error: Error Message : StopSale.,Marriott Fujairah Resort,2095.96
19.04.2026,40434030,martin.moretti571@icloud.com,21.08.2026,24.08.2026,1426,HILSH1,6663,5704,Improper reservation price.,Hilton Sharjah,3546.32
09.04.2026,36119029,claire.bianchi384@proton.me,27.06.2026,11.07.2026,1045,SUNTA1,3664,5704,Improper reservation price.,Sunwing Taba,3994.62
04.04.2026,47531240,mark.bakker235@gmail.com,05.06.2026,14.06.2026,1301,DELSID,9004,1054,Contractor calculation error.,Delphin Side,2030.38
04.04.2026,59075036,irene.moretti56@hotmail.com,08.05.2026,11.05.2026,1178,BAHCO1,3296,1467,Booking Complete Error: Error Message : StopSale.,Bahia Principe Costa del Sol,"3991,48"
15.04.2026,10431784,emma.weber608@gmail.com,08.06.2026,15.06.2026,1178,RIUCO1,1828,5704,Improper reservation price.,RIU Costa del Sol,4114.96
07.04.2026,78325483,julia.berg219@hotmail.com,17.07.2026,22.07.2026,1045,RIXSHA,3621,1155,Not enough allotment,Rixos Sharm El Sheikh,-1340.64
18.04.2026,45120118,anna.andersen461@outlook.com,07.07.2026,21.07.2026,1045,DANTAB,5339,1155,Not enough allotment,Dana Beach Taba,2392.63
18.04.2026,71663283,andrew.johnson751@yahoo.com,22.05.2026,27.05.2026,1178,IBECOS,9423,1778,  Booking Complete Error: Zablokowano allotment online.  ,Iberostar Costa Brava,873.79
17.04.2026,38553319,irene.muller359@hotmail.com,29.05.2026,12.06.2026,1426,AJMDUB,1452,1755,Booking Create Error: Brak możliwości założenia rezerwacji winterfejsie.,Ajman Saray Dubai,861.18
21.04.2026,63566592,zofia.fischer807@outlook.com,18.07.2026,01.08.2026,1426,JUMSH1,1727,1155,Not enough allotment,Jumeirah Sharjah Resort,3542.51
08.04.2026,14806688,martin.berg698@proton.me,12.04.2026,21.04.2026,1045,SUNMAR,6313,1155,Not enough allotment,Sunwing Marsa Alam,"4064,19"
20.04.2026,76832297,daniel.roth192@yahoo.com,05.08.2026,10.08.2026,1714,BLUPOR,8305,1054,Contractor calculation error.,Bluesun Porec,1383.59
06.04.2026,26591378,kate.roth370@proton.me,23.06.2026,30.06.2026,1301,VOYSID,7054,1155,Not enough allotment,Voyage Side,2090.31
09.04.2026,81645549,michael.weber246@proton.me,28.07.2026,31.07.2026,1426,JUMRA1,6344,1054,Contractor calculation error.,Jumeirah Ras Al Khaimah Resort,3153.06
06.04.2026,42611649,michael.costa950@gmail.com,29.06.2026,06.07.2026,4182, ANAPA1 ,3037,1054,CONTRACTOR CALCULATION ERROR.,Anassa Paphos Resort,"305,08"
06.04.2026,99279031,laura.moretti473@yahoo.com,08.06.2026,13.06.2026,2653,DOMPOR,6419,1467,Booking Complete Error: Error Message : StopSale.,Dom Pedro Porto,"1554,80"
02.04.2026,50176369,daniel.wilson872@hotmail.com,14.06.2026,21.06.2026,1178,RIUCOS,8062,1054,Contractor calculation error.,RIU Costa Brava,4087.07 PLN
23.04.2026,46593570,george.wilson992@gmail.com,04.04.2026,11.04.2026,1714,sunpo1,6421,1155,Not enough allotment,,2342.41
17.04.2026,58607028,emma.novak696@icloud.com,24.06.2026,01.07.2026,1045,JAZELX,4733,1155,Not enough allotment,,1762.27
09.04.2026,51741993,anna.meyer412@gmail.com,04.04.2026,11.04.2026,4182,ANALAR,7693,1778,Booking Complete Error: Zablokowano allotment online.,,1024.49
28.04.2026,25458308,julia.lang971@hotmail.com,16.07.2026,23.07.2026,1301,TITALA,4335,1054,Contractor calculation error.,Titanic Alanya,"1849,88"
02.04.2026,99309703,james.garcia338@gmail.com,18.07.2026,25.07.2026,1045,BARTAB,5374,1054,Contractor calculation error.,Baron Resort Taba,3225.28
08.04.2026,14245067,chris.nowak381@icloud.com,11.07.2026,18.07.2026,1045,DANELX,4814,5704,Improper reservation price.,Dana Beach El Gouna,1322.41
08.04.2026,81408187,david.bakker72@gmail.com,08.05.2026,15.05.2026,1045,STESHA,3504,1467,Booking Complete Error: Error Message : StopSale.,Steigenberger Sharm El Sheikh,"3624,12"
16.04.2026,64908412,james.novak555@icloud.com,24.05.2026,07.06.2026,1301,TITBEL,3200,1054,Contractor calculation error.,Titanic Belek,2880.08
08.04.2026,50417154,julia.bianchi283@icloud.com,11.04.2026,18.04.2026,1045,CORMAK,7216,1155,Not enough allotment,Coral Sea Makadi Bay,1310.21
09.04.2026,56223620,david.kozlov408@proton.me,28.03.2026,11.04.2026,1301,CRYAN1,3143,8056,Wrong room configuration,Crystal Hotels Antalya Resort,"3466,20"
14.04.2026,83584618,peter.weber312@yahoo.com,20.04.2026,04.05.2026,1714,AMADUB,5543,1732,Booking Payer Error: Brak wymaganego parametru,Amadria Park Dubrovnik,"1012,77"
05.04.2026,50810571,george.larsen122@gmail.com,16.08.2026,21.08.2026,1178,riuco1,1828,1155,Not enough allotment,RIU Costa del Sol,3302.80
22.04.2026,65158740,alice.rossi398@gmail.com,12.05.2026,15.05.2026, 1045,RIXELX,5010,1155,Not enough allotment,Rixos El Gouna,"2607,41"
23.04.2026,25673796,anna.petrov994@hotmail.com,15.07.2026,24.07.2026,1426,HILRAS,8119,1155,Not enough allotment,Hilton Ras Al Khaimah,2069.55
07.04.2026,31203129,daniel.larsen368@hotmail.com,07.06.2026,21.06.2026,1045,DANMAR,3266,1732,  Booking Payer Error: Brak wymaganego parametru  ,Dana Beach Marsa Alam,"541,75"
24.04.2026,17328474,nina.fischer657@yahoo.com,17.06.2026,20.06.2026,1301,VOYMAR,2753,5704,Improper reservation price.,Voyage Marmaris,1811.40
10.04.2026,61653627,laura.novak419@gmail.com,09.07.2026,23.07.2026,1045,CORMAK,7216,1755,Booking Create Error: Brak możliwości założenia rezerwacji winterfejsie.,Coral Sea Makadi Bay,"1421,62"
13.04.2026,31010826,alice.novak36@icloud.com,02.05.2026,07.05.2026,1714,RADSP1,8206,1054,Contractor calculation error.,Radisson Blu Split Resort,2017.66
26.04.2026,72003491,sophie.kozlov991@hotmail.com,20.05.2026,03.06.2026,1426,AJMRAS,5573,1155,Not enough allotment,,1770.92
24.04.2026,19240560,chris.andersen181@icloud.com,03.07.2026,12.07.2026,1426,ADDDU1,8066,5704,Improper reservation price.,Address Hotels Dubai Resort,1442.61
07.04.2026,41227854,alice.andersen20@hotmail.com,14.03.2026,19.03.2026,1426,HILSH1,6663,1155,Not enough allotment,Hilton Sharjah,4002.37
18.04.2026,99931125,emma.berg898@yahoo.com,22.04.2026,01.05.2026,1426,MARRAS,4164,1155,Not enough allotment,Marriott Ras Al Khaimah,1616.67
21.04.2026,35195869,maria.rossi890@outlook.com,06.05.2026,13.05.2026,1045,DANSHA,2307,1732,Booking Payer Error: Brak wymaganego parametru,Dana Beach Sharm El Sheikh,"1723,17"
15.04.2026,84797064,john.schmidt899@proton.me,12.04.2026,21.04.2026,1045,BARHUR,1525,1155,  Not enough allotment  ,Baron Resort Hurghada,"3023,09"
07.04.2026,67765028,peter.petrov940@icloud.com,28.05.2026,11.06.2026, 4182,OLYLAR,4457,1467,Booking Complete Error: Error Message : StopSale.,Olympic Lagoon Larnaca,419.84
25.04.2026,62677239,simon.rossi428@hotmail.com,04.04.2026,13.04.2026,4182,AMAPRO,5334,1225,There is already such a booking for this agent.,Amara Protaras,2412.80
30.04.2026,65015092,james.kozlov414@hotmail.com,01.09.2026,06.09.2026,2247,VALVEN,8619,1155,Not enough allotment,Valtur Venice,375.23
27.04.2026,27268353,george.bianchi926@hotmail.com,02.05.2026,16.05.2026,1178,HCOSXX,7939,1054,Contractor calculation error.,H10 Hotels Costa del Sol,572.02
17.04.2026,28586879,sophie.bianchi890@proton.me,02.05.2026,09.05.2026,1301,TITKEM,5114,1054,Contractor calculation error.,Titanic Kemer,538.15
09.04.2026,44286083,irene.muller278@proton.me,13.05.2026,27.05.2026,1045,RIXMAR,9348,8056,Wrong room configuration,Rixos Marsa Alam,1258.31
11.04.2026,80049021,alice.wilson29@icloud.com,07.04.2026,21.04.2026,1426,MARABU,2889,1467,Booking Complete Error: Error Message : StopSale.,Marriott Abu Dhabi,1360.00
16.04.2026,49950093,zofia.bakker469@outlook.com,25.05.2026,03.06.2026,1178,melten,2545,1054,Contractor calculation error.,Meliá Tenerife,"2408,03"
21.04.2026,99796439,peter.roth142@proton.me,17.03.2026,26.03.2026,1178,OCCGRA,1887,5704,Improper reservation price.,Occidental Gran Canaria,"1454,10"
24.04.2026,16141035,emma.lang84@outlook.com,16.04.2026,23.04.2026,4182,amapa2,2494,1732,Booking Payer Error: Brak wymaganego parametru,Amara Paphos Beach,4079.91
11.04.2026,20115033,olga.novak243@yahoo.com,07.06.2026,21.06.2026,4182,AMALA1,8078,1467,  Booking Complete Error: Error Message : StopSale.  ,Amara Larnaca Resort,2779.41
20.04.2026,30585690,mark.bianchi248@hotmail.com,09.03.2026,12.03.2026,2653,TIVFUN,2958,5704,Improper reservation price.,Tivoli Funchal (Madeira),3372.52
18.04.2026,48532662,chris.andersen460@icloud.com,11.05.2026,14.05.2026,1045,RIXMAK,1750,1755,Booking Create Error: Brak możliwości założenia rezerwacji winterfejsie.,Rixos Makadi Bay,1865.02 PLN
25.04.2026,24250228,kate.moretti477@yahoo.com,24.06.2026,08.07.2026,1301,TITANT,8508,5704,Improper reservation price.,Titanic Antalya,785.54
20.04.2026,99756097,andrew.rossi794@gmail.com,29.03.2026,07.04.2026,1426,marabu,2889,1467,Booking Complete Error: Error Message : StopSale.,Marriott Abu Dhabi,3305.88
08.04.2026,47640898,alice.rossi447@outlook.com,07.07.2026,21.07.2026,1426,jumsha,4644,1467,Booking Complete Error: Error Message : StopSale.,Jumeirah Sharjah,"3162,84"
21.04.2026,98020037,olga.andersen612@yahoo.com,26.07.2026,04.08.2026,2247,thromx,7071,5704,Improper reservation price.,Th Resorts Rome,934.67
14.04.2026,41624005,mark.costa720@gmail.com,20.07.2026,23.07.2026,1301,barbel,5325,1732,Booking Payer Error: Brak wymaganego parametru,Barut Hotels Belek,2199.54
18.04.2026,65010375,sophie.rossi534@gmail.com,18.07.2026,27.07.2026,1045, SUNMA1 ,9179,1054,Contractor calculation error.,Sunrise Marsa Alam,"268,51"
23.04.2026,29858055,olga.novak486@outlook.com,29.04.2026,02.05.2026,4182,LOUPAP,4929,1155,NOT ENOUGH ALLOTMENT,Louis Hotels Paphos,2210.50
24.04.2026,24283930,paul.novak351@hotmail.com,21.06.2026,30.06.2026,2653, DOMAL1 ,5136,1467,Booking Complete Error: Error Message : StopSale.,Dom Pedro Albufeira Resort,472.69
11.04.2026,23774635,laura.bianchi443@proton.me,12.06.2026,21.06.2026,4182,LOUPRO,8699,8056,Wrong room configuration,Louis Hotels Protaras,1580.05
05.04.2026,97329601,sophie.garcia942@outlook.com,04.06.2026,07.06.2026,1426,AJMDUB,1452,1755,BOOKING CREATE ERROR: BRAK MOŻLIWOŚCI ZAŁOŻENIA REZERWACJI WINTERFEJSIE.,Ajman Saray Dubai,
29.04.2026,57229041,john.moretti413@gmail.com,01.06.2026,15.06.2026,2653,TIVALB,6023,1755,Booking Create Error: Brak możliwości założenia rezerwacji winterfejsie.,Tivoli Albufeira,2128.56 PLN
24.04.2026,59205921,simon.berg625@outlook.com,21.04.2026,05.05.2026,2247,UNAVEN,2341,1155,Not enough allotment,UNA Hotels Venice,3991.63
02.04.2026,50176369,daniel.wilson872@hotmail.com,14.06.2026,21.06.2026,1178,RIUCOS,8062,1054,Contractor calculation error.,RIU Costa Brava,4087.07 PLN
19.04.2026,89171169,david.nowak778@proton.me,06.07.2026,15.07.2026,1178,HGRAXX,4899,1054,CONTRACTOR CALCULATION ERROR.,H10 Hotels Gran Canaria,
15.04.2026,58359530,olga.rossi800@outlook.com,18.05.2026,25.05.2026,1045,SUNEL1,8019,5704,Improper reservation price.,Sunrise El Gouna,
18.04.2026,30396086,michael.larsen529@proton.me,04.06.2026,18.06.2026,1178,OCCPAL,4006,8056,Wrong room configuration,Occidental Palma de Mallorca,2684.59
30.04.2026,43527724,emma.garcia90@yahoo.com,21.05.2026,28.05.2026, 1178, IBEPAL ,2104,1054,Contractor calculation error.,Iberostar Palma de Mallorca,1907.57
22.04.2026,40989625,anna.meyer247@icloud.com,16.05.2026,23.05.2026,1178,BARTEN,2163,1155,Not enough allotment,Barceló Tenerife,2050.49
14.04.2026,90847706,john.smith593@proton.me,17.06.2026,22.06.2026,2247,UNAVE1,2729,1755,Booking Create Error: Brak możliwości założenia rezerwacji winterfejsie.,UNA Hotels Venice Resort,"2542,78"
12.04.2026,56278607,anna.roth596@proton.me,20.04.2026,23.04.2026,4182,AMALAR,4792,1225,  There is already such a booking for this agent.  ,Amara Larnaca,1202.45
26.04.2026,76481885,mark.wilson891@gmail.com,09.06.2026,14.06.2026,1714,VALDU1,6502,1755,Booking Create Error: Brak możliwości założenia rezerwacji winterfejsie.,Valamar Dubrovnik Resort,4061.06
15.04.2026,87627415,chris.fischer485@proton.me,13.06.2026,16.06.2026,1714,SUNMA3,8461,1054,Contractor calculation error.,Sun Gardens Makarska,3903.70
03.04.2026,99461018,maria.smith767@proton.me,14.07.2026,23.07.2026,1714,BLUMAK,7790,1778,Booking Complete Error: Zablokowano allotment online.,,2096.07
18.04.2026,89147232,george.weber812@gmail.com,02.07.2026,05.07.2026,1714,VALROV,4997,1054,Contractor calculation error.,Valamar Rovinj,"2243,30"
02.04.2026,97301166,olga.garcia673@proton.me,11.05.2026,16.05.2026,1301,DELBOD,2891,5704,Improper reservation price.,Delphin Bodrum,1863.63
03.04.2026,11523452,andrew.kravets802@proton.me,03.06.2026,08.06.2026,1714,VALMAK,7547,1225,THERE IS ALREADY SUCH A BOOKING FOR THIS AGENT.,Valamar Makarska,897.14
27.04.2026,32287138,simon.rossi322@hotmail.com,17.05.2026,24.05.2026,1426,JUMAB1,7592,1467,  Booking Complete Error: Error Message : StopSale.  ,Jumeirah Abu Dhabi Resort,2864.23
26.04.2026,23437241,nina.wagner920@hotmail.com,31.05.2026,05.06.2026,1714,RADPO1,6238,1225,There is already such a booking for this agent.,Radisson Blu Porec Resort,309.01
18.04.2026,36111698,robert.moretti53@yahoo.com,24.06.2026,29.06.2026,4182,CONPA1,1977,5704,IMPROPER RESERVATION PRICE.,Constantinou Bros Paphos Resort,4171.79 PLN
22.04.2026,74114251,laura.nowak848@outlook.com,27.06.2026,30.06.2026,1045,CORTAB,7572,1755,BOOKING CREATE ERROR: BRAK MOŻLIWOŚCI ZAŁOŻENIA REZERWACJI WINTERFEJSIE.,Coral Sea Taba,2277.87
14.04.2026,88463726,kate.bakker924@outlook.com,08.08.2026,11.08.2026,1301,DELALA,6183,1054,Contractor calculation error.,Delphin Alanya,1166.99
07.04.2026,93548101,kate.lang376@hotmail.com,13.04.2026,18.04.2026,1714,VALMA1,4841,5704,Improper reservation price.,Valamar Makarska Resort,1450.76
27.04.2026,95624361,emma.wilson516@icloud.com,04.04.2026,11.04.2026,1301,VOYMAR,2753,1467,Booking Complete Error: Error Message : StopSale.,Voyage Marmaris,1617.57
19.04.2026,82455682,alice.muller737@hotmail.com,24.03.2026,02.04.2026,1301,VOYBEL,2200,1054,CONTRACTOR CALCULATION ERROR.,Voyage Belek,"258,62"
16.04.2026,41742670,daniel.nowak677@hotmail.com,08.06.2026,13.06.2026,1426,AJMSHA,5349,1155,Not enough allotment,Ajman Saray Sharjah,2475.69
01.04.2026,21668101,emma.schmidt911@gmail.com,26.06.2026,05.07.2026,1045,DANSHA,2307,1467,Booking Complete Error: Error Message : StopSale.,Dana Beach Sharm El Sheikh,2410.04
21.04.2026,89794795,nina.muller78@outlook.com,02.06.2026,16.06.2026,4182,AMAPA2,2494,5704,Improper reservation price.,Amara Paphos Beach,1346.50
15.04.2026,70173089,irene.wagner16@hotmail.com,16.06.2026,19.06.2026,1301,CRYKEM,5462,1155,Not enough allotment,Crystal Hotels Kemer,1969.15
27.04.2026,65845729,martin.larsen519@icloud.com,25.06.2026,04.07.2026,2653,VIDAL1,8827,1155,Not enough allotment,Vidamar Resorts Albufeira Resort,480.56
19.04.2026,86825671,sophie.kowalski430@yahoo.com,26.06.2026,03.07.2026,1426,MARSHA,1626,1054,Contractor calculation error.,Marriott Sharjah,2018.91
23.04.2026,11671866,laura.garcia525@proton.me,04.06.2026,18.06.2026,1178,BAHTEN,1117,1732,Booking Payer Error: Brak wymaganego parametru,Bahia Principe Tenerife,2709.62
15.04.2026,68348074,maria.smith721@hotmail.com,22.06.2026,29.06.2026,1426,JUMABU,9785,1755,BOOKING CREATE ERROR: BRAK MOŻLIWOŚCI ZAŁOŻENIA REZERWACJI WINTERFEJSIE.,Jumeirah Abu Dhabi,3085.28
09.04.2026,54346554,marta.dubois764@yahoo.com,29.05.2026,05.06.2026,1178,OCCIBI,2612,1467,BOOKING COMPLETE ERROR: ERROR MESSAGE : STOPSALE.,Occidental Ibiza,3227.19
28.04.2026,99659144,olga.novak97@yahoo.com,10.07.2026,13.07.2026,2653,PESPO1,2680,1054,Contractor calculation error.,Pestana Porto Resort,3632.05
21.04.2026,66763408,john.novak71@outlook.com,06.04.2026,09.04.2026,4182,LOUPRO,8699,1755,Booking Create Error: Brak możliwości założenia rezerwacji winterfejsie.,Louis Hotels Protaras,1315.90
30.04.2026,27753840,alice.weber890@icloud.com,10.07.2026,13.07.2026,1045,BARHUR,1525,1467,Booking Complete Error: Error Message : StopSale.,Baron Resort Hurghada,3796.34
15.04.2026,80528349,peter.berg351@hotmail.com,07.07.2026,16.07.2026,1301,LIMANT,2697,1467,Booking Complete Error: Error Message : StopSale.,Limak Antalya,1738.46 PLN
16.04.2026,79086760,chris.johnson114@icloud.com,18.07.2026,21.07.2026,1045,SUNMA2,2796,1155,Not enough allotment,Sunwing Makadi Bay,
23.04.2026,24187211,anna.wagner676@icloud.com,22.07.2026,05.08.2026,1045,DANSHA,2307,1054,Contractor calculation error.,Dana Beach Sharm El Sheikh,253.12
19.04.2026,51882705,mark.kozlov282@gmail.com,03.08.2026,06.08.2026,1045,JAZTAB,2489,1155,Not enough allotment,Jaz Taba,288.34
22.04.2026,35671365,simon.wilson531@proton.me,14.05.2026,28.05.2026,1178, HCOSX1 ,5092,5704,Improper reservation price.,H10 Hotels Costa Brava,1626.63 PLN
03.04.2026,47571801,anna.wagner193@yahoo.com,30.06.2026,09.07.2026,1301,VOYANT,9565,1467,Booking Complete Error: Error Message : StopSale.,Voyage Antalya,2494.62
30.04.2026,56814976,simon.meyer679@icloud.com,25.06.2026,28.06.2026,1426,ADDSHA,6139,1755,  Booking Create Error: Brak możliwości założenia rezerwacji winterfejsie.  ,Address Hotels Sharjah,3168.49
15.04.2026,88677406,simon.costa579@hotmail.com,29.05.2026,05.06.2026,1178,RIUGRA,4139,1755,Booking Create Error: Brak możliwości założenia rezerwacji winterfejsie.,RIU Gran Canaria,1037.89
19.04.2026,97541037,zofia.muller906@proton.me,30.05.2026,08.06.2026,1714,RADDU2,8777,1054,Contractor calculation error.,Radisson Blu Dubrovnik,2441.36
14.04.2026,12970946,george.weber277@icloud.com,10.06.2026,19.06.2026,1045,hilmar,5386,1054,Contractor calculation error.,Hilton Marsa Alam,3341.64 PLN
07.04.2026,72909613,zofia.wilson10@icloud.com,19.05.2026,02.06.2026,1045,DANELX,4814,1225,There is already such a booking for this agent.,Dana Beach El Gouna,655.21
02.04.2026,89686990,paul.kravets622@yahoo.com,15.05.2026,24.05.2026,1301,delal1,3647,1467,Booking Complete Error: Error Message : StopSale.,Delphin Alanya Resort,1906.71
24.04.2026,15356154,andrew.weber666@icloud.com,17.04.2026,26.04.2026,1301,MAXBEL,5533,1467,Booking Complete Error: Error Message : StopSale.,Maxx Royal Belek,"1685,32"
13.04.2026,54479677,thomas.keller276@proton.me,30.05.2026,08.06.2026,1045,sunma1,9179,1225,There is already such a booking for this agent.,Sunrise Marsa Alam,3488.52
01.04.2026,92530580,sophie.bakker533@outlook.com,06.05.2026,11.05.2026,2653,VIDAL1,8827,1054,Contractor calculation error.,Vidamar Resorts Albufeira Resort,1887.17
05.04.2026,26098153,robert.kowalski886@yahoo.com,07.06.2026,10.06.2026,1301,RIXKEM,1722,1467,Booking Complete Error: Error Message : StopSale.,Rixos Kemer,2005.40
14.04.2026,63067163,kate.garcia472@hotmail.com,18.08.2026,23.08.2026,1301,VOYBOD,2512,1155,Not enough allotment,Voyage Bodrum,1416.76
14.04.2026,80035330,chris.fischer58@gmail.com,01.08.2026,08.08.2026,1301,TITSID,5616,1225,There is already such a booking for this agent.,Titanic Side,2897.78
24.04.2026,59011649,alice.nowak362@yahoo.com,21.06.2026,24.06.2026,1045,STESHA,3504,1155,Not enough allotment,Steigenberger Sharm El Sheikh,2534.29
04.04.2026,95843097,nina.bianchi308@gmail.com,10.05.2026,15.05.2026,2653,VILLI1,2070,1155,Not enough allotment,Vila Vita Parc Lisbon Resort,2268.04
13.04.2026,84013597,mark.novak305@gmail.com,11.05.2026,25.05.2026,1426,RADSH1,7888,1155,Not enough allotment,Radisson Blu Sharjah Resort,
11.04.2026,50996827,michael.fischer896@outlook.com,10.06.2026,13.06.2026,1301,VOYALA,5333,1467,BOOKING COMPLETE ERROR: ERROR MESSAGE : STOPSALE.,Voyage Alanya,
03.04.2026,28484479,laura.weber868@icloud.com,24.06.2026,03.07.2026,1178,BAHBEN,6539,1732,Booking Payer Error: Brak wymaganego parametru,Bahia Principe Benidorm,1716.44
18.04.2026,28238410,robert.rossi49@outlook.com,07.08.2026,14.08.2026,1045,sunelx,3340,1732,Booking Payer Error: Brak wymaganego parametru,Sunwing El Gouna,"1429,92"
15.04.2026,85864089,emma.keller226@icloud.com,09.08.2026,14.08.2026,1178,NHCOS1,2604,1755,Booking Create Error: Brak możliwości założenia rezerwacji winterfejsie.,NH Collection Costa Brava,3127.75
25.04.2026,63835402,simon.schmidt153@hotmail.com,11.04.2026,16.04.2026,1426,HILFU1,4114,1054,Contractor calculation error.,Hilton Fujairah Resort,1663.98
13.04.2026,95671339,marta.larsen957@gmail.com,27.06.2026,02.07.2026,1178,BAHCO1,3296,1155,Not enough allotment,Bahia Principe Costa del Sol,1224.17
24.04.2026,82099745,robert.roth451@yahoo.com,03.06.2026,12.06.2026,1045,SUNHU1,4483,5704,Improper reservation price.,Sunwing Hurghada,901.88
05.04.2026,90501536,thomas.kozlov404@yahoo.com,27.06.2026,30.06.2026,1045,CORMAK,7216,1225,There is already such a booking for this agent.,Coral Sea Makadi Bay,3197.71
04.04.2026,21668101,kate.costa991@yahoo.com,26.06.2026,05.07.2026,1045,DANSHA,2307,1732,Booking Payer Error: Brak wymaganego parametru,Dana Beach Sharm El Sheikh,2410.04
27.04.2026,34208834,sophie.schmidt242@hotmail.com,22.06.2026,01.07.2026,2247,UNASIC,9289,1054,Contractor calculation error.,UNA Hotels Sicily,1863.67
25.04.2026,77326285,thomas.dubois369@hotmail.com,21.06.2026,26.06.2026,2247,MANROM,6688,1755,Booking Create Error: Brak możliwości założenia rezerwacji winterfejsie.,Mangia's Resorts Rome,2289.39
18.04.2026,80713738,peter.garcia269@proton.me,26.06.2026,10.07.2026,2653,PESCA1,5658,1755,Booking Create Error: Brak możliwości założenia rezerwacji winterfejsie.,Pestana Cascais Resort,3337.91
05.04.2026,17132030,elena.kowalski545@gmail.com,15.04.2026,18.04.2026,1045,PICSHA,6820,5704,Improper reservation price.,Pickalbatros Sharm El Sheikh,3785.48
12.04.2026,14004669,alice.lang871@proton.me,19.06.2026,26.06.2026,1301,CRYBEL,2638,,Contractor calculation error.,Crystal Hotels Belek,"3489,90"
11.04.2026,38330916,chris.kozlov724@hotmail.com,27.07.2026,30.07.2026,1301,CRYALA,6464,5704,Improper reservation price.,Crystal Hotels Alanya,339.66
16.04.2026,24201586,paul.garcia650@gmail.com,23.06.2026,02.07.2026,1426,ADDSHA,6139,1155,  Not enough allotment  ,Address Hotels Sharjah,"3213,29"
01.04.2026,70134699,robert.bianchi586@outlook.com,02.06.2026,07.06.2026,1714,BLUMAK,7790,1778,Booking Complete Error: Zablokowano allotment online.,Bluesun Makarska,2802.68
13.04.2026,69168009,peter.petrov488@yahoo.com,31.05.2026,07.06.2026,1178,HIBIXX,9834,5704,Improper reservation price.,H10 Hotels Ibiza,1821.46
28.04.2026,65243509,robert.meyer959@outlook.com,10.06.2026,15.06.2026,1301,VOYAN1,5291,1732,Booking Payer Error: Brak wymaganego parametru,Voyage Antalya Resort,
22.04.2026,56016278,emma.keller158@icloud.com,02.06.2026,05.06.2026,1426,ADDSHA,6139,1467,Booking Complete Error: Error Message : StopSale.,Address Hotels Sharjah,"4137,08"
01.04.2026,17734153,olga.kravets138@icloud.com,20.06.2026,29.06.2026,2247,BAGVEN,8758,5704,IMPROPER RESERVATION PRICE.,Baglioni Hotels Venice,2471.42 PLN
29.04.2026,63514837,olga.muller327@yahoo.com,13.07.2026,20.07.2026,1045,JAZMAK,1771,1225,There is already such a booking for this agent.,Jaz Makadi Bay,
06.04.2026,49274257,anna.novak222@icloud.com,07.07.2026,21.07.2026,1045,STEHUR,4598,1732,Booking Payer Error: Brak wymaganego parametru,Steigenberger Hurghada,653.12
20.04.2026,80399918,mark.roth344@hotmail.com,30.06.2026,07.07.2026,4182,OLYAY1,8708,1155,Not enough allotment,Olympic Lagoon Ayia Napa Resort,2702.02
25.04.2026,13148100,claire.meyer795@hotmail.com,06.05.2026,09.05.2026,1045,rixhur,4593,1054,Contractor calculation error.,Rixos Hurghada,857.96
22.04.2026,49282050,peter.keller900@proton.me,16.06.2026,21.06.2026,1426,AJMSH1,3851,1054,Contractor calculation error.,Ajman Saray Sharjah Resort,455.87
04.04.2026,19369750,nina.wilson957@hotmail.com,11.08.2026,16.08.2026,1045,SUNMA1,9179,1054,Contractor calculation error.,Sunrise Marsa Alam,1341.18
04.04.2026,64447809,daniel.larsen730@proton.me,03.08.2026,12.08.2026,1426,MARABU,2889,1467,  Booking Complete Error: Error Message : StopSale.  ,Marriott Abu Dhabi,"360,56"
29.04.2026,58370857,mark.smith11@outlook.com,29.03.2026,12.04.2026,2247, UNASIC ,9289,1155,Not enough allotment,UNA Hotels Sicily,1026.55
23.04.2026,42841930,robert.kozlov444@outlook.com,05.06.2026,08.06.2026,1178,IBEFUE,5563,1732,  Booking Payer Error: Brak wymaganego parametru  ,Iberostar Fuerteventura,1135.16
02.04.2026,32467106,maria.larsen644@hotmail.com,09.05.2026,23.05.2026,1301,DELMAR,9280,1155,Not enough allotment,Delphin Marmaris,"2144,41"
14.04.2026,56051083,anna.andersen621@gmail.com,29.07.2026,03.08.2026,1045,JAZMAR,9085,1155,Not enough allotment,Jaz Marsa Alam,
16.04.2026,84943752,anna.johnson934@outlook.com,01.04.2026,08.04.2026,1178,BAHGRA,6107,1054,CONTRACTOR CALCULATION ERROR.,Bahia Principe Gran Canaria,2122.01
27.04.2026,35039993,daniel.lang727@outlook.com,09.04.2026,18.04.2026,1178,riuben,8177,1225,There is already such a booking for this agent.,RIU Benidorm,3459.45
23.04.2026,94772931,chris.kravets997@outlook.com,04.06.2026,07.06.2026,1426, MARDU1 ,9518,1155,Not enough allotment,Marriott Dubai Resort,4121.19
11.04.2026,38890267,john.wagner231@hotmail.com,20.07.2026,29.07.2026,1301,DELSID,9004,1778,BOOKING COMPLETE ERROR: ZABLOKOWANO ALLOTMENT ONLINE.,Delphin Side,"3084,44"
03.04.2026,42542169,chris.schmidt899@icloud.com,18.06.2026,02.07.2026,1301,DELBOD,2891,8056,WRONG ROOM CONFIGURATION,Delphin Bodrum,3543.44
19.04.2026,71695387,kate.johnson913@yahoo.com,08.05.2026,17.05.2026,1426,ROTRAS,8149,5704,  Improper reservation price.  ,Rotana Ras Al Khaimah,1633.60 PLN
10.04.2026,62437549,marta.costa586@yahoo.com,11.06.2026,25.06.2026,1178,OCCIBI,2612,1054,Contractor calculation error.,Occidental Ibiza,3763.87
09.04.2026,47774348,anna.kozlov845@outlook.com,23.04.2026,02.05.2026,2247,manama,3683,1054,Contractor calculation error.,Mangia's Resorts Amalfi Coast,3083.34
23.04.2026,22227594,simon.lang871@yahoo.com,14.07.2026,17.07.2026,2653,vidcas,4138,5704,Improper reservation price.,Vidamar Resorts Cascais,1387.25
13.04.2026,18006318,peter.fischer429@yahoo.com,24.03.2026,07.04.2026,1178,NHFUEX,2160,5704,Improper reservation price.,NH Collection Fuerteventura,1358.39
04.04.2026,73702238,peter.johnson685@icloud.com,23.07.2026,30.07.2026,1045,STEMAR,3287,1155,Not enough allotment,Steigenberger Marsa Alam,"3417,79"
03.04.2026,93040008,martin.roth327@icloud.com,02.06.2026,09.06.2026,1714,VALSPL,5050,1467,Booking Complete Error: Error Message : StopSale.,Valamar Split,
06.04.2026,23645439,elena.wilson82@gmail.com,30.04.2026,09.05.2026,1045,CORTAB,7572,1155,Not enough allotment,Coral Sea Taba,"1223,69"
22.04.2026,40090623,john.costa585@proton.me,27.05.2026,10.06.2026,1301,RIXMA1,6180,1732,Booking Payer Error: Brak wymaganego parametru,Rixos Marmaris,"797,36"
30.04.2026,61791095,anna.bianchi991@hotmail.com,16.07.2026,19.07.2026,1714,SUNRO1,7678,1467,Booking Complete Error: Error Message : StopSale.,Sun Gardens Rovinj Resort,3956.17
16.04.2026,15616707,george.lang588@icloud.com,24.04.2026,29.04.2026,1045,JAZHUR,4456,5704,IMPROPER RESERVATION PRICE.,Jaz Hurghada,303.88
13.04.2026,26041318,chris.petrov682@gmail.com,19.06.2026,28.06.2026,1045,STEELX,3803,1755,Booking Create Error: Brak możliwości założenia rezerwacji winterfejsie.,Steigenberger El Gouna,2167.13
09.04.2026,46501299,laura.roth213@icloud.com,24.05.2026,02.06.2026,1178,NHIBIX,7912,1155,Not enough allotment,NH Collection Ibiza,1172.76
19.04.2026,89865944,marta.lang69@gmail.com,23.05.2026,28.05.2026,1045,STEMAR,3287,1155,Not enough allotment,Steigenberger Marsa Alam,1268.65 PLN
02.04.2026,13400255,george.bianchi608@hotmail.com,27.06.2026,06.07.2026,2247,THVENX,6733,1467,Booking Complete Error: Error Message : StopSale.,Th Resorts Venice,3028.81
16.04.2026,18876915,martin.andersen866@proton.me,06.05.2026,20.05.2026,1301,limbe1,2832,1755,Booking Create Error: Brak możliwości założenia rezerwacji winterfejsie.,Limak Belek Resort,3246.05
14.04.2026,69909888,marta.costa132@outlook.com,20.08.2026,27.08.2026,1045,PICTAB,7543,1732,Booking Payer Error: Brak wymaganego parametru,Pickalbatros Taba,1519.96
04.04.2026,95671339,alice.berg758@hotmail.com,27.06.2026,02.07.2026,1178,bahco1,3296,1467,Booking Complete Error: Error Message : StopSale.,Bahia Principe Costa del Sol,1224.17
19.04.2026,14231385,alice.kozlov79@proton.me,19.05.2026,24.05.2026,1426,ADDDUB,1387,1155,Not enough allotment,Address Hotels Dubai,3295.25
19.04.2026,39158087,martin.muller604@proton.me,16.08.2026,25.08.2026,1045,STEHUR,4598,1155,  Not enough allotment  ,Steigenberger Hurghada,592.42
23.04.2026,91533503,elena.meyer324@gmail.com,21.07.2026,28.07.2026,1426,JUMDU1,9821,1155,Not enough allotment,Jumeirah Dubai Resort,3813.37
18.04.2026,13254888,simon.berg939@icloud.com,08.04.2026,11.04.2026,1426,ADDSHA,6139,1155,  Not enough allotment  ,Address Hotels Sharjah,3323.94
01.04.2026,49274257,kate.moretti585@outlook.com,07.07.2026,21.07.2026,1045,STEHUR,4598,5704,Improper reservation price.,Steigenberger Hurghada,653.12
11.04.2026,79159799,anna.rossi144@icloud.com,14.07.2026,23.07.2026,1045,PICMAK,7482,1732,Booking Payer Error: Brak wymaganego parametru,Pickalbatros Makadi Bay,1545.31
28.04.2026,37050445,mark.bakker545@hotmail.com,20.04.2026,29.04.2026,1426,ADDAB1,6067,1467,Booking Complete Error: Error Message : StopSale.,Address Hotels Abu Dhabi Resort,"3938,58"
07.04.2026,70498656,martin.garcia249@proton.me,17.08.2026,20.08.2026,1714,RADDU2,8777,1467,Booking Complete Error: Error Message : StopSale.,Radisson Blu Dubrovnik,1981.63
03.04.2026,57063469,zofia.andersen395@hotmail.com,29.07.2026,07.08.2026,1301,RIXKEM,1722,1054,  Contractor calculation error.  ,Rixos Kemer,2598.39 PLN
22.04.2026,20361782,robert.dubois481@hotmail.com,16.05.2026,23.05.2026, 2653,VILCA1,1745,1467,  Booking Complete Error: Error Message : StopSale.  ,Vila Vita Parc Cascais Resort,-2672.39
22.04.2026,54760311,paul.rossi58@gmail.com,22.05.2026,27.05.2026,1045,DANHU1,7252,1155,Not enough allotment,Dana Beach Hurghada Resort,4094.57
16.04.2026,69369552,daniel.schmidt750@proton.me,28.06.2026,05.07.2026,1045,PICSHA,6820,5704,Improper reservation price.,Pickalbatros Sharm El Sheikh,2490.31
22.04.2026,55494683,thomas.costa991@proton.me,11.03.2026,18.03.2026, 1301,RIXANT,1058,1755,BOOKING CREATE ERROR: BRAK MOŻLIWOŚCI ZAŁOŻENIA REZERWACJI WINTERFEJSIE.,Rixos Antalya,457.74
02.04.2026,30017834,john.kozlov741@gmail.com,30.05.2026,08.06.2026,1045,BARMAR,5741,1467,BOOKING COMPLETE ERROR: ERROR MESSAGE : STOPSALE.,Baron Resort Marsa Alam,4000.31
08.04.2026,14098443,olga.andersen916@outlook.com,24.06.2026,08.07.2026,1301,MAXANT,3546,1155,Not enough allotment,Maxx Royal Antalya,3470.51
26.04.2026,56309454,emma.smith514@yahoo.com,29.06.2026,06.07.2026,4182,ATLPRO,5771,1225,There is already such a booking for this agent.,Atlantica Protaras,2173.10
15.04.2026,70040074,thomas.dubois729@gmail.com,29.07.2026,03.08.2026,1178,BAHIBI,3167,1778,BOOKING COMPLETE ERROR: ZABLOKOWANO ALLOTMENT ONLINE.,Bahia Principe Ibiza,3781.25 PLN
14.04.2026,60819173,claire.moretti98@hotmail.com,03.05.2026,08.05.2026,1178,bahgra,6107,1467,Booking Complete Error: Error Message : StopSale.,Bahia Principe Gran Canaria,4009.54
17.04.2026,78000049,daniel.smith537@gmail.com,12.06.2026,19.06.2026,1301, DELSID ,9004,1155,Not enough allotment,Delphin Side,4009.40
11.04.2026,21689275,julia.petrov492@icloud.com,23.06.2026,07.07.2026,1045,RIXTAB,5554,5704,Improper reservation price.,Rixos Taba,2877.37 PLN
06.04.2026,73107095,claire.weber712@gmail.com,07.08.2026,14.08.2026,1301,MAXMAR,7484,1755,Booking Create Error: Brak możliwości założenia rezerwacji winterfejsie.,Maxx Royal Marmaris,
15.04.2026,35027777,anna.weber580@proton.me,08.07.2026,22.07.2026,1178,baribi,4750,1225,There is already such a booking for this agent.,Barceló Ibiza,4053.40
21.04.2026,66518457,alice.meyer131@outlook.com,01.07.2026,04.07.2026,1045,BARHUR,1525,1155,  Not enough allotment  ,Baron Resort Hurghada,2181.82
27.04.2026,22019394,simon.kowalski272@outlook.com,24.06.2026,29.06.2026,1301,RIXBOD,8179,1755,Booking Create Error: Brak możliwości założenia rezerwacji winterfejsie.,Rixos Bodrum,"3245,86"
19.04.2026,77748258,emma.bakker639@icloud.com,05.06.2026,10.06.2026,1714,BLUDUB,3607,5704,Improper reservation price.,Bluesun Dubrovnik,2764.02
04.04.2026,11523452,james.wilson827@icloud.com,03.06.2026,08.06.2026,1714,VALMAK,7547,1155,Not enough allotment,Valamar Makarska,897.14
08.04.2026,91155978,mark.bianchi353@gmail.com,18.05.2026,25.05.2026,1301,TITMAR,5669,1467,Booking Complete Error: Error Message : StopSale.,Titanic Marmaris,3292.33
09.04.2026,26243550,sophie.smith724@yahoo.com,31.07.2026,05.08.2026,1301,VOYANT,9565,1225,There is already such a booking for this agent.,Voyage Antalya,2141.35 PLN
29.04.2026,31361738,alice.bianchi855@yahoo.com,29.03.2026,05.04.2026,1045,DANSHA,2307,1155,Not enough allotment,Dana Beach Sharm El Sheikh,"3477,43"
30.04.2026,75945661,laura.smith262@proton.me,04.08.2026,07.08.2026, 2653,DOMCA1,3939,1054,Contractor calculation error.,Dom Pedro Cascais Resort,"4109,20"
26.04.2026,15487533,andrew.wilson264@icloud.com,03.08.2026,06.08.2026,1178,BAHPAL,9786,1054,Contractor calculation error.,Bahia Principe Palma de Mallorca,"351,02"
17.04.2026,31742644,david.fischer676@hotmail.com,05.04.2026,08.04.2026,1301,TITANT,8508,1155,NOT ENOUGH ALLOTMENT,Titanic Antalya,591.19
06.04.2026,27171287,thomas.muller554@gmail.com,05.07.2026,14.07.2026,1178,melco1,7735,1467,Booking Complete Error: Error Message : StopSale.,Meliá Costa Brava,2008.99
06.04.2026,39198277,kate.weber525@outlook.com,19.05.2026,26.05.2026,2653,pinalb,4155,1467,Booking Complete Error: Error Message : StopSale.,Pine Cliffs Albufeira,3972.45
12.04.2026,74587898,david.kravets854@proton.me,25.05.2026,28.05.2026,2653,DOMPO1,8690,1778,  Booking Complete Error: Zablokowano allotment online.  ,Dom Pedro Porto Resort,2616.05
06.04.2026,63359331,laura.andersen382@gmail.com,04.06.2026,11.06.2026,1426,ROTAB1,7211,1155,  Not enough allotment  ,Rotana Abu Dhabi Resort,834.39
09.04.2026,53839745,john.lang658@outlook.com,29.06.2026,02.07.2026,2653,PESVI1,5786,1155,Not enough allotment,Pestana Vilamoura Resort,2204.53
10.04.2026,40092731,michael.keller700@icloud.com,04.06.2026,09.06.2026,4182,OLYLIM,4824,5704,Improper reservation price.,Olympic Lagoon Limassol,593.64
01.04.2026,11292015,simon.smith458@gmail.com,29.03.2026,07.04.2026,1714,FALDUB,8784,1155,Not enough allotment,Falkensteiner Dubrovnik,3536.27
28.04.2026,92069403,olga.meyer443@yahoo.com,17.06.2026,01.07.2026,2247,VALROM,2983,1467,  Booking Complete Error: Error Message : StopSale.  ,Valtur Rome,496.67
03.04.2026,34994420,daniel.berg361@icloud.com,17.04.2026,26.04.2026,2653,VIDPOR,8753,1155,Not enough allotment,Vidamar Resorts Porto,890.96
07.04.2026,42844981,michael.kowalski62@hotmail.com,15.05.2026,18.05.2026,1714,VALRO1,5451,1755,Booking Create Error: Brak możliwości założenia rezerwacji winterfejsie.,Valamar Rovinj Resort,1582.54
30.04.2026,40153085,julia.kravets155@icloud.com,16.05.2026,25.05.2026,1045,SUNMA2,2796,5704,Improper reservation price.,Sunwing Makadi Bay,360.56
02.04.2026,14356914,elena.muller187@yahoo.com,17.07.2026,26.07.2026,1045, HILHUR ,5422,1467,Booking Complete Error: Error Message : StopSale.,Hilton Hurghada,3755.41
17.04.2026,22821119,george.bianchi305@hotmail.com,06.04.2026,20.04.2026,1426,HILFUJ,1634,1467,Booking Complete Error: Error Message : StopSale.,Hilton Fujairah,2262.25
03.04.2026,74837853,nina.fischer48@gmail.com,31.08.2026,05.09.2026,1178,nhgrax,7537,1467,Booking Complete Error: Error Message : StopSale.,NH Collection Gran Canaria,3885.57
15.04.2026,93482121,claire.bianchi382@icloud.com,21.06.2026,24.06.2026,1301,VOYKEM,2188,1467,Booking Complete Error: Error Message : StopSale.,Voyage Kemer,2574.02
10.04.2026,83691521,laura.kozlov545@gmail.com,28.05.2026,31.05.2026,1426,ADDSHA,6139,1755,Booking Create Error: Brak możliwości założenia rezerwacji winterfejsie.,Address Hotels Sharjah,
22.04.2026,17405345,julia.bakker813@gmail.com,07.05.2026,10.05.2026,1714,BLUSP1,2320,1155,NOT ENOUGH ALLOTMENT,Bluesun Split Resort,3988.09
25.04.2026,87464714,claire.wagner954@proton.me,27.04.2026,06.05.2026,1301,LIMBE1,2832,1054,  Contractor calculation error.  ,Limak Belek Resort,3781.95
10.04.2026,40767884,alice.petrov396@gmail.com,02.07.2026,11.07.2026,1426,ROTRAS,8149,1467,Booking Complete Error: Error Message : StopSale.,Rotana Ras Al Khaimah,2505.10
12.04.2026,55414869,paul.weber343@gmail.com,28.05.2026,06.06.2026, 1178,IBECO1,2235,1755,Booking Create Error: Brak możliwości założenia rezerwacji winterfejsie.,Iberostar Costa del Sol,2931.65
11.04.2026,57825619,marta.kravets970@icloud.com,08.05.2026,15.05.2026,1301,CRYANT,7868,5704,Improper reservation price.,Crystal Hotels Antalya,3808.43
01.04.2026,96595409,nina.dubois163@gmail.com,30.05.2026,13.06.2026,1426,ROTSHA,9346,1054,Contractor calculation error.,Rotana Sharjah,2894.51 PLN
24.04.2026,61958720,claire.andersen263@hotmail.com,06.04.2026,11.04.2026,2247,ROCROM,4266,1155,Not enough allotment,Rocco Forte Rome,3587.56
16.04.2026,98045225,john.smith143@proton.me,05.05.2026,10.05.2026,2247,BAGRIM,4571,5704,Improper reservation price.,Baglioni Hotels Rimini,2212.55
27.04.2026,95645083,maria.garcia225@yahoo.com,20.06.2026,29.06.2026,4182,CONPA1,1977,1054,Contractor calculation error.,Constantinou Bros Paphos Resort,3888.68
16.04.2026,75942331,nina.kowalski719@gmail.com,04.07.2026,13.07.2026,1045,RIXMAK,1750,1467,Booking Complete Error: Error Message : StopSale.,Rixos Makadi Bay,846.24
01.04.2026,13706170,anna.keller285@yahoo.com,30.07.2026,08.08.2026,1426,JUMRA1,6344,1054,Contractor calculation error.,Jumeirah Ras Al Khaimah Resort,3158.65
30.04.2026,37748106,olga.fischer318@icloud.com,11.04.2026,20.04.2026,2653,PESFUN,4033,1467,  Booking Complete Error: Error Message : StopSale.  ,Pestana Funchal (Madeira),2958.76
26.04.2026,91041439,zofia.johnson356@proton.me,19.05.2026,02.06.2026,1045,PICTAB,7543,1054,Contractor calculation error.,Pickalbatros Taba,
28.04.2026,80504584,maria.dubois878@icloud.com,12.07.2026,21.07.2026,1301,CRYMAR,4492,1225,There is already such a booking for this agent.,Crystal Hotels Marmaris,1942.92
27.04.2026,59031639,zofia.rossi591@yahoo.com,26.06.2026,01.07.2026,1426,ADDDUB,1387,1755,Booking Create Error: Brak możliwości założenia rezerwacji winterfejsie.,Address Hotels Dubai,3151.95
07.04.2026,38439577,peter.kozlov440@icloud.com,19.06.2026,03.07.2026,1045,DANTAB,5339,1155,Not enough allotment,Dana Beach Taba,2180.42
09.04.2026,68723377,michael.dubois562@icloud.com,05.04.2026,12.04.2026,2247,MANVEN,2245,1155,Not enough allotment,Mangia's Resorts Venice,665.51
29.04.2026,76247126,claire.lang511@outlook.com,03.04.2026,06.04.2026,1714,falzad,3881,1467,  Booking Complete Error: Error Message : StopSale.  ,Falkensteiner Zadar,"1107,89"
22.04.2026,76815785,andrew.muller909@icloud.com,26.05.2026,29.05.2026,1301,LIMKE1,8007,1732,Booking Payer Error: Brak wymaganego parametru,Limak Kemer Resort,3507.31 PLN
25.04.2026,72273706,emma.kozlov598@gmail.com,29.06.2026,02.07.2026,1714,BLUROV,7991,1225,There is already such a booking for this agent.,Bluesun Rovinj,2830.64
25.04.2026,65376984,paul.keller38@hotmail.com,01.04.2026,10.04.2026,1178,RIUBEN,8177,1755,Booking Create Error: Brak możliwości założenia rezerwacji winterfejsie.,RIU Benidorm,3654.01
06.04.2026,99028524,david.berg678@hotmail.com,02.07.2026,16.07.2026,2653, VIDFU1 ,1893,1467,Booking Complete Error: Error Message : StopSale.,,452.22
30.04.2026,51014748,george.wagner406@icloud.com,14.05.2026,19.05.2026,1045,PICMAK,7482,1155,Not enough allotment,Pickalbatros Makadi Bay,296.67
27.04.2026,77326285,paul.kravets953@outlook.com,21.06.2026,26.06.2026,2247,MANROM,6688,,Booking Complete Error: Error Message : StopSale.,Mangia's Resorts Rome,"2289,39"
19.04.2026,97951446,marta.novak225@outlook.com,11.07.2026,20.07.2026,1178, NHCOS1 ,2604,1732,Booking Payer Error: Brak wymaganego parametru,NH Collection Costa Brava,858.30
05.04.2026,80266070,zofia.moretti315@gmail.com,21.06.2026,24.06.2026,1178,riufue,7669,1225,There is already such a booking for this agent.,RIU Fuerteventura,-839.50
16.04.2026,21514888,paul.keller626@gmail.com,02.06.2026,16.06.2026,1301,MAXANT,3546,1755,Booking Create Error: Brak możliwości założenia rezerwacji winterfejsie.,Maxx Royal Antalya,3395.41
11.04.2026,28238410,nina.moretti421@gmail.com,07.08.2026,14.08.2026,1045,SUNELX,3340,1467,  Booking Complete Error: Error Message : StopSale.  ,Sunwing El Gouna,1429.92 PLN
28.04.2026,29678030,andrew.moretti199@yahoo.com,18.06.2026,21.06.2026,1045,SUNMAK,6155,1755,Booking Create Error: Brak możliwości założenia rezerwacji winterfejsie.,Sunrise Makadi Bay,2995.29
05.04.2026,80568301,peter.wilson13@yahoo.com,30.03.2026,13.04.2026,1045,RIXTAB,5554,1225,There is already such a booking for this agent.,Rixos Taba,
15.04.2026,84670499,kate.bakker805@outlook.com,28.04.2026,05.05.2026,2247,ROCRIM,9837,1054,Contractor calculation error.,Rocco Forte Rimini,333.19
22.04.2026,34399341,mark.costa220@proton.me,30.03.2026,06.04.2026,1426,AJMSH1,3851,1054,  Contractor calculation error.  ,Ajman Saray Sharjah Resort,931.55
21.04.2026,24358786,claire.dubois546@icloud.com,21.05.2026,30.05.2026,1426,AJMFUJ,4728,1778,Booking Complete Error: Zablokowano allotment online.,Ajman Saray Fujairah,1537.19
16.04.2026,74977057,daniel.dubois903@icloud.com,30.03.2026,02.04.2026,1301,MAXKEM,5351,5704,IMPROPER RESERVATION PRICE.,Maxx Royal Kemer,4015.78
08.04.2026,76116342,kate.kravets291@proton.me,10.07.2026,17.07.2026,4182,AMALAR,4792,5704,Improper reservation price.,Amara Larnaca,2742.96
04.04.2026,69093033,anna.smith511@gmail.com,26.03.2026,31.03.2026,1045,BARELX,8573,5704,  Improper reservation price.  ,Baron Resort El Gouna,2817.14 PLN
07.04.2026,81249799,julia.schmidt936@icloud.com,28.05.2026,04.06.2026,1301,RIXMA1,6180,1467,Booking Complete Error: Error Message : StopSale.,Rixos Marmaris,2232.09
11.04.2026,18633130,marta.dubois724@hotmail.com,13.04.2026,22.04.2026,1426,MARFU1,3041,1155,Not enough allotment,Marriott Fujairah Resort,1054.82
25.04.2026,29415054,mark.andersen963@yahoo.com,24.05.2026,07.06.2026,1045,JAZELX,4733,5704,Improper reservation price.,Jaz El Gouna,1357.31
08.04.2026,83031262,george.johnson343@outlook.com,28.06.2026,12.07.2026,2653,VIDPO1,9042,1155,Not enough allotment,Vidamar Resorts Porto Resort,1800.64
08.04.2026,70040074,john.rossi139@hotmail.com,29.07.2026,03.08.2026,1178,BAHIBI,3167,1467,Booking Complete Error: Error Message : StopSale.,Bahia Principe Ibiza,"3781,25"
18.04.2026,27900806,simon.andersen958@icloud.com,01.04.2026,15.04.2026,1301,CRYBEL,2638,1778,Booking Complete Error: Zablokowano allotment online.,Crystal Hotels Belek,1522.53
20.04.2026,41524851,peter.bakker976@yahoo.com,24.05.2026,31.05.2026,4182,CONPRO,8438,1155,Not enough allotment,Constantinou Bros Protaras,1631.40
15.04.2026,13769354,david.petrov195@outlook.com,09.06.2026,16.06.2026,1301,RIXBEL,9900,1467,Booking Complete Error: Error Message : StopSale.,Rixos Belek,1564.72
06.04.2026,13755114,mark.bianchi50@outlook.com,18.05.2026,27.05.2026,1178, HGRAXX ,4899,5704,Improper reservation price.,H10 Hotels Gran Canaria,3375.25
09.04.2026,38335496,marta.smith898@gmail.com,17.05.2026,20.05.2026,1045,SUNMAK,6155,1778,Booking Complete Error: Zablokowano allotment online.,Sunrise Makadi Bay,3121.23
30.04.2026,92506873,julia.johnson285@hotmail.com,23.07.2026,28.07.2026, 1426,HILABU,8541,5704,IMPROPER RESERVATION PRICE.,Hilton Abu Dhabi,"2053,06"
21.04.2026,28792282,andrew.schmidt200@icloud.com,27.07.2026,30.07.2026,1301,CRYMAR,4492,1778,Booking Complete Error: Zablokowano allotment online.,Crystal Hotels Marmaris,1662.97
27.04.2026,13148100,peter.petrov346@outlook.com,06.05.2026,09.05.2026,1045,RIXHUR,4593,1155,Not enough allotment,Rixos Hurghada,857.96 PLN
03.04.2026,81690032,kate.garcia333@icloud.com,07.09.2026,14.09.2026,1426,RADSH1,7888,1225,There is already such a booking for this agent.,Radisson Blu Sharjah Resort,"3645,14"
18.04.2026,70895240,nina.rossi194@outlook.com,15.06.2026,18.06.2026,1045,CORMAK,7216,1778,Booking Complete Error: Zablokowano allotment online.,Coral Sea Makadi Bay,"3997,08"
03.04.2026,12099364,martin.kozlov608@icloud.com,10.06.2026,13.06.2026,1178,MELBEN,2982,1467,Booking Complete Error: Error Message : StopSale.,Meliá Benidorm,1434.38
16.04.2026,48470165,marta.bakker133@icloud.com,10.05.2026,17.05.2026,2653,VILAL1,4180,1155,Not enough allotment,,1833.71
16.04.2026,25946545,laura.lang348@hotmail.com,17.08.2026,31.08.2026,1714,VALPOR,1822,1467,Booking Complete Error: Error Message : StopSale.,Valamar Porec,"758,22"
12.04.2026,44981747,chris.smith932@proton.me,15.06.2026,29.06.2026,2653,VIDFUN,6016,5704,  Improper reservation price.  ,Vidamar Resorts Funchal (Madeira),3051.80
08.04.2026,29886575,mark.andersen12@hotmail.com,24.06.2026,03.07.2026, 1426,MARDUB,6728,1755,Booking Create Error: Brak możliwości założenia rezerwacji winterfejsie.,,360.48 PLN
02.04.2026,37955709,robert.roth296@proton.me,28.05.2026,31.05.2026,1045,DANMAR,3266,1054,Contractor calculation error.,Dana Beach Marsa Alam,"3535,39"
30.04.2026,82246104,marta.lang520@proton.me,01.05.2026,06.05.2026,1045, HILTAB ,5040,1155,Not enough allotment,Hilton Taba,2536.89
16.04.2026,42075322,maria.bakker356@proton.me,30.06.2026,14.07.2026,1045,CORMA1,2040,1054,Contractor calculation error.,Coral Sea Marsa Alam Resort,370.58
23.04.2026,42841930,laura.moretti733@gmail.com,05.06.2026,08.06.2026,1178,IBEFUE,5563,1155,Not enough allotment,Iberostar Fuerteventura,1135.16
06.04.2026,77903501,martin.johnson991@yahoo.com,13.05.2026,20.05.2026,1045,CORTAB,7572,1155,Not enough allotment,Coral Sea Taba,1627.18
22.04.2026,16777688,andrew.andersen189@yahoo.com,19.06.2026,24.06.2026,1301,DELAL1,3647,1155,  Not enough allotment  ,Delphin Alanya Resort,4007.70
23.04.2026,50329802,simon.wilson276@proton.me,14.04.2026,19.04.2026, 2247,MANSIC,8018,1778,Booking Complete Error: Zablokowano allotment online.,Mangia's Resorts Sicily,4098.17 PLN
11.04.2026,43589412,michael.berg17@proton.me,08.07.2026,22.07.2026,1178,HFUEXX,1514,5704,  Improper reservation price.  ,H10 Hotels Fuerteventura,1322.29
16.04.2026,12167007,daniel.wagner103@outlook.com,22.05.2026,31.05.2026,1178,IBEIBI,1964,1732,Booking Payer Error: Brak wymaganego parametru,Iberostar Ibiza,"278,66"
22.04.2026,44081688,paul.weber135@outlook.com,09.07.2026,23.07.2026,1714,radpo1,6238,5704,Improper reservation price.,Radisson Blu Porec Resort,3929.82 PLN
14.04.2026,14688680,alice.costa486@yahoo.com,05.07.2026,08.07.2026,2653,DOMVI1,3073,1155,Not enough allotment,Dom Pedro Vilamoura Resort,3915.19
28.04.2026,99047650,daniel.schmidt640@hotmail.com,14.06.2026,23.06.2026,1426,JUMRAS,7548,1467,Booking Complete Error: Error Message : StopSale.,Jumeirah Ras Al Khaimah,2382.79
22.04.2026,14728545,daniel.andersen909@proton.me,08.08.2026,22.08.2026,1714,AMAZAD,7291,1778,  Booking Complete Error: Zablokowano allotment online.  ,Amadria Park Zadar,2151.41
19.04.2026,97671175,chris.bakker74@yahoo.com,22.06.2026,25.06.2026,1178,OCCPAL,4006,1225,There is already such a booking for this agent.,Occidental Palma de Mallorca,"2468,65"
03.04.2026,37619925,thomas.garcia469@gmail.com,22.04.2026,27.04.2026,1301,TITMAR,5669,1467,Booking Complete Error: Error Message : StopSale.,Titanic Marmaris,1349.46
07.04.2026,18258427,sophie.bakker655@gmail.com,19.05.2026,02.06.2026,1178,RIUIBI,2790,5704,Improper reservation price.,RIU Ibiza,2911.03
19.04.2026,59469218,marta.andersen472@gmail.com,09.06.2026,23.06.2026, 1045,RIXMAK,1750,5704,Improper reservation price.,Rixos Makadi Bay,"4076,91"
02.04.2026,77189199,thomas.lang653@icloud.com,21.05.2026,28.05.2026,1301,BARAN1,8239,1778,Booking Complete Error: Zablokowano allotment online.,Barut Hotels Antalya Resort,2484.22
29.04.2026,65010375,maria.muller639@proton.me,18.07.2026,27.07.2026,1045,SUNMA1,9179,1732,Booking Payer Error: Brak wymaganego parametru,Sunrise Marsa Alam,268.51
25.04.2026,55117017,olga.wilson505@yahoo.com,15.05.2026,18.05.2026,1301,RIXMA1,6180,1732,Booking Payer Error: Brak wymaganego parametru,Rixos Marmaris,1659.68
23.04.2026,48532662,martin.weber747@proton.me,11.05.2026,14.05.2026,1045,RIXMAK,1750,1155,Not enough allotment,Rixos Makadi Bay,1865.02
17.04.2026,50695005,claire.nowak711@gmail.com,09.06.2026,16.06.2026,1301,MAXKEM,5351,1155,Not enough allotment,Maxx Royal Kemer,2681.55 PLN
08.04.2026,12167007,simon.kowalski445@proton.me,22.05.2026,31.05.2026,1178,IBEIBI,1964,5704,Improper reservation price.,Iberostar Ibiza,278.66
14.04.2026,46059690,alice.petrov34@hotmail.com,13.08.2026,22.08.2026,1426,HILDU1,7311,1155,Not enough allotment,Hilton Dubai Resort,2794.84 PLN
29.04.2026,39856133,irene.garcia698@proton.me,12.07.2026,26.07.2026,1178,NHGRAX,7537,1054,Contractor calculation error.,NH Collection Gran Canaria,-1297.69
21.04.2026,12310924,george.rossi707@yahoo.com,02.06.2026,05.06.2026,1426,MARSH1,5930,1155,Not enough allotment,Marriott Sharjah Resort,3919.87
01.04.2026,19031632,emma.bakker721@gmail.com,05.04.2026,10.04.2026,1301,TITKEM,5114,1467,Booking Complete Error: Error Message : StopSale.,Titanic Kemer,648.54
04.04.2026,42527071,thomas.smith435@gmail.com,07.08.2026,16.08.2026, 1714,RADZAD,6198,1155,Not enough allotment,Radisson Blu Zadar,"3212,31"
29.04.2026,26105863,thomas.roth209@yahoo.com,31.05.2026,09.06.2026,4182,AMAPR1,5415,1755,  Booking Create Error: Brak możliwości założenia rezerwacji winterfejsie.  ,Amara Protaras Resort,"2469,32"
04.04.2026,47158689,daniel.rossi695@outlook.com,02.06.2026,07.06.2026,1045,CORELX,7916,8056,Wrong room configuration,Coral Sea El Gouna,2231.17
16.04.2026,88667093,thomas.rossi73@icloud.com,07.07.2026,12.07.2026,1426, RADSH1 ,7888,1755,Booking Create Error: Brak możliwości założenia rezerwacji winterfejsie.,Radisson Blu Sharjah Resort,1971.37
28.04.2026,71207129,marta.bianchi639@yahoo.com,11.06.2026,20.06.2026,4182,anapap,3573,1155,Not enough allotment,Anassa Paphos,3779.65 PLN
15.04.2026,18215004,robert.berg854@outlook.com,19.06.2026,03.07.2026,1045,HILHUR,5422,1155,Not enough allotment,Hilton Hurghada,
19.04.2026,85638484,james.wagner93@outlook.com,14.05.2026,17.05.2026,4182,CONPR1,1423,1225,There is already such a booking for this agent.,Constantinou Bros Protaras Resort,1544.73
04.04.2026,32306534,daniel.johnson289@yahoo.com,20.06.2026,04.07.2026,1045,PICMAR,2169,5704,Improper reservation price.,Pickalbatros Marsa Alam,1000.93
19.04.2026,57124706,peter.weber713@icloud.com,11.06.2026,18.06.2026,1045,CORSHA,9830,8056,Wrong room configuration,Coral Sea Sharm El Sheikh,1908.64
08.04.2026,52734662,claire.moretti380@icloud.com,01.05.2026,04.05.2026,1714,VALDU1,6502,1467,Booking Complete Error: Error Message : StopSale.,Valamar Dubrovnik Resort,2573.15 PLN
04.04.2026,73124701,nina.smith698@hotmail.com,14.06.2026,17.06.2026,1426,HILFU1,4114,1155,Not enough allotment,Hilton Fujairah Resort,1112.75
03.04.2026,23719833,james.weber502@hotmail.com,15.08.2026,22.08.2026,1178,MELPAL,4119,1732,BOOKING PAYER ERROR: BRAK WYMAGANEGO PARAMETRU,Meliá Palma de Mallorca,1133.04
09.04.2026,87166763,anna.weber2@hotmail.com,10.05.2026,15.05.2026,1426,RADSH1,7888,1155,  Not enough allotment  ,Radisson Blu Sharjah Resort,1640.38
02.04.2026,14657496,elena.rossi820@gmail.com,24.07.2026,31.07.2026,1178,MELPAL,4119,5704,Improper reservation price.,Meliá Palma de Mallorca,493.73
02.04.2026,50438993,julia.nowak762@yahoo.com,30.05.2026,06.06.2026,1045, PICMAK ,7482,1225,There is already such a booking for this agent.,Pickalbatros Makadi Bay,2066.34
18.04.2026,68817904,alice.garcia518@hotmail.com,13.08.2026,20.08.2026,4182,ATLLIM,3847,1054,Contractor calculation error.,Atlantica Limassol,933.02
24.04.2026,20676951,elena.muller563@hotmail.com,27.07.2026,01.08.2026,1178,BAHGRA,6107,1155,  Not enough allotment  ,Bahia Principe Gran Canaria,913.45
17.04.2026,15473245,paul.andersen161@outlook.com,15.04.2026,24.04.2026,1045,barma1,7304,1467,Booking Complete Error: Error Message : StopSale.,Baron Resort Makadi Bay Resort,"3497,05"
02.04.2026,93794410,michael.kravets79@outlook.com,22.05.2026,29.05.2026,1301,DELKEM,5915,1225,There is already such a booking for this agent.,Delphin Kemer,357.83 PLN
10.04.2026,74227366,maria.lang205@gmail.com,16.06.2026,25.06.2026,1178, NHFUEX ,2160,1732,Booking Payer Error: Brak wymaganego parametru,NH Collection Fuerteventura,"2745,36"
25.04.2026,16336089,laura.berg54@proton.me,17.05.2026,20.05.2026,1426,RADRA1,6409,1467,Booking Complete Error: Error Message : StopSale.,Radisson Blu Ras Al Khaimah Resort,4068.73
02.04.2026,67500307,james.petrov133@gmail.com,03.07.2026,12.07.2026,1301,TITALA,4335,1467,Booking Complete Error: Error Message : StopSale.,Titanic Alanya,2154.46
09.04.2026,51562039,elena.lang92@icloud.com,30.07.2026,13.08.2026,2653,VILFUN,9779,1155,Not enough allotment,Vila Vita Parc Funchal (Madeira),3840.25
23.04.2026,72395893,irene.garcia819@hotmail.com,19.03.2026,22.03.2026,1178,OCCCOS,4770,1155,  Not enough allotment  ,,2720.57
17.04.2026,22657432,alice.bakker125@icloud.com,13.04.2026,22.04.2026,1301,VOYSID,7054,1778,Booking Complete Error: Zablokowano allotment online.,Voyage Side,"3755,10"
22.04.2026,39557337,daniel.petrov665@proton.me,16.07.2026,21.07.2026,1178,BARIBI,4750,1054,Contractor calculation error.,Barceló Ibiza,"976,05"
16.04.2026,95928388,emma.roth390@gmail.com,22.05.2026,27.05.2026,1301,CRYSID,5905,1467,  Booking Complete Error: Error Message : StopSale.  ,Crystal Hotels Side,1093.21 PLN
01.04.2026,22140196,maria.novak379@hotmail.com,15.06.2026,22.06.2026,1301,DELALA,6183,1155,Not enough allotment,Delphin Alanya,2847.40
03.04.2026,14741407,sophie.kozlov804@hotmail.com,17.05.2026,22.05.2026,4182,OLYLI1,1339,1755,Booking Create Error: Brak możliwości założenia rezerwacji winterfejsie.,Olympic Lagoon Limassol Resort,"2995,45"
14.04.2026,50276848,zofia.petrov71@hotmail.com,01.05.2026,06.05.2026,1045,RIXMAR,9348,1467,Booking Complete Error: Error Message : StopSale.,Rixos Marsa Alam,607.36
05.04.2026,19133640,kate.berg710@gmail.com,30.06.2026,09.07.2026,1178,HPALXX,4116,1755,Booking Create Error: Brak możliwości założenia rezerwacji winterfejsie.,H10 Hotels Palma de Mallorca,4149.31
01.04.2026,68909058,michael.meyer897@gmail.com,17.04.2026,22.04.2026,1426,ROTDUB,4652,1155,Not enough allotment,Rotana Dubai,"2217,21"
05.04.2026,35233943,emma.novak183@outlook.com,25.06.2026,04.07.2026,1178,NHPALX,9856,1155,Not enough allotment,NH Collection Palma de Mallorca,3908.21
28.04.2026,42120359,james.garcia592@icloud.com,21.05.2026,28.05.2026,1045,RIXSHA,3621,5704,Improper reservation price.,Rixos Sharm El Sheikh,
16.04.2026,77068267,laura.meyer837@hotmail.com,23.06.2026,26.06.2026,1714,VALZA1,7275,1054,  Contractor calculation error.  ,Valamar Zadar Resort,1813.74
02.04.2026,77189199,martin.petrov168@outlook.com,21.05.2026,28.05.2026,1301,BARAN1,8239,1155,  Not enough allotment  ,Barut Hotels Antalya Resort,
02.04.2026,49733764,laura.nowak688@gmail.com,22.04.2026,01.05.2026,1426,HILAB1,1027,1155,NOT ENOUGH ALLOTMENT,Hilton Abu Dhabi Resort,1368.97
07.04.2026,41931968,alice.andersen198@hotmail.com,30.05.2026,13.06.2026,1714,valpo1,3503,1155,Not enough allotment,Valamar Porec Resort,484.52
03.04.2026,89873140,paul.johnson883@icloud.com,11.06.2026,25.06.2026,1045,SUNSHA,6977,1054,Contractor calculation error.,Sunrise Sharm El Sheikh,3147.82
30.04.2026,13400255,mark.johnson437@outlook.com,27.06.2026,06.07.2026,2247,THVENX,6733,5704,Improper reservation price.,Th Resorts Venice,3028.81
08.04.2026,35959953,zofia.kozlov671@proton.me,12.06.2026,15.06.2026,1301,BARALA,3144,1155,Not enough allotment,Barut Hotels Alanya,"1871,65"
29.04.2026,16835512,mark.weber292@proton.me,14.07.2026,28.07.2026,1045,CORMA1,2040,1054,Contractor calculation error.,Coral Sea Marsa Alam Resort,3100.95
17.04.2026,93011005,michael.kravets289@outlook.com,05.07.2026,12.07.2026,1178,BAHBEN,6539,1054,Contractor calculation error.,Bahia Principe Benidorm,"1944,54"
12.04.2026,82782058,john.costa260@yahoo.com,02.09.2026,11.09.2026,1714,VALDUB,3417,1732,Booking Payer Error: Brak wymaganego parametru,Valamar Dubrovnik,1860.91
02.04.2026,71873766,emma.novak384@proton.me,30.06.2026,14.07.2026,1045,JAZTAB,2489,1054,Contractor calculation error.,Jaz Taba,2768.96
25.04.2026,77480448,julia.costa307@outlook.com,12.05.2026,21.05.2026,1045,stemar,3287,5704,Improper reservation price.,Steigenberger Marsa Alam,3455.26
27.04.2026,89307951,sophie.kozlov378@gmail.com,03.06.2026,12.06.2026,1045,CORHUR,8428,5704,Improper reservation price.,Coral Sea Hurghada,3625.25
23.04.2026,75666288,olga.bianchi309@gmail.com,14.05.2026,28.05.2026,1301,CRYMAR,4492,1467,Booking Complete Error: Error Message : StopSale.,Crystal Hotels Marmaris,1295.86
21.04.2026,71167464,andrew.wilson378@hotmail.com,07.07.2026,12.07.2026,1426,jumsha,4644,1732,Booking Payer Error: Brak wymaganego parametru,Jumeirah Sharjah,-3801.85
23.04.2026,77189199,sophie.johnson315@proton.me,21.05.2026,28.05.2026,1301,BARAN1,8239,1054,Contractor calculation error.,Barut Hotels Antalya Resort,2484.22
13.04.2026,10286011,david.kozlov166@hotmail.com,27.04.2026,02.05.2026,2653,VILFUN,9779,5704,  Improper reservation price.  ,Vila Vita Parc Funchal (Madeira),496.43
12.04.2026,43738434,michael.berg49@outlook.com,27.07.2026,01.08.2026,1301,RIXMA1,6180,1755,Booking Create Error: Brak możliwości założenia rezerwacji winterfejsie.,Rixos Marmaris,3769.43
07.04.2026,51464269,laura.kozlov135@gmail.com,13.08.2026,16.08.2026, 1426,AJMDU1,3085,5704,Improper reservation price.,Ajman Saray Dubai Resort,
13.04.2026,18293873,julia.meyer596@proton.me,15.05.2026,29.05.2026,1178,HCOSXX,7939,1155,Not enough allotment,H10 Hotels Costa del Sol,"258,14"
09.04.2026,44635993,julia.dubois719@hotmail.com,29.03.2026,01.04.2026,1045,JAZMAK,1771,1732,  Booking Payer Error: Brak wymaganego parametru  ,Jaz Makadi Bay,891.80
13.04.2026,46132077,olga.schmidt778@gmail.com,02.08.2026,09.08.2026,1045,SUNHUR,7065,1155,Not enough allotment,Sunrise Hurghada,400.29
30.04.2026,54106903,david.garcia987@hotmail.com,01.07.2026,06.07.2026,1045,DANSHA,2307,5704,Improper reservation price.,Dana Beach Sharm El Sheikh,2820.86 PLN
14.04.2026,73815683,james.schmidt63@yahoo.com,24.04.2026,27.04.2026,1178,BARCO1,6559,1155,Not enough allotment,Barceló Costa Brava,1393.43
02.04.2026,55736075,maria.garcia599@yahoo.com,05.05.2026,08.05.2026,1426,marab1,4143,5704,Improper reservation price.,Marriott Abu Dhabi Resort,2928.95
28.04.2026,65599802,emma.bianchi826@icloud.com,11.07.2026,18.07.2026,1301,VOYBEL,2200,1467,Booking Complete Error: Error Message : StopSale.,Voyage Belek,1947.06
18.04.2026,28429726,zofia.wagner758@yahoo.com,15.05.2026,18.05.2026,4182,ATLPRO,5771,1755,Booking Create Error: Brak możliwości założenia rezerwacji winterfejsie.,Atlantica Protaras,3716.67
16.04.2026,60800081,nina.wagner658@icloud.com,02.06.2026,11.06.2026,1045,SUNELX,3340,1467,BOOKING COMPLETE ERROR: ERROR MESSAGE : STOPSALE.,Sunwing El Gouna,2992.82
29.04.2026,97486496,nina.schmidt918@icloud.com,22.05.2026,31.05.2026,1178,melfue,5562,1225,There is already such a booking for this agent.,Meliá Fuerteventura,4053.92
30.04.2026,10459152,olga.kowalski21@proton.me,02.04.2026,11.04.2026,2653,DOMVI1,3073,1732,Booking Payer Error: Brak wymaganego parametru,Dom Pedro Vilamoura Resort,2472.71 PLN
16.04.2026,19582229,michael.smith335@hotmail.com,02.07.2026,11.07.2026,1178,OCCBEN,6413,1155,  Not enough allotment  ,Occidental Benidorm,
16.04.2026,65335261,michael.moretti238@proton.me,19.05.2026,02.06.2026,1301,BARKEM,9666,8056,Wrong room configuration,Barut Hotels Kemer,3779.09
24.04.2026,15616707,chris.andersen667@proton.me,24.04.2026,29.04.2026,1045,jazhur,4456,1225,There is already such a booking for this agent.,Jaz Hurghada,"303,88"
26.04.2026,82941480,peter.weber285@proton.me,11.04.2026,20.04.2026,1178,MELCO1,7735,1054,Contractor calculation error.,Meliá Costa Brava,1441.30
28.04.2026,67082519,laura.weber825@yahoo.com,09.06.2026,16.06.2026,1178,IBECOS,9423,1467,Booking Complete Error: Error Message : StopSale.,Iberostar Costa Brava,2474.98
14.04.2026,63835402,daniel.rossi826@proton.me,11.04.2026,16.04.2026,1426,HILFU1,4114,1755,  Booking Create Error: Brak możliwości założenia rezerwacji winterfejsie.  ,Hilton Fujairah Resort,1663.98 PLN
25.04.2026,55315433,john.bianchi312@outlook.com,28.04.2026,12.05.2026,1714,BLUZAD,9976,1755,Booking Create Error: Brak możliwości założenia rezerwacji winterfejsie.,Bluesun Zadar,3263.30
11.04.2026,22825399,david.keller621@outlook.com,28.07.2026,02.08.2026, 1301,cryant,7868,1155,Not enough allotment,Crystal Hotels Antalya,"3156,70"
12.04.2026,75890183,paul.rossi250@icloud.com,06.06.2026,20.06.2026, 1045, PICTAB ,7543,1778,Booking Complete Error: Zablokowano allotment online.,Pickalbatros Taba,1407.95 PLN
09.04.2026,53524373,simon.andersen963@yahoo.com,04.06.2026,11.06.2026,4182,AMAPR1,5415,5704,Improper reservation price.,Amara Protaras Resort,3173.59
19.04.2026,48779601,daniel.dubois73@gmail.com,27.07.2026,10.08.2026,1045,SUNHUR,7065,8056,Wrong room configuration,Sunrise Hurghada,601.40
21.04.2026,66763408,john.novak71@outlook.com,06.04.2026,09.04.2026,4182,LOUPRO,8699,1755,Booking Create Error: Brak możliwości założenia rezerwacji winterfejsie.,Louis Hotels Protaras,1315.90
29.04.2026,15082158,zofia.kravets880@outlook.com,01.07.2026,04.07.2026,1301,CRYSID,5905,1155,Not enough allotment,Crystal Hotels Side,
05.04.2026,44920461,mark.bianchi164@yahoo.com,20.07.2026,29.07.2026,2653,PINALB,4155,1054,Contractor calculation error.,Pine Cliffs Albufeira,2339.29
16.04.2026,52894344,marta.meyer654@yahoo.com,29.07.2026,01.08.2026,1301,VOYAN1,5291,1155,Not enough allotment,Voyage Antalya Resort,2887.97 PLN
21.04.2026,85990691,andrew.andersen576@icloud.com,26.04.2026,29.04.2026,1178,RIUCO1,1828,1778,Booking Complete Error: Zablokowano allotment online.,RIU Costa del Sol,490.13 PLN
17.04.2026,66765292,julia.costa905@hotmail.com,20.05.2026,23.05.2026,1301,DELBOD,2891,1755,Booking Create Error: Brak możliwości założenia rezerwacji winterfejsie.,Delphin Bodrum,899.31
19.04.2026,96594655,john.larsen228@icloud.com,01.06.2026,06.06.2026,1426,JUMRAS,7548,1155,Not enough allotment,Jumeirah Ras Al Khaimah,1486.10 PLN
17.04.2026,96243916,nina.kravets406@icloud.com,01.08.2026,10.08.2026,1301,DELALA,6183,1755,Booking Create Error: Brak możliwości założenia rezerwacji winterfejsie.,Delphin Alanya,1647.58
17.04.2026,15120580,irene.bakker251@icloud.com,20.08.2026,29.08.2026,1426,JUMSH1,1727,1467,Booking Complete Error: Error Message : StopSale.,Jumeirah Sharjah Resort,1766.06
26.04.2026,97120361,chris.keller836@proton.me,30.06.2026,03.07.2026,1426, ADDSHA ,6139,1467,Booking Complete Error: Error Message : StopSale.,,
26.04.2026,41177793,james.kowalski510@yahoo.com,21.04.2026,05.05.2026,1426,ROTSH1,7691,1225,  There is already such a booking for this agent.  ,Rotana Sharjah Resort,1521.63
16.04.2026,88871018,george.schmidt739@proton.me,15.06.2026,29.06.2026,1045, SUNMA1 ,9179,5704,  Improper reservation price.  ,Sunrise Marsa Alam,544.07
11.04.2026,56177572,robert.fischer803@gmail.com,02.06.2026,09.06.2026,1301,VOYANT,9565,1155,Not enough allotment,Voyage Antalya,"1641,89"
24.04.2026,56091075,claire.wilson671@proton.me,11.07.2026,18.07.2026,1045,SUNEL1,8019,1155,Not enough allotment,Sunrise El Gouna,1214.46
19.04.2026,20724388,julia.novak449@proton.me,05.07.2026,10.07.2026,1045,sunmar,6313,1467,Booking Complete Error: Error Message : StopSale.,Sunwing Marsa Alam,"3401,67"
08.04.2026,12188077,mark.nowak239@outlook.com,13.04.2026,27.04.2026,1178,RIUIBI,2790,1755,Booking Create Error: Brak możliwości założenia rezerwacji winterfejsie.,RIU Ibiza,2294.56
24.04.2026,31198792,emma.bianchi406@icloud.com,25.05.2026,28.05.2026,1426,HILDU1,7311,1732,  Booking Payer Error: Brak wymaganego parametru  ,Hilton Dubai Resort,"295,06"
19.04.2026,72533168,kate.kravets881@gmail.com,31.08.2026,03.09.2026,1714,valro1,5451,1467,Booking Complete Error: Error Message : StopSale.,Valamar Rovinj Resort,
16.04.2026,72690620,mark.johnson655@yahoo.com,28.06.2026,07.07.2026,2247,THSARX,4908,8056,  Wrong room configuration  ,Th Resorts Sardinia,3527.98
06.04.2026,72265475,julia.wagner182@icloud.com,22.05.2026,31.05.2026,1301,LIMSID,5002,8056,Wrong room configuration,Limak Side,1380.82
11.04.2026,93864611,paul.berg83@proton.me,20.05.2026,25.05.2026,1178,NHCOSX,8651,1155,Not enough allotment,NH Collection Costa del Sol,1997.27
13.04.2026,72223246,nina.nowak315@yahoo.com,20.05.2026,25.05.2026,1045,JAZHUR,4456,1467,  Booking Complete Error: Error Message : StopSale.  ,Jaz Hurghada,"1233,86"
16.04.2026,37474003,laura.nowak247@yahoo.com,13.05.2026,22.05.2026,1426,AJMSH1,3851,1755,Booking Create Error: Brak możliwości założenia rezerwacji winterfejsie.,Ajman Saray Sharjah Resort,2975.08
10.04.2026,37040388,zofia.novak860@hotmail.com,04.08.2026,09.08.2026,1301,VOYBEL,2200,1467,Booking Complete Error: Error Message : StopSale.,Voyage Belek,264.59
17.04.2026,22093343,julia.dubois787@yahoo.com,06.06.2026,11.06.2026,1301,TITSID,5616,1155,Not enough allotment,Titanic Side,2064.88
02.04.2026,24514369,simon.berg616@proton.me,20.04.2026,04.05.2026,4182,CONPAP,2625,5704,IMPROPER RESERVATION PRICE.,Constantinou Bros Paphos,912.90 PLN
27.04.2026,78715354,daniel.dubois780@icloud.com,29.08.2026,05.09.2026,1301,DELBEL,3584,8056,  Wrong room configuration  ,Delphin Belek,1128.66
16.04.2026,33582622,elena.schmidt136@icloud.com,16.06.2026,30.06.2026,1178,OCCPAL,4006,1467,Booking Complete Error: Error Message : StopSale.,Occidental Palma de Mallorca,3352.46
10.04.2026,73801569,emma.lang597@outlook.com,17.03.2026,20.03.2026,4182,ANAPRO,8381,1155,  Not enough allotment  ,Anassa Protaras,588.57
29.04.2026,59617089,julia.berg674@outlook.com,21.05.2026,30.05.2026,1301, DELBEL ,3584,1467,Booking Complete Error: Error Message : StopSale.,Delphin Belek,"2428,54"
11.04.2026,90457943,robert.andersen26@proton.me,05.08.2026,19.08.2026,1178,HFUEXX,1514,1155,Not enough allotment,,2369.10
05.04.2026,17603772,robert.keller742@proton.me,26.07.2026,04.08.2026,2247,VALSAR,6111,1054,  Contractor calculation error.  ,Valtur Sardinia,2770.34
01.04.2026,51495842,julia.muller565@hotmail.com,06.04.2026,15.04.2026,1045,STETAB,4432,1732,Booking Payer Error: Brak wymaganego parametru,Steigenberger Taba,"1298,60"
28.04.2026,35167733,nina.meyer826@icloud.com,08.06.2026,15.06.2026,1301,LIMKEM,4346,1225,There is already such a booking for this agent.,Limak Kemer,4096.98 PLN
15.04.2026,32760629,marta.bianchi70@proton.me,31.05.2026,09.06.2026,1178,OCCGRA,1887,1155,Not enough allotment,Occidental Gran Canaria,"1224,43"
13.04.2026,31287665,andrew.johnson827@gmail.com,21.05.2026,28.05.2026,1301,VOYANT,9565,1155,Not enough allotment,Voyage Antalya,940.12
29.04.2026,97016569,james.wagner760@icloud.com,15.08.2026,22.08.2026,2247,VALRIM,5198,1732,Booking Payer Error: Brak wymaganego parametru,Valtur Rimini,317.42
22.04.2026,55987725,chris.smith689@yahoo.com,24.07.2026,31.07.2026,2653,PESPOR,9698,1155,Not enough allotment,Pestana Porto,2758.92 PLN
30.04.2026,34427131,marta.bianchi801@hotmail.com,19.08.2026,02.09.2026,1301,BARBEL,5325,1755,Booking Create Error: Brak możliwości założenia rezerwacji winterfejsie.,Barut Hotels Belek,3892.57
08.04.2026,88790652,simon.andersen952@gmail.com,15.04.2026,20.04.2026,1045, JAZTAB ,2489,1225,There is already such a booking for this agent.,Jaz Taba,819.56
24.04.2026,11418473,daniel.petrov214@outlook.com,11.06.2026,20.06.2026,1301,MAXKEM,5351,1778,BOOKING COMPLETE ERROR: ZABLOKOWANO ALLOTMENT ONLINE.,Maxx Royal Kemer,3006.38
10.04.2026,44603983,elena.bakker719@yahoo.com,07.05.2026,10.05.2026,2653,VILVI1,6582,1155,Not enough allotment,Vila Vita Parc Vilamoura Resort,516.84 PLN
06.04.2026,84706226,david.petrov471@gmail.com,15.05.2026,29.05.2026,2653,PESPOR,9698,5704,Improper reservation price.,Pestana Porto,1907.38
21.04.2026,42860242,martin.moretti69@hotmail.com,08.07.2026,17.07.2026,4182,CONPA1,1977,5704,Improper reservation price.,Constantinou Bros Paphos Resort,613.36
03.04.2026,86046949,chris.petrov899@icloud.com,15.05.2026,20.05.2026,1714,VALMAK,7547,1155,Not enough allotment,Valamar Makarska,"2572,34"
12.04.2026,31311258,emma.lang253@hotmail.com,26.08.2026,04.09.2026,1178,BAHCO1,3296,1054,Contractor calculation error.,Bahia Principe Costa del Sol,2634.65
06.04.2026,96465850,thomas.novak67@icloud.com,18.04.2026,21.04.2026,1714,VALDUB,3417,1155,Not enough allotment,Valamar Dubrovnik,1930.44
23.04.2026,68767285,simon.nowak346@yahoo.com,07.05.2026,14.05.2026,1045,STESHA,3504,1155,NOT ENOUGH ALLOTMENT,Steigenberger Sharm El Sheikh,1261.33
07.04.2026,30964359,michael.smith343@outlook.com,12.05.2026,15.05.2026,1426,JUMRA1,6344,1155,Not enough allotment,Jumeirah Ras Al Khaimah Resort,833.80
26.04.2026,52436641,mark.andersen113@proton.me,28.06.2026,03.07.2026,1301,DELMAR,9280,,  Booking Create Error: Brak możliwości założenia rezerwacji winterfejsie.  ,Delphin Marmaris,"662,73"
17.04.2026,95548674,peter.johnson500@gmail.com,16.05.2026,23.05.2026,1045,JAZELX,4733,1054,Contractor calculation error.,Jaz El Gouna,"851,15"
10.04.2026,94772931,alice.meyer567@outlook.com,04.06.2026,07.06.2026,1426,MARDU1,9518,1054,CONTRACTOR CALCULATION ERROR.,Marriott Dubai Resort,4121.19
28.04.2026,79416639,martin.rossi701@proton.me,18.04.2026,25.04.2026,1426,RADRAS,7528,1467,Booking Complete Error: Error Message : StopSale.,Radisson Blu Ras Al Khaimah,1592.55
27.04.2026,85584002,olga.kozlov261@outlook.com,30.06.2026,05.07.2026,1426,ADDAB1,6067,1155,Not enough allotment,Address Hotels Abu Dhabi Resort,2405.22
16.04.2026,78425434,alice.bianchi988@outlook.com,06.04.2026,20.04.2026,1178,BARTEN,2163,1467,Booking Complete Error: Error Message : StopSale.,Barceló Tenerife,1727.82
24.04.2026,26111256,claire.moretti195@icloud.com,27.05.2026,01.06.2026,1178,RIUPAL,8350,5704,Improper reservation price.,RIU Palma de Mallorca,2597.92
12.04.2026,74018781,olga.lang254@gmail.com,18.05.2026,21.05.2026, 1045,CORMA1,2040,1225,There is already such a booking for this agent.,Coral Sea Marsa Alam Resort,417.97
17.04.2026,70269142,anna.novak240@hotmail.com,29.05.2026,01.06.2026, 2653,DOMVIL,4630,1467,  Booking Complete Error: Error Message : StopSale.  ,Dom Pedro Vilamoura,3835.05
27.04.2026,65868338,mark.kozlov466@proton.me,28.04.2026,01.05.2026,1714,VALPO1,3503,1467,Booking Complete Error: Error Message : StopSale.,Valamar Porec Resort,3713.18
06.04.2026,95798748,thomas.larsen13@outlook.com,11.06.2026,14.06.2026,1178,RIUIBI,2790,1155,Not enough allotment,RIU Ibiza,3326.94
15.04.2026,94658420,james.andersen801@proton.me,31.07.2026,05.08.2026,1045,SUNSHA,6977,1155,Not enough allotment,Sunrise Sharm El Sheikh,4176.64
28.04.2026,44590202,john.muller729@hotmail.com,12.05.2026,26.05.2026,2653,PESPOR,9698,1155,Not enough allotment,Pestana Porto,2569.13
30.04.2026,30704087,peter.moretti374@hotmail.com,18.06.2026,23.06.2026,1178,HFUEXX,1514,8056,Wrong room configuration,H10 Hotels Fuerteventura,365.73
15.04.2026,34385885,julia.muller601@gmail.com,06.08.2026,13.08.2026,1301,BARBEL,5325,1054,CONTRACTOR CALCULATION ERROR.,Barut Hotels Belek,1171.04
30.04.2026,75039075,marta.costa219@icloud.com,21.05.2026,26.05.2026,1301,MAXANT,3546,1054,Contractor calculation error.,Maxx Royal Antalya,3938.85
25.04.2026,50276848,robert.berg254@hotmail.com,01.05.2026,06.05.2026,1045,RIXMAR,9348,1467,Booking Complete Error: Error Message : StopSale.,Rixos Marsa Alam,607.36
19.04.2026,46606003,robert.muller215@outlook.com,17.07.2026,22.07.2026,2247,BLUAM1,8102,1778,  Booking Complete Error: Zablokowano allotment online.  ,Bluserena Amalfi Coast Resort,1579.71
08.04.2026,44665942,laura.kowalski511@outlook.com,05.07.2026,10.07.2026,1045,CORMA1,2040,1155,NOT ENOUGH ALLOTMENT,Coral Sea Marsa Alam Resort,
10.04.2026,81514416,olga.dubois680@outlook.com,01.05.2026,10.05.2026,2247,UNARIM,3068,1155,Not enough allotment,UNA Hotels Rimini,597.41
16.04.2026,48481962,simon.larsen199@proton.me,09.04.2026,23.04.2026,1301,DELANT,9288,1732,Booking Payer Error: Brak wymaganego parametru,Delphin Antalya,1733.53
06.04.2026,93415436,kate.meyer497@yahoo.com,31.05.2026,03.06.2026, 1045,HILTAB,5040,1155,Not enough allotment,Hilton Taba,3958.07
28.04.2026,54924348,martin.smith450@hotmail.com,16.05.2026,25.05.2026,2653,VILALB,4937,1778,Booking Complete Error: Zablokowano allotment online.,Vila Vita Parc Albufeira,"1579,85"
02.04.2026,39557237,david.kozlov117@yahoo.com,29.06.2026,06.07.2026,1045,DANSHA,2307,1467,Booking Complete Error: Error Message : StopSale.,Dana Beach Sharm El Sheikh,"350,97"
01.04.2026,27018505,alice.garcia902@outlook.com,21.04.2026,28.04.2026,1045,RIXSHA,3621,5704,Improper reservation price.,Rixos Sharm El Sheikh,1383.40
29.04.2026,80825374,david.wagner764@icloud.com,05.04.2026,12.04.2026,2247,MANSA1,1207,1755,Booking Create Error: Brak możliwości założenia rezerwacji winterfejsie.,Mangia's Resorts Sardinia Resort,"2732,04"
22.04.2026,25629156,thomas.kozlov821@outlook.com,03.07.2026,08.07.2026,1301,LIMANT,2697,1155,Not enough allotment,Limak Antalya,3298.24
01.04.2026,59640234,marta.roth311@hotmail.com,11.04.2026,14.04.2026,1178,riuten,5061,1755,Booking Create Error: Brak możliwości założenia rezerwacji winterfejsie.,RIU Tenerife,484.11
10.04.2026,98981466,peter.bianchi359@icloud.com,09.06.2026,16.06.2026, 1301,CRYBOD,4450,1778,Booking Complete Error: Zablokowano allotment online.,Crystal Hotels Bodrum,
10.04.2026,93366096,nina.bianchi377@icloud.com,07.05.2026,21.05.2026,1178,IBEBEN,6804,5704,Improper reservation price.,Iberostar Benidorm,1578.68
08.04.2026,52322663,alice.bakker614@yahoo.com,03.08.2026,08.08.2026,1045,DANSHA,2307,1467,  Booking Complete Error: Error Message : StopSale.  ,Dana Beach Sharm El Sheikh,3595.65
19.04.2026,41227854,michael.kravets328@outlook.com,14.03.2026,19.03.2026,1426,HILSH1,6663,1467,Booking Complete Error: Error Message : StopSale.,Hilton Sharjah,4002.37
11.04.2026,74525013,mark.petrov460@yahoo.com,29.04.2026,08.05.2026, 1178, NHTENX ,4510,5704,IMPROPER RESERVATION PRICE.,NH Collection Tenerife,1717.00
22.04.2026,29109045,marta.nowak919@hotmail.com,27.06.2026,30.06.2026,1301,TITANT,8508,1467,Booking Complete Error: Error Message : StopSale.,Titanic Antalya,3061.03 PLN
09.04.2026,60819173,anna.rossi540@proton.me,03.05.2026,08.05.2026,1178, BAHGRA ,6107,1778,Booking Complete Error: Zablokowano allotment online.,Bahia Principe Gran Canaria,"4009,54"
16.04.2026,12244018,andrew.johnson820@hotmail.com,15.04.2026,20.04.2026,2653,DOMFUN,5530,1155,Not enough allotment,Dom Pedro Funchal (Madeira),1034.77
06.04.2026,80319709,martin.kozlov753@gmail.com,18.05.2026,23.05.2026,1426,JUMSHA,4644,5704,  Improper reservation price.  ,Jumeirah Sharjah,3148.31
11.04.2026,99705272,chris.schmidt779@yahoo.com,14.07.2026,23.07.2026,1714,RADMAK,2988,1155,NOT ENOUGH ALLOTMENT,Radisson Blu Makarska,2583.60
22.04.2026,72037075,zofia.johnson699@proton.me,05.05.2026,10.05.2026,1045,SUNMA1,9179,1054,Contractor calculation error.,Sunrise Marsa Alam,3102.08
25.04.2026,22890030,james.dubois562@hotmail.com,17.07.2026,20.07.2026,4182,AMALIM,3441,1155,Not enough allotment,Amara Limassol,2542.03
30.04.2026,45112407,irene.weber182@hotmail.com,20.07.2026,23.07.2026,1301,CRYAN1,3143,1155,Not enough allotment,Crystal Hotels Antalya Resort,2721.03
30.04.2026,94646134,maria.wilson548@gmail.com,15.04.2026,24.04.2026,1301,VOYMAR,2753,1155,Not enough allotment,Voyage Marmaris,3179.66
24.04.2026,80722909,george.petrov326@hotmail.com,06.06.2026,11.06.2026,1178,BARTEN,2163,1732,Booking Payer Error: Brak wymaganego parametru,Barceló Tenerife,4109.55
03.04.2026,77614227,robert.kowalski526@yahoo.com,05.05.2026,12.05.2026,1426,AJMFU1,4228,5704,Improper reservation price.,Ajman Saray Fujairah Resort,2428.86
04.04.2026,92352411,emma.bakker850@proton.me,07.07.2026,21.07.2026,1178,BAHTEN,1117,1755,  Booking Create Error: Brak możliwości założenia rezerwacji winterfejsie.  ,Bahia Principe Tenerife,2916.16
16.04.2026,40281491,daniel.wagner824@hotmail.com,11.05.2026,16.05.2026,1178,RIUTEN,5061,1755,BOOKING CREATE ERROR: BRAK MOŻLIWOŚCI ZAŁOŻENIA REZERWACJI WINTERFEJSIE.,RIU Tenerife,3647.56
04.04.2026,47531240,mark.bakker235@gmail.com,05.06.2026,14.06.2026,1301,DELSID,9004,1054,Contractor calculation error.,Delphin Side,2030.38
17.04.2026,76591799,kate.wagner581@yahoo.com,04.08.2026,07.08.2026,1178,NHPALX,9856,1225,There is already such a booking for this agent.,NH Collection Palma de Mallorca,2048.03
19.04.2026,61839427,simon.dubois194@outlook.com,08.08.2026,17.08.2026,1301,CRYALA,6464,1467,BOOKING COMPLETE ERROR: ERROR MESSAGE : STOPSALE.,Crystal Hotels Alanya,730.73
18.04.2026,33813700,julia.kozlov527@gmail.com,04.05.2026,13.05.2026,1426,MARFU1,3041,1755,Booking Create Error: Brak możliwości założenia rezerwacji winterfejsie.,Marriott Fujairah Resort,4134.64
06.04.2026,87440242,claire.wilson533@outlook.com,02.06.2026,07.06.2026,1426,RADAB1,5844,1155,Not enough allotment,Radisson Blu Abu Dhabi Resort,2250.46
30.04.2026,30538276,anna.nowak210@gmail.com,26.03.2026,29.03.2026,1426,RADRAS,7528,1755,Booking Create Error: Brak możliwości założenia rezerwacji winterfejsie.,Radisson Blu Ras Al Khaimah,2634.97
30.04.2026,23437241,john.bianchi68@gmail.com,31.05.2026,05.06.2026,1714,RADPO1,6238,1155,Not enough allotment,Radisson Blu Porec Resort,"309,01"
09.04.2026,20065776,thomas.dubois539@gmail.com,11.03.2026,14.03.2026,1045,JAZMAK,1771,5704,Improper reservation price.,Jaz Makadi Bay,573.89
13.04.2026,91533503,irene.nowak998@yahoo.com,21.07.2026,28.07.2026,1426, JUMDU1 ,9821,1155,  Not enough allotment  ,Jumeirah Dubai Resort,3813.37
08.04.2026,88674767,olga.weber805@yahoo.com,09.04.2026,23.04.2026,1301,BARBOD,1152,1155,Not enough allotment,Barut Hotels Bodrum,2916.63
09.04.2026,39137054,david.smith224@yahoo.com,12.04.2026,15.04.2026,1045,DANMAR,3266,1467,  Booking Complete Error: Error Message : StopSale.  ,Dana Beach Marsa Alam,3627.82
25.04.2026,86886722,alice.petrov580@gmail.com,25.05.2026,08.06.2026,1178,IBECO1,2235,1755,Booking Create Error: Brak możliwości założenia rezerwacji winterfejsie.,Iberostar Costa del Sol,3843.95
18.04.2026,24687093,michael.meyer191@hotmail.com,12.05.2026,19.05.2026,1714,FALROV,9486,1155,Not enough allotment,Falkensteiner Rovinj,1197.24
09.04.2026,65905499,claire.larsen292@gmail.com,04.06.2026,11.06.2026,1714,BLUROV,7991,1155,Not enough allotment,Bluesun Rovinj,4159.29
11.04.2026,99357300,james.weber456@gmail.com,14.06.2026,19.06.2026,1426,JUMRA1,6344,1467,Booking Complete Error: Error Message : StopSale.,Jumeirah Ras Al Khaimah Resort,"2762,86"
27.04.2026,47691414,irene.garcia241@proton.me,01.06.2026,04.06.2026,1045,STESHA,3504,1054,Contractor calculation error.,Steigenberger Sharm El Sheikh,-3054.11
22.04.2026,31990970,mark.moretti462@yahoo.com,05.08.2026,14.08.2026,1045,barhur,1525,1155,Not enough allotment,Baron Resort Hurghada,2600.93
22.04.2026,80322629,simon.bakker50@gmail.com,04.06.2026,07.06.2026,1714,RADDU2,8777,1225,THERE IS ALREADY SUCH A BOOKING FOR THIS AGENT.,Radisson Blu Dubrovnik,383.60
17.04.2026,55753342,mark.costa161@outlook.com,11.04.2026,18.04.2026,1426,ADDABU,6753,1054,Contractor calculation error.,Address Hotels Abu Dhabi,1803.42
07.04.2026,29457977,claire.berg503@proton.me,10.05.2026,19.05.2026,1426,RADDU1,6143,5704,Improper reservation price.,Radisson Blu Dubai Resort,1414.43
24.04.2026,37358925,michael.dubois287@yahoo.com,07.07.2026,14.07.2026,2653, TIVVIL ,8342,1467,Booking Complete Error: Error Message : StopSale.,Tivoli Vilamoura,1882.95
10.04.2026,16080513,andrew.novak336@hotmail.com,27.06.2026,30.06.2026,1045,CORTAB,7572,1225,There is already such a booking for this agent.,Coral Sea Taba,403.71
01.04.2026,47583627,zofia.costa218@proton.me,23.04.2026,02.05.2026,1045,CORMA1,2040,1732,Booking Payer Error: Brak wymaganego parametru,Coral Sea Marsa Alam Resort,"1707,84"
26.04.2026,81006112,zofia.keller152@yahoo.com,19.08.2026,22.08.2026,4182,OLYPA1,9502,1155,NOT ENOUGH ALLOTMENT,Olympic Lagoon Paphos Resort,1873.14
01.04.2026,10968781,chris.berg448@icloud.com,25.06.2026,30.06.2026,1714,FALRO1,4788,1225,There is already such a booking for this agent.,Falkensteiner Rovinj Resort,"2415,44"
12.04.2026,13171035,sophie.dubois89@outlook.com,12.04.2026,26.04.2026,1301,BARANT,5272,1054,Contractor calculation error.,Barut Hotels Antalya,922.37
13.04.2026,77196472,chris.andersen844@outlook.com,13.05.2026,27.05.2026,4182,LOUAY1,5728,1155,Not enough allotment,Louis Hotels Ayia Napa Resort,840.85 PLN
04.04.2026,26351514,james.kravets106@gmail.com,24.06.2026,27.06.2026,1045,HILSHA,1916,5704,Improper reservation price.,Hilton Sharm El Sheikh,1277.59
01.04.2026,93967309,martin.berg592@yahoo.com,03.05.2026,08.05.2026,1178,nhcos1,2604,5704,Improper reservation price.,NH Collection Costa Brava,1431.82
15.04.2026,60064794,olga.keller802@hotmail.com,23.06.2026,28.06.2026,1301,LIMANT,2697,1467,Booking Complete Error: Error Message : StopSale.,Limak Antalya,-3387.61
16.04.2026,85127595,mark.kravets754@proton.me,03.05.2026,17.05.2026,1178,IBEIBI,1964,1155,Not enough allotment,Iberostar Ibiza,2904.46
30.04.2026,47746670,maria.novak902@icloud.com,01.08.2026,10.08.2026,1301,LIMANT,2697,1155,Not enough allotment,Limak Antalya,
12.04.2026,37796680,nina.kravets457@gmail.com,06.07.2026,09.07.2026,1301,RIXAL1,1158,1054,Contractor calculation error.,Rixos Alanya Resort,3841.45
18.04.2026,67229772,claire.smith618@gmail.com,30.03.2026,02.04.2026,1426,RADRAS,7528,1155,  Not enough allotment  ,Radisson Blu Ras Al Khaimah,"1218,75"
03.04.2026,40923937,andrew.moretti163@gmail.com,18.05.2026,25.05.2026,1178,barten,2163,1155,Not enough allotment,Barceló Tenerife,2438.37
14.04.2026,14157653,irene.fischer24@gmail.com,20.04.2026,29.04.2026,2247, BAGSAR ,6590,1778,Booking Complete Error: Zablokowano allotment online.,Baglioni Hotels Sardinia,4018.72
03.04.2026,43797209,chris.novak145@yahoo.com,16.04.2026,19.04.2026,1178,HCOSXX,7939,1225,There is already such a booking for this agent.,H10 Hotels Costa del Sol,506.30
23.04.2026,82903355,george.kravets72@proton.me,06.05.2026,11.05.2026,1714,FALSPL,8478,1225,There is already such a booking for this agent.,Falkensteiner Split,"2605,82"
19.04.2026,95965392,paul.bianchi892@proton.me,22.07.2026,25.07.2026,1426,JUMRA1,6344,1755,Booking Create Error: Brak możliwości założenia rezerwacji winterfejsie.,Jumeirah Ras Al Khaimah Resort,1919.85
11.04.2026,13158189,laura.bianchi18@icloud.com,09.06.2026,16.06.2026,1426,AJMRAS,5573,5704,Improper reservation price.,Ajman Saray Ras Al Khaimah,2393.86
29.04.2026,77215850,george.wilson927@yahoo.com,14.05.2026,21.05.2026,2653,VILCAS,4986,5704,Improper reservation price.,Vila Vita Parc Cascais,3754.61
16.04.2026,50327053,john.garcia759@proton.me,24.08.2026,27.08.2026,1301,RIXBOD,8179,1467,Booking Complete Error: Error Message : StopSale.,Rixos Bodrum,3565.14
05.04.2026,80528349,kate.garcia981@yahoo.com,07.07.2026,16.07.2026,1301,LIMANT,2697,1155,Not enough allotment,Limak Antalya,"1738,46"
24.04.2026,26647276,irene.petrov473@icloud.com,06.05.2026,11.05.2026,1045,CORSHA,9830,1225,There is already such a booking for this agent.,Coral Sea Sharm El Sheikh,3749.34
22.04.2026,98706994,daniel.larsen388@outlook.com,16.06.2026,25.06.2026,1714,VALSPL,5050,1467,Booking Complete Error: Error Message : StopSale.,Valamar Split,1300.85
13.04.2026,92364557,michael.wagner172@proton.me,10.05.2026,19.05.2026,1301,TITKEM,5114,1155,Not enough allotment,Titanic Kemer,1381.77
29.04.2026,91147508,martin.nowak224@proton.me,08.07.2026,17.07.2026,1178,IBECO1,2235,1755,Booking Create Error: Brak możliwości założenia rezerwacji winterfejsie.,Iberostar Costa del Sol,"1219,98"
19.04.2026,63765155,laura.berg296@gmail.com,09.06.2026,12.06.2026,1714,blusp1,2320,1155,Not enough allotment,Bluesun Split Resort,452.07
07.04.2026,39689818,mark.johnson61@icloud.com,03.06.2026,17.06.2026,1045,CORMAK,7216,1755,BOOKING CREATE ERROR: BRAK MOŻLIWOŚCI ZAŁOŻENIA REZERWACJI WINTERFEJSIE.,Coral Sea Makadi Bay,954.97
08.04.2026,24714183,martin.moretti112@gmail.com,03.08.2026,12.08.2026,2653,VIDVI1,1231,1155,Not enough allotment,Vidamar Resorts Vilamoura Resort,3332.42
10.04.2026,37473519,alice.lang292@proton.me,11.06.2026,20.06.2026, 4182, CONLI1 ,6280,1778,Booking Complete Error: Zablokowano allotment online.,Constantinou Bros Limassol Resort,1320.06
17.04.2026,17554086,emma.petrov768@outlook.com,09.07.2026,23.07.2026,1714,SUNMA3,8461,1155,Not enough allotment,Sun Gardens Makarska,1208.56
02.04.2026,70749138,olga.schmidt680@icloud.com,23.04.2026,30.04.2026,1045,DANSHA,2307,1155,Not enough allotment,Dana Beach Sharm El Sheikh,2188.11 PLN
24.04.2026,31577283,chris.bianchi986@icloud.com,10.06.2026,13.06.2026,1301,CRYAN1,3143,1467,Booking Complete Error: Error Message : StopSale.,Crystal Hotels Antalya Resort,3854.73
09.04.2026,64367447,michael.wagner784@proton.me,18.06.2026,27.06.2026,1045,JAZHUR,4456,1755,Booking Create Error: Brak możliwości założenia rezerwacji winterfejsie.,Jaz Hurghada,3500.53
27.04.2026,83334481,martin.petrov192@proton.me,28.04.2026,01.05.2026,2653,PESPOR,9698,1155,Not enough allotment,Pestana Porto,-1172.07
27.04.2026,37703331,alice.smith456@outlook.com,17.06.2026,24.06.2026,1714,SUNPOR,8612,1778,Booking Complete Error: Zablokowano allotment online.,Sun Gardens Porec,
22.04.2026,39126690,michael.wagner319@yahoo.com,20.04.2026,23.04.2026,1301,barma2,1128,1155,Not enough allotment,Barut Hotels Marmaris,
25.04.2026,33365734,james.dubois848@hotmail.com,22.05.2026,29.05.2026,1301,maxala,8491,5704,Improper reservation price.,Maxx Royal Alanya,2145.68
30.04.2026,19980836,peter.kowalski946@proton.me,21.06.2026,26.06.2026,2653,VILLI1,2070,1054,Contractor calculation error.,Vila Vita Parc Lisbon Resort,3865.46
09.04.2026,85569997,nina.berg476@icloud.com,25.05.2026,01.06.2026,1714,RADDU2,8777,5704,Improper reservation price.,Radisson Blu Dubrovnik,2778.33
03.04.2026,44132267,alice.smith889@outlook.com,30.03.2026,04.04.2026,1714, SUNSPL ,8373,1467,Booking Complete Error: Error Message : StopSale.,Sun Gardens Split,2294.30
08.04.2026,43738434,elena.andersen944@proton.me,27.07.2026,01.08.2026, 1301,RIXMA1,6180,1155,Not enough allotment,Rixos Marmaris,3769.43
21.04.2026,13991574,simon.johnson781@gmail.com,02.07.2026,11.07.2026,1426,ADDRAS,4269,1467,Booking Complete Error: Error Message : StopSale.,Address Hotels Ras Al Khaimah,1858.18
27.04.2026,15487533,alice.johnson990@gmail.com,03.08.2026,06.08.2026,1178,bahpal,9786,5704,Improper reservation price.,Bahia Principe Palma de Mallorca,351.02
28.04.2026,15505434,sophie.schmidt760@hotmail.com,29.05.2026,12.06.2026,1426, HILABU ,8541,1155,Not enough allotment,Hilton Abu Dhabi,1212.53
09.04.2026,59652384,james.larsen341@hotmail.com,08.05.2026,15.05.2026,1178,IBETEN,8397,1155,  Not enough allotment  ,Iberostar Tenerife,337.40
05.04.2026,28033466,michael.fischer370@outlook.com,11.07.2026,25.07.2026,1301,CRYSID,5905,1225,  There is already such a booking for this agent.  ,Crystal Hotels Side,2593.47
06.04.2026,15496767,martin.larsen309@hotmail.com,03.05.2026,08.05.2026, 1426,RADFUJ,2776,1755,Booking Create Error: Brak możliwości założenia rezerwacji winterfejsie.,Radisson Blu Fujairah,3632.92
19.04.2026,77953702,peter.schmidt714@hotmail.com,03.06.2026,06.06.2026,1045,STEMAR,3287,1054,Contractor calculation error.,Steigenberger Marsa Alam,2005.50
08.04.2026,71762034,zofia.costa744@icloud.com,16.06.2026,25.06.2026,1178,bahgra,6107,1778,Booking Complete Error: Zablokowano allotment online.,Bahia Principe Gran Canaria,"2982,63"
09.04.2026,80643537,kate.wilson413@proton.me,19.07.2026,22.07.2026,1045,JAZHUR,4456,1054,Contractor calculation error.,Jaz Hurghada,2408.01
03.04.2026,30086155,daniel.bakker329@proton.me,21.04.2026,28.04.2026,1301,DELKEM,5915,1778,BOOKING COMPLETE ERROR: ZABLOKOWANO ALLOTMENT ONLINE.,Delphin Kemer,
26.04.2026,42611649,anna.kowalski394@icloud.com,29.06.2026,06.07.2026,4182,ANAPA1,3037,5704,Improper reservation price.,Anassa Paphos Resort,305.08
10.04.2026,64382674,maria.novak466@proton.me,04.06.2026,09.06.2026,2653,DOMLI1,1841,1755,Booking Create Error: Brak możliwości założenia rezerwacji winterfejsie.,Dom Pedro Lisbon Resort,2734.77
20.04.2026,50979212,david.kowalski668@gmail.com,28.05.2026,06.06.2026,1178,BARIBI,4750,1155,Not enough allotment,Barceló Ibiza,"2035,65"
03.04.2026,25357495,emma.rossi225@gmail.com,03.07.2026,12.07.2026,1178,NHGRAX,7537,1155,Not enough allotment,NH Collection Gran Canaria,3739.31 PLN
20.04.2026,36965153,andrew.keller458@outlook.com,09.05.2026,23.05.2026,1301,LIMALA,9808,1467,Booking Complete Error: Error Message : StopSale.,Limak Alanya,1786.46
28.04.2026,62869451,irene.roth586@outlook.com,15.04.2026,24.04.2026,1301,TITMAR,5669,1054,Contractor calculation error.,Titanic Marmaris,923.06
25.04.2026,64708663,olga.fischer647@hotmail.com,11.06.2026,16.06.2026,1045,DANSHA,2307,5704,Improper reservation price.,Dana Beach Sharm El Sheikh,1675.81
01.04.2026,71765956,michael.costa795@outlook.com,11.06.2026,14.06.2026,1178,IBEIBI,1964,1467,Booking Complete Error: Error Message : StopSale.,Iberostar Ibiza,3432.41
01.04.2026,74052253,emma.dubois245@gmail.com,20.07.2026,23.07.2026,4182,OLYAY1,8708,,Contractor calculation error.,Olympic Lagoon Ayia Napa Resort,-3159.85
28.04.2026,80495248,maria.kravets112@icloud.com,31.07.2026,14.08.2026,1178,nhcos1,2604,1054,Contractor calculation error.,NH Collection Costa Brava,2783.51
18.04.2026,40116895,zofia.roth265@outlook.com,02.08.2026,09.08.2026,1301,TITMAR,5669,1467,Booking Complete Error: Error Message : StopSale.,Titanic Marmaris,4025.10
18.04.2026,29407255,emma.garcia64@proton.me,10.04.2026,17.04.2026,1301,RIXBEL,9900,1054,Contractor calculation error.,Rixos Belek,3303.43
22.04.2026,46501299,julia.fischer478@outlook.com,24.05.2026,02.06.2026,1178, NHIBIX ,7912,1225,There is already such a booking for this agent.,NH Collection Ibiza,1172.76
17.04.2026,68348074,michael.wagner302@gmail.com,22.06.2026,29.06.2026,1426,JUMABU,9785,1054,Contractor calculation error.,Jumeirah Abu Dhabi,3085.28
01.04.2026,40310459,george.kowalski362@hotmail.com,16.07.2026,25.07.2026,1301,VOYBEL,2200,1467,Booking Complete Error: Error Message : StopSale.,Voyage Belek,612.61
09.04.2026,53842673,julia.bakker141@icloud.com,25.04.2026,04.05.2026,1178,BARCOS,8744,1054,Contractor calculation error.,Barceló Costa del Sol,3588.78
30.04.2026,27542720,simon.kozlov259@outlook.com,22.05.2026,27.05.2026,1178,BARFUE,8953,1755,Booking Create Error: Brak możliwości założenia rezerwacji winterfejsie.,Barceló Fuerteventura,3612.65
25.04.2026,87615164,anna.kravets674@outlook.com,10.08.2026,17.08.2026,1178,NHFUEX,2160,1155,Not enough allotment,NH Collection Fuerteventura,3719.21
05.04.2026,48927998,mark.moretti377@proton.me,28.05.2026,06.06.2026,1714,valspl,5050,1155,  Not enough allotment  ,Valamar Split,1393.32
23.04.2026,50020641,james.smith668@proton.me,14.06.2026,17.06.2026,1178,BAHPAL,9786,1755,BOOKING CREATE ERROR: BRAK MOŻLIWOŚCI ZAŁOŻENIA REZERWACJI WINTERFEJSIE.,Bahia Principe Palma de Mallorca,1280.90
25.04.2026,14110486,paul.meyer749@outlook.com,16.06.2026,19.06.2026,1178,RIUCOS,8062,1155,Not enough allotment,RIU Costa Brava,1708.51
25.04.2026,36177262,james.rossi66@yahoo.com,27.06.2026,11.07.2026,1045,SUNTAB,2654,1467,Booking Complete Error: Error Message : StopSale.,Sunrise Taba,2110.31
19.04.2026,81845535,irene.moretti524@icloud.com,08.07.2026,15.07.2026,1178,BARCOS,8744,1467,Booking Complete Error: Error Message : StopSale.,Barceló Costa del Sol,2640.92
30.04.2026,85221769,claire.costa319@icloud.com,19.08.2026,02.09.2026,1178,MELIBI,7596,1755,Booking Create Error: Brak możliwości założenia rezerwacji winterfejsie.,Meliá Ibiza,1224.01
27.04.2026,80146202,paul.meyer749@gmail.com,13.06.2026,27.06.2026,1301,LIMANT,2697,1467,Booking Complete Error: Error Message : StopSale.,Limak Antalya,1405.02
12.04.2026,69863016,olga.kravets473@icloud.com,14.06.2026,23.06.2026,1178,BARPAL,2049,5704,Improper reservation price.,Barceló Palma de Mallorca,3663.88
23.04.2026,86043568,irene.lang169@outlook.com,26.07.2026,02.08.2026,1178,RIUCO1,1828,1755,Booking Create Error: Brak możliwości założenia rezerwacji winterfejsie.,RIU Costa del Sol,"3679,13"
07.04.2026,14877451,kate.rossi960@proton.me,18.05.2026,23.05.2026,2247,THRIMX,5133,1054,  Contractor calculation error.  ,Th Resorts Rimini,"4188,83"
06.04.2026,14022683,mark.costa612@outlook.com,30.05.2026,08.06.2026,1178,BARTEN,2163,1778,BOOKING COMPLETE ERROR: ZABLOKOWANO ALLOTMENT ONLINE.,Barceló Tenerife,2013.59
16.04.2026,58582191,martin.novak9@proton.me,23.05.2026,26.05.2026, 1178,IBEGRA,9479,1054,  Contractor calculation error.  ,Iberostar Gran Canaria,4025.37
30.04.2026,58330429,alice.andersen318@hotmail.com,02.06.2026,16.06.2026,1301,LIMANT,2697,1755,Booking Create Error: Brak możliwości założenia rezerwacji winterfejsie.,Limak Antalya,346.66
04.04.2026,35036832,simon.kozlov961@icloud.com,25.05.2026,08.06.2026,1301,CRYAN1,3143,1732,Booking Payer Error: Brak wymaganego parametru,Crystal Hotels Antalya Resort,2528.53
03.04.2026,31299362,robert.costa522@hotmail.com,03.06.2026,12.06.2026,1714,FALDU1,9540,1778,BOOKING COMPLETE ERROR: ZABLOKOWANO ALLOTMENT ONLINE.,Falkensteiner Dubrovnik Resort,453.72
20.04.2026,91839237,nina.rossi908@proton.me,10.07.2026,19.07.2026,1426,ADDDUB,1387,1155,Not enough allotment,Address Hotels Dubai,455.92
07.04.2026,76803647,olga.moretti911@outlook.com,11.07.2026,18.07.2026,1301,DELMAR,9280,1755,Booking Create Error: Brak możliwości założenia rezerwacji winterfejsie.,Delphin Marmaris,283.18
21.04.2026,45049006,simon.petrov802@icloud.com,25.06.2026,09.07.2026,1045,SUNMA1,9179,1054,Contractor calculation error.,Sunrise Marsa Alam,283.71
18.04.2026,26581824,claire.kravets627@yahoo.com,22.08.2026,27.08.2026,1045,HILMAK,9751,1155,Not enough allotment,Hilton Makadi Bay,610.21
20.04.2026,16606138,peter.muller333@proton.me,21.04.2026,28.04.2026,1426,RADDU1,6143,1054,Contractor calculation error.,Radisson Blu Dubai Resort,1033.89
22.04.2026,78601638,claire.nowak210@outlook.com,09.04.2026,12.04.2026,1301,DELKEM,5915,1755,Booking Create Error: Brak możliwości założenia rezerwacji winterfejsie.,Delphin Kemer,1648.96
08.04.2026,46060619,paul.andersen939@outlook.com,16.07.2026,25.07.2026,1301,VOYAN1,5291,1054,Contractor calculation error.,Voyage Antalya Resort,613.51
13.04.2026,75445168,andrew.johnson928@hotmail.com,01.05.2026,04.05.2026,1045, RIXTAB ,5554,1155,Not enough allotment,Rixos Taba,1584.92
17.04.2026,15233258,irene.kozlov677@outlook.com,09.04.2026,18.04.2026,1045,HILMAR,5386,1778,Booking Complete Error: Zablokowano allotment online.,Hilton Marsa Alam,491.67
21.04.2026,56177572,irene.berg664@outlook.com,02.06.2026,09.06.2026,1301,VOYANT,9565,1467,Booking Complete Error: Error Message : StopSale.,Voyage Antalya,1641.89
08.04.2026,80801688,john.moretti98@icloud.com,28.04.2026,12.05.2026,1178,NHIBIX,7912,5704,Improper reservation price.,NH Collection Ibiza,404.52
04.04.2026,48983895,kate.garcia207@hotmail.com,06.06.2026,11.06.2026,1426,RADSHA,5279,1732,  Booking Payer Error: Brak wymaganego parametru  ,Radisson Blu Sharjah,416.16
06.04.2026,64627111,elena.andersen39@icloud.com,06.07.2026,13.07.2026, 1301,LIMSID,5002,1755,Booking Create Error: Brak możliwości założenia rezerwacji winterfejsie.,Limak Side,"3357,88"
18.04.2026,71008953,mark.berg851@yahoo.com,14.05.2026,21.05.2026,1045,BARMAR,5741,8056,Wrong room configuration,Baron Resort Marsa Alam,3604.62
05.04.2026,24655964,sophie.kowalski387@gmail.com,18.07.2026,01.08.2026,2653,TIVFUN,2958,1755,Booking Create Error: Brak możliwości założenia rezerwacji winterfejsie.,Tivoli Funchal (Madeira),3680.03
23.04.2026,96740906,kate.moretti48@outlook.com,06.06.2026,20.06.2026,2653,VILVI1,6582,1755,Booking Create Error: Brak możliwości założenia rezerwacji winterfejsie.,Vila Vita Parc Vilamoura Resort,1915.91
19.04.2026,82591844,alice.wagner933@yahoo.com,18.08.2026,21.08.2026,1426,JUMSH1,1727,1155,Not enough allotment,Jumeirah Sharjah Resort,3564.43
21.04.2026,38941630,david.weber610@outlook.com,01.07.2026,10.07.2026,1045,CORMA1,2040,1155,  Not enough allotment  ,Coral Sea Marsa Alam Resort,1252.23
18.04.2026,49536330,john.schmidt796@gmail.com,24.06.2026,01.07.2026,1045,DANELX,4814,1155,Not enough allotment,Dana Beach El Gouna,2094.47
19.04.2026,28726341,peter.bakker429@icloud.com,09.06.2026,14.06.2026,1714,AMARO1,8939,1054,Contractor calculation error.,Amadria Park Rovinj Resort,1225.27
19.04.2026,73319051,chris.kozlov566@icloud.com,17.04.2026,20.04.2026,2653,PESPO1,2680,5704,Improper reservation price.,Pestana Porto Resort,4184.89
08.04.2026,46822400,david.nowak187@yahoo.com,19.07.2026,22.07.2026,1045,BARMAK,4150,5704,Improper reservation price.,Baron Resort Makadi Bay,2841.06
30.04.2026,34207580,andrew.rossi899@gmail.com,26.07.2026,29.07.2026,1426,JUMAB1,7592,1225,  There is already such a booking for this agent.  ,Jumeirah Abu Dhabi Resort,"1770,07"
04.04.2026,90108882,george.dubois297@hotmail.com,24.06.2026,01.07.2026,2247,BLUSIC,4978,1732,Booking Payer Error: Brak wymaganego parametru,Bluserena Sicily,2378.14
06.04.2026,42257238,john.dubois9@outlook.com,07.06.2026,10.06.2026,2653,VIDPOR,8753,1732,Booking Payer Error: Brak wymaganego parametru,Vidamar Resorts Porto,1313.21
30.04.2026,29037185,zofia.bakker812@gmail.com,23.03.2026,30.03.2026,1426,JUMRAS,7548,1225,There is already such a booking for this agent.,Jumeirah Ras Al Khaimah,1287.77
17.04.2026,28994170,claire.costa975@proton.me,06.08.2026,11.08.2026,1426,MARABU,2889,1155,NOT ENOUGH ALLOTMENT,Marriott Abu Dhabi,"1396,28"
18.04.2026,22848155,kate.dubois689@proton.me,11.05.2026,14.05.2026,2653,PESCA1,5658,1054,  Contractor calculation error.  ,Pestana Cascais Resort,1793.45
16.04.2026,48481962,simon.larsen199@proton.me,09.04.2026,23.04.2026,1301,DELANT,9288,1732,Booking Payer Error: Brak wymaganego parametru,Delphin Antalya,1733.53
01.04.2026,39665917,andrew.bianchi344@gmail.com,06.04.2026,20.04.2026, 4182,OLYLI1,1339,1155,  Not enough allotment  ,Olympic Lagoon Limassol Resort,576.68 PLN
16.04.2026,40149786,zofia.costa983@hotmail.com,10.08.2026,17.08.2026, 1426,AJMAB1,5920,5704,Improper reservation price.,Ajman Saray Abu Dhabi Resort,2315.22
28.04.2026,17118468,emma.wagner629@hotmail.com,28.05.2026,06.06.2026,1045,CORSHA,9830,1778,  Booking Complete Error: Zablokowano allotment online.  ,Coral Sea Sharm El Sheikh,1856.59
11.04.2026,45025422,kate.berg902@proton.me,20.04.2026,04.05.2026,2247,BLUSAR,7043,1155,Not enough allotment,,1798.23
15.04.2026,10104135,olga.bakker395@hotmail.com,29.04.2026,02.05.2026,1426,AJMABU,2137,1467,Booking Complete Error: Error Message : StopSale.,,2059.90
09.04.2026,72273706,irene.bianchi957@hotmail.com,29.06.2026,02.07.2026,1714,BLUROV,7991,1467,Booking Complete Error: Error Message : StopSale.,Bluesun Rovinj,2830.64
06.04.2026,86149672,peter.bakker943@gmail.com,02.07.2026,07.07.2026,1045,HILSHA,1916,1054,Contractor calculation error.,Hilton Sharm El Sheikh,3002.43
24.04.2026,30704750,nina.kravets527@outlook.com,24.05.2026,29.05.2026,1045,PICTAB,7543,1155,Not enough allotment,,1219.60
11.04.2026,49650049,elena.fischer431@outlook.com,02.06.2026,16.06.2026,1426,raddu1,6143,1225,There is already such a booking for this agent.,Radisson Blu Dubai Resort,380.10
04.04.2026,32001865,john.dubois87@outlook.com,03.07.2026,10.07.2026,1426,ajmsh1,3851,1225,There is already such a booking for this agent.,Ajman Saray Sharjah Resort,378.06 PLN
16.04.2026,64447809,chris.weber344@yahoo.com,03.08.2026,12.08.2026,1426,marabu,2889,1732,Booking Payer Error: Brak wymaganego parametru,Marriott Abu Dhabi,360.56
28.04.2026,28208868,martin.wagner686@proton.me,26.06.2026,05.07.2026,4182,ANAPA1,3037,1155,Not enough allotment,Anassa Paphos Resort,"1746,69"
11.04.2026,20664632,thomas.bakker483@hotmail.com,16.04.2026,21.04.2026,1301,TITALA,4335,1467,Booking Complete Error: Error Message : StopSale.,Titanic Alanya,"2120,91"
27.04.2026,39815643,david.smith86@hotmail.com,10.06.2026,24.06.2026,1045,SUNELX,3340,1467,Booking Complete Error: Error Message : StopSale.,Sunwing El Gouna,3336.07
08.04.2026,73389452,james.moretti402@yahoo.com,18.03.2026,27.03.2026,2653,PESPOR,9698,1054,Contractor calculation error.,Pestana Porto,842.10
25.04.2026,31405901,andrew.muller271@proton.me,18.05.2026,01.06.2026,4182,CONLA1,5460,1467,Booking Complete Error: Error Message : StopSale.,Constantinou Bros Larnaca Resort,"1281,23"
22.04.2026,96063924,irene.bianchi866@icloud.com,29.05.2026,12.06.2026,1301,rixbel,9900,1755,Booking Create Error: Brak możliwości założenia rezerwacji winterfejsie.,Rixos Belek,3461.17
18.04.2026,18923381,laura.kozlov927@proton.me,07.05.2026,12.05.2026,1178,RIUGRA,4139,1054,Contractor calculation error.,RIU Gran Canaria,2492.07
19.04.2026,22462163,nina.novak292@outlook.com,08.05.2026,17.05.2026,1301,DELALA,6183,1467,Booking Complete Error: Error Message : StopSale.,Delphin Alanya,1591.37
10.04.2026,96548887,thomas.smith949@icloud.com,26.06.2026,03.07.2026,1178,RIUBEN,8177,1755,Booking Create Error: Brak możliwości założenia rezerwacji winterfejsie.,RIU Benidorm,927.01
22.04.2026,92362000,anna.wilson211@yahoo.com,27.04.2026,11.05.2026,1045,CORMA1,2040,1467,Booking Complete Error: Error Message : StopSale.,Coral Sea Marsa Alam Resort,3778.24
10.04.2026,43649142,martin.rossi11@yahoo.com,03.05.2026,17.05.2026,2653,PESCAS,7971,5704,Improper reservation price.,Pestana Cascais,3939.64
13.04.2026,68797845,anna.wagner947@yahoo.com,10.05.2026,15.05.2026,1178,BAHPAL,9786,1155,Not enough allotment,Bahia Principe Palma de Mallorca,"2133,27"
20.04.2026,84292758,maria.smith587@hotmail.com,11.07.2026,14.07.2026,1045,STEMAR,3287,1155,  Not enough allotment  ,Steigenberger Marsa Alam,3705.33
04.04.2026,20624566,elena.wagner410@proton.me,29.05.2026,12.06.2026,1178, MELIBI ,7596,1054,Contractor calculation error.,Meliá Ibiza,3014.65
05.04.2026,64637585,zofia.kravets44@proton.me,04.06.2026,09.06.2026,1301,MAXALA,8491,1054,Contractor calculation error.,Maxx Royal Alanya,2623.30
02.04.2026,91937985,thomas.schmidt274@gmail.com,08.07.2026,17.07.2026,1045,PICHUR,2084,1467,  Booking Complete Error: Error Message : StopSale.  ,Pickalbatros Hurghada,3876.27
17.04.2026,37126137,alice.bakker13@gmail.com,10.05.2026,24.05.2026,1426,JUMDU1,9821,1054,Contractor calculation error.,Jumeirah Dubai Resort,1367.98
26.04.2026,52970787,anna.kowalski925@yahoo.com,27.05.2026,05.06.2026,1301,BARBOD,1152,1467,Booking Complete Error: Error Message : StopSale.,Barut Hotels Bodrum,3715.44
06.04.2026,42542169,robert.schmidt593@icloud.com,18.06.2026,02.07.2026,1301,DELBOD,2891,5704,Improper reservation price.,,3543.44
18.04.2026,81862114,marta.novak476@gmail.com,11.05.2026,16.05.2026,2653,DOMCA1,3939,1755,Booking Create Error: Brak możliwości założenia rezerwacji winterfejsie.,Dom Pedro Cascais Resort,2398.47 PLN
05.04.2026,66925500,elena.fischer355@yahoo.com,29.08.2026,12.09.2026,4182,LOULIM,3330,5704,Improper reservation price.,Louis Hotels Limassol,2351.14
10.04.2026,98120500,zofia.keller263@proton.me,06.08.2026,13.08.2026,1714,FALPOR,9099,1155,Not enough allotment,Falkensteiner Porec,1312.13
25.04.2026,31644510,laura.kozlov62@hotmail.com,01.07.2026,08.07.2026,1426,AJMSH1,3851,1755,Booking Create Error: Brak możliwości założenia rezerwacji winterfejsie.,Ajman Saray Sharjah Resort,505.38
16.04.2026,73358574,nina.rossi259@icloud.com,11.05.2026,18.05.2026,1045,SUNEL1,8019,1155,Not enough allotment,Sunrise El Gouna,1356.63
27.04.2026,22232184,laura.andersen379@yahoo.com,04.07.2026,11.07.2026,1178,BARFUE,8953,1755,Booking Create Error: Brak możliwości założenia rezerwacji winterfejsie.,Barceló Fuerteventura,2785.37
21.04.2026,84492729,andrew.petrov423@proton.me,18.04.2026,23.04.2026,1301,VOYBOD,2512,1155,  Not enough allotment  ,Voyage Bodrum,1133.32
25.04.2026,67016371,john.smith794@icloud.com,15.04.2026,18.04.2026,1178,MELGRA,4681,1755,  Booking Create Error: Brak możliwości założenia rezerwacji winterfejsie.  ,,
12.04.2026,65599802,claire.smith992@gmail.com,11.07.2026,18.07.2026,1301,VOYBEL,2200,1755,Booking Create Error: Brak możliwości założenia rezerwacji winterfejsie.,Voyage Belek,1947.06
05.04.2026,38917021,julia.kowalski811@yahoo.com,07.07.2026,14.07.2026, 1045,SUNELX,3340,1732,Booking Payer Error: Brak wymaganego parametru,Sunwing El Gouna,3977.83 PLN
29.04.2026,32891228,peter.fischer333@icloud.com,26.04.2026,10.05.2026,1178,OCCFUE,5073,1054,Contractor calculation error.,Occidental Fuerteventura,418.66
10.04.2026,40767884,claire.moretti47@outlook.com,02.07.2026,11.07.2026,1426,ROTRAS,8149,5704,Improper reservation price.,Rotana Ras Al Khaimah,2505.10
21.04.2026,29765067,laura.meyer137@outlook.com,14.07.2026,28.07.2026,1301,TITSID,5616,1155,Not enough allotment,Titanic Side,3047.27
13.04.2026,11811523,claire.muller556@proton.me,10.06.2026,24.06.2026,1714,valpor,1822,1054,Contractor calculation error.,Valamar Porec,3379.98 PLN
03.04.2026,87602817,claire.kozlov74@outlook.com,22.03.2026,31.03.2026,1301,RIXKEM,1722,1225,There is already such a booking for this agent.,Rixos Kemer,2843.36
10.04.2026,85127896,anna.garcia64@hotmail.com,23.06.2026,26.06.2026,4182,ANAPRO,8381,1054,Contractor calculation error.,Anassa Protaras,2835.79
17.04.2026,46155999,marta.wagner855@outlook.com,10.08.2026,19.08.2026,4182,CONPA1,1977,1225,There is already such a booking for this agent.,Constantinou Bros Paphos Resort,1153.46
23.04.2026,87842257,alice.andersen542@outlook.com,02.06.2026,07.06.2026,1178,nhcos1,2604,8056,Wrong room configuration,NH Collection Costa Brava,291.15
03.04.2026,71853813,alice.kravets464@outlook.com,17.04.2026,20.04.2026,2653,PESVI1,5786,1755,Booking Create Error: Brak możliwości założenia rezerwacji winterfejsie.,Pestana Vilamoura Resort,"988,77"
20.04.2026,19339029,martin.rossi445@gmail.com,04.06.2026,18.06.2026,1045,BARSHA,7227,1467,Booking Complete Error: Error Message : StopSale.,Baron Resort Sharm El Sheikh,584.87
09.04.2026,64703681,irene.wilson188@gmail.com,13.08.2026,22.08.2026,1045,HILHUR,5422,1155,Not enough allotment,Hilton Hurghada,
03.04.2026,44057736,olga.moretti289@gmail.com,03.08.2026,12.08.2026,1178,OCCCOS,4770,1054,Contractor calculation error.,Occidental Costa del Sol,3718.80
02.04.2026,45426238,thomas.rossi348@icloud.com,12.06.2026,19.06.2026,1714,BLUMA1,5499,1155,Not enough allotment,Bluesun Makarska Resort,4034.48
17.04.2026,32586394,irene.roth653@outlook.com,12.06.2026,26.06.2026,1178,BAHCOS,4981,1755,Booking Create Error: Brak możliwości założenia rezerwacji winterfejsie.,Bahia Principe Costa Brava,1681.53
28.04.2026,39468480,nina.schmidt974@gmail.com,18.03.2026,27.03.2026,1426,HILFUJ,1634,1225,There is already such a booking for this agent.,Hilton Fujairah,3905.10
03.04.2026,56401649,simon.weber173@outlook.com,15.05.2026,24.05.2026,1714,BLUDUB,3607,1732,Booking Payer Error: Brak wymaganego parametru,Bluesun Dubrovnik,"3000,92"
18.04.2026,42762641,zofia.weber832@gmail.com,14.06.2026,28.06.2026,1301, VOYBEL ,2200,1155,Not enough allotment,Voyage Belek,3879.16
04.04.2026,98770579,claire.johnson466@proton.me,20.05.2026,27.05.2026,1301,LIMKE1,8007,1755,Booking Create Error: Brak możliwości założenia rezerwacji winterfejsie.,Limak Kemer Resort,4108.03
22.04.2026,99477179,zofia.garcia931@icloud.com,30.07.2026,06.08.2026,1045,SUNMA2,2796,1732,Booking Payer Error: Brak wymaganego parametru,Sunwing Makadi Bay,3869.37
17.04.2026,13579612,laura.nowak396@gmail.com,28.05.2026,04.06.2026,1301,LIMKE1,8007,5704,Improper reservation price.,Limak Kemer Resort,1888.84
21.04.2026,58037222,marta.costa513@outlook.com,12.05.2026,21.05.2026,1178,NHCOS1,2604,1778,Booking Complete Error: Zablokowano allotment online.,NH Collection Costa Brava,518.41
17.04.2026,41213772,nina.schmidt313@proton.me,12.06.2026,26.06.2026,1045,SUNTAB,2654,5704,Improper reservation price.,Sunrise Taba,2238.68
30.04.2026,48013916,john.wilson140@proton.me,10.06.2026,19.06.2026,1045,CORMAK,7216,5704,IMPROPER RESERVATION PRICE.,Coral Sea Makadi Bay,1731.83 PLN
25.04.2026,45120118,olga.berg19@gmail.com,07.07.2026,21.07.2026,1045,DANTAB,5339,1054,Contractor calculation error.,Dana Beach Taba,2392.63
26.04.2026,61139932,nina.andersen158@outlook.com,25.04.2026,28.04.2026,1045,DANSHA,2307,5704,Improper reservation price.,Dana Beach Sharm El Sheikh,1246.91 PLN
06.04.2026,75632882,marta.lang739@outlook.com,17.05.2026,22.05.2026,1178,NHPALX,9856,1225,THERE IS ALREADY SUCH A BOOKING FOR THIS AGENT.,NH Collection Palma de Mallorca,1502.31
15.04.2026,91795187,james.lang334@hotmail.com,20.06.2026,04.07.2026,1714,RADMAK,2988,1755,Booking Create Error: Brak możliwości założenia rezerwacji winterfejsie.,Radisson Blu Makarska,2667.23
10.04.2026,22419350,kate.dubois728@outlook.com,09.08.2026,14.08.2026,1045,JAZELX,4733,1225,There is already such a booking for this agent.,Jaz El Gouna,1432.51
09.04.2026,31759927,george.johnson430@outlook.com,26.06.2026,01.07.2026,1045,RIXTAB,5554,1467,Booking Complete Error: Error Message : StopSale.,Rixos Taba,"3681,83"
16.04.2026,38933153,kate.kozlov919@proton.me,30.03.2026,06.04.2026, 1426,MARSHA,1626,1225,There is already such a booking for this agent.,Marriott Sharjah,1500.29
03.04.2026,85665738,martin.wagner849@hotmail.com,10.07.2026,19.07.2026,1045,rixelx,5010,5704,Improper reservation price.,Rixos El Gouna,2513.26
12.04.2026,54304598,daniel.schmidt826@outlook.com,13.08.2026,22.08.2026,1714,FALZAD,3881,1755,Booking Create Error: Brak możliwości założenia rezerwacji winterfejsie.,Falkensteiner Zadar,2038.96
20.04.2026,48226119,mark.schmidt112@gmail.com,01.07.2026,10.07.2026,1301,DELKEM,5915,1054,Contractor calculation error.,Delphin Kemer,2368.23
30.04.2026,87266743,marta.johnson99@outlook.com,27.05.2026,03.06.2026,1714,AMAMA1,9849,1225,There is already such a booking for this agent.,Amadria Park Makarska Resort,652.69
15.04.2026,39745767,thomas.bakker615@outlook.com,10.04.2026,15.04.2026,1045,HILSHA,1916,5704,Improper reservation price.,Hilton Sharm El Sheikh,2845.78
15.04.2026,42257238,andrew.garcia323@icloud.com,07.06.2026,10.06.2026,2653,VIDPOR,8753,1732,Booking Payer Error: Brak wymaganego parametru,Vidamar Resorts Porto,1313.21
20.04.2026,23719833,andrew.muller574@proton.me,15.08.2026,22.08.2026,1178,MELPAL,4119,1155,Not enough allotment,Meliá Palma de Mallorca,1133.04
05.04.2026,76588957,julia.petrov220@yahoo.com,10.07.2026,19.07.2026,1301,DELKEM,5915,5704,Improper reservation price.,Delphin Kemer,366.46
30.04.2026,62919451,olga.fischer481@proton.me,12.07.2026,17.07.2026,1301,TITANT,8508,1467,Booking Complete Error: Error Message : StopSale.,Titanic Antalya,320.48
25.04.2026,80174055,martin.bakker275@yahoo.com,03.06.2026,06.06.2026,1426,ROTABU,3925,1467,Booking Complete Error: Error Message : StopSale.,Rotana Abu Dhabi,2822.64
11.04.2026,66973584,kate.nowak566@outlook.com,08.07.2026,22.07.2026,1714,valdub,3417,1467,Booking Complete Error: Error Message : StopSale.,Valamar Dubrovnik,
29.04.2026,91839237,robert.andersen977@yahoo.com,10.07.2026,19.07.2026,1426,ADDDUB,1387,1225,There is already such a booking for this agent.,Address Hotels Dubai,455.92
27.04.2026,62795451,james.roth344@hotmail.com,18.06.2026,21.06.2026,1426,JUMABU,9785,1732,Booking Payer Error: Brak wymaganego parametru,,2931.05
13.04.2026,47424925,michael.petrov308@outlook.com,13.05.2026,22.05.2026,1045,PICMAR,2169,1467,Booking Complete Error: Error Message : StopSale.,Pickalbatros Marsa Alam,985.72
13.04.2026,62395415,alice.bianchi216@yahoo.com,26.08.2026,04.09.2026, 1178,NHFUEX,2160,1467,Booking Complete Error: Error Message : StopSale.,NH Collection Fuerteventura,3971.82
04.04.2026,29108179,julia.smith62@icloud.com,27.07.2026,01.08.2026,1301,RIXANT,1058,1778,Booking Complete Error: Zablokowano allotment online.,Rixos Antalya,1724.56
03.04.2026,45487678,olga.wagner355@proton.me,17.05.2026,22.05.2026, 1045,JAZHUR,4456,5704,Improper reservation price.,Jaz Hurghada,2457.12
18.04.2026,28429726,peter.andersen204@yahoo.com,15.05.2026,18.05.2026,4182,atlpro,5771,1778,Booking Complete Error: Zablokowano allotment online.,Atlantica Protaras,3716.67
04.04.2026,22475714,anna.andersen410@icloud.com,17.07.2026,24.07.2026,1178,hcosx1,5092,1054,Contractor calculation error.,H10 Hotels Costa Brava,1721.86
02.04.2026,65597155,maria.petrov421@gmail.com,22.06.2026,27.06.2026,1426, ROTAB1 ,7211,1732,Booking Payer Error: Brak wymaganego parametru,Rotana Abu Dhabi Resort,-3866.18
16.04.2026,94438474,maria.lang144@gmail.com,28.05.2026,31.05.2026,2247,NHROMX,1508,1467,Booking Complete Error: Error Message : StopSale.,NH Collection Rome,"4041,34"
16.04.2026,91117376,chris.wilson323@yahoo.com,04.07.2026,11.07.2026,1714,AMASP1,9890,1467,Booking Complete Error: Error Message : StopSale.,Amadria Park Split Resort,1946.34
29.04.2026,39067726,laura.andersen981@proton.me,21.03.2026,30.03.2026,1178,IBETEN,8397,1054,Contractor calculation error.,,"4151,17"
16.04.2026,51882705,sophie.fischer40@hotmail.com,03.08.2026,06.08.2026,1045,jaztab,2489,1155,Not enough allotment,Jaz Taba,288.34
21.04.2026,42580280,michael.wilson782@yahoo.com,15.07.2026,24.07.2026,1045,BARHUR,1525,1467,Booking Complete Error: Error Message : StopSale.,Baron Resort Hurghada,3264.07
14.04.2026,48779601,julia.bianchi778@icloud.com,27.07.2026,10.08.2026,1045,SUNHUR,7065,5704,Improper reservation price.,Sunrise Hurghada,601.40
02.04.2026,27506836,martin.rossi65@yahoo.com,09.08.2026,14.08.2026,1301,MAXKEM,5351,1755,Booking Create Error: Brak możliwości założenia rezerwacji winterfejsie.,Maxx Royal Kemer,292.98
08.04.2026,85008117,emma.lang617@icloud.com,20.04.2026,04.05.2026, 1301,MAXSID,3170,1155,Not enough allotment,Maxx Royal Side,"3554,90"
29.04.2026,42120359,emma.fischer248@yahoo.com,21.05.2026,28.05.2026, 1045,RIXSHA,3621,1155,Not enough allotment,Rixos Sharm El Sheikh,942.08
04.04.2026,95975263,mark.keller405@proton.me,26.04.2026,29.04.2026,1301,BARSID,1832,1155,Not enough allotment,Barut Hotels Side,"3890,11"
18.04.2026,93008294,andrew.moretti180@icloud.com,29.06.2026,08.07.2026,1178,RIUFUE,7669,8056,Wrong room configuration,RIU Fuerteventura,"3805,02"
01.04.2026,66736822,anna.wilson936@proton.me,22.06.2026,25.06.2026,1178,MELGRA,4681,1054,Contractor calculation error.,Meliá Gran Canaria,2207.26
15.04.2026,38264338,chris.petrov684@hotmail.com,10.07.2026,17.07.2026,1301,BARKEM,9666,5704,Improper reservation price.,Barut Hotels Kemer,2988.61
05.04.2026,94045854,nina.keller424@icloud.com,23.07.2026,06.08.2026,1426,AJMRAS,5573,1054,Contractor calculation error.,Ajman Saray Ras Al Khaimah,1473.47
09.04.2026,55434240,john.dubois148@icloud.com,25.04.2026,02.05.2026,4182,CONAYI,2229,5704,Improper reservation price.,Constantinou Bros Ayia Napa,1644.85
21.04.2026,42580280,michael.wilson782@yahoo.com,15.07.2026,24.07.2026,1045,BARHUR,1525,1467,Booking Complete Error: Error Message : StopSale.,Baron Resort Hurghada,3264.07
01.04.2026,85341065,paul.costa941@hotmail.com,28.07.2026,06.08.2026,1045,PICTAB,7543,1732,Booking Payer Error: Brak wymaganego parametru,Pickalbatros Taba,3503.57 PLN
28.04.2026,79350676,chris.keller687@hotmail.com,27.05.2026,10.06.2026,1045,PICMAR,2169,1778,Booking Complete Error: Zablokowano allotment online.,Pickalbatros Marsa Alam,1425.29
03.04.2026,29121601,elena.costa133@yahoo.com,25.04.2026,02.05.2026,1714,AMAZA1,2269,1225,There is already such a booking for this agent.,Amadria Park Zadar Resort,"776,34"
21.04.2026,99796439,peter.roth142@proton.me,17.03.2026,26.03.2026,1178,OCCGRA,1887,5704,Improper reservation price.,Occidental Gran Canaria,"1454,10"
23.04.2026,88294709,james.garcia691@yahoo.com,29.08.2026,01.09.2026,1045,BARMA1,7304,1467,Booking Complete Error: Error Message : StopSale.,Baron Resort Makadi Bay Resort,1322.81 PLN
23.04.2026,72546007,olga.larsen594@proton.me,23.06.2026,02.07.2026,1178,IBEIBI,1964,5704,Improper reservation price.,Iberostar Ibiza,639.50
13.04.2026,34793325,olga.muller648@yahoo.com,17.07.2026,24.07.2026,2247,bagsic,9728,5704,Improper reservation price.,Baglioni Hotels Sicily,1202.64
02.04.2026,81794497,daniel.smith932@icloud.com,17.07.2026,20.07.2026,1178,NHCOSX,8651,5704,Improper reservation price.,NH Collection Costa del Sol,3674.46
09.04.2026,75257692,michael.keller534@yahoo.com,08.06.2026,22.06.2026, 1301,BARANT,5272,1467,Booking Complete Error: Error Message : StopSale.,Barut Hotels Antalya,1355.15
01.04.2026,99377087,sophie.lang141@outlook.com,19.03.2026,02.04.2026,1178,RIUFUE,7669,1054,Contractor calculation error.,RIU Fuerteventura,"1300,26"
09.04.2026,97096340,julia.bianchi539@proton.me,11.05.2026,25.05.2026,1045,STEMAK,5304,1054,Contractor calculation error.,Steigenberger Makadi Bay,1869.27
04.04.2026,32757919,nina.andersen255@proton.me,20.07.2026,03.08.2026,1178,NHBENX,2588,1054,Contractor calculation error.,NH Collection Benidorm,3977.37
24.04.2026,64500533,daniel.muller667@gmail.com,13.07.2026,16.07.2026, 1045,BARHUR,1525,1467,Booking Complete Error: Error Message : StopSale.,Baron Resort Hurghada,4013.04
18.04.2026,20661020,mark.johnson967@icloud.com,21.05.2026,30.05.2026,1178,NHBENX,2588,1155,Not enough allotment,NH Collection Benidorm,1277.84
30.04.2026,29695117,chris.moretti695@gmail.com,07.06.2026,12.06.2026, 1426,ADDFUJ,8711,1155,Not enough allotment,Address Hotels Fujairah,321.45
13.04.2026,77215278,anna.bianchi238@gmail.com,17.06.2026,20.06.2026,1178,RIUGRA,4139,1778,Booking Complete Error: Zablokowano allotment online.,RIU Gran Canaria,3194.55
01.04.2026,78673518,simon.moretti59@gmail.com,04.04.2026,07.04.2026,2653,DOMVI1,3073,5704,Improper reservation price.,Dom Pedro Vilamoura Resort,1932.72
28.04.2026,45314481,maria.schmidt768@proton.me,01.07.2026,08.07.2026,1045,SUNELX,3340,1467,Booking Complete Error: Error Message : StopSale.,Sunwing El Gouna,"2023,28"
03.04.2026,32708438,thomas.novak423@outlook.com,01.05.2026,10.05.2026, 1178,IBETEN,8397,1155,Not enough allotment,Iberostar Tenerife,"482,71"
18.04.2026,81803531,irene.garcia69@hotmail.com,16.05.2026,25.05.2026,1426,RADDU1,6143,1778,Booking Complete Error: Zablokowano allotment online.,Radisson Blu Dubai Resort,-3274.07
03.04.2026,56091075,alice.roth14@gmail.com,11.07.2026,18.07.2026,1045,SUNEL1,8019,1155,Not enough allotment,Sunrise El Gouna,"1214,46"
19.04.2026,62917798,kate.novak193@hotmail.com,28.05.2026,11.06.2026,1178,NHGRAX,7537,1054,Contractor calculation error.,NH Collection Gran Canaria,"2719,60"
16.04.2026,56845230,marta.bakker158@hotmail.com,21.06.2026,05.07.2026,1045,HILTAB,5040,1467,Booking Complete Error: Error Message : StopSale.,Hilton Taba,1864.63
04.04.2026,77189199,michael.novak241@outlook.com,21.05.2026,28.05.2026,1301,BARAN1,8239,1054,Contractor calculation error.,Barut Hotels Antalya Resort,2484.22
20.04.2026,51495842,laura.larsen281@icloud.com,06.04.2026,15.04.2026,1045,STETAB,4432,1755,Booking Create Error: Brak możliwości założenia rezerwacji winterfejsie.,Steigenberger Taba,"1298,60"
10.04.2026,86242194,peter.rossi290@gmail.com,29.07.2026,12.08.2026,1301,BARBOD,1152,1155,Not enough allotment,Barut Hotels Bodrum,430.83
07.04.2026,31100279,olga.kowalski138@gmail.com,14.06.2026,28.06.2026,1178,HFUEXX,1514,1155,  Not enough allotment  ,H10 Hotels Fuerteventura,3945.22
30.04.2026,93228956,chris.costa810@hotmail.com,15.03.2026,20.03.2026,1426,ADDFUJ,8711,5704,  Improper reservation price.  ,Address Hotels Fujairah,3809.82
28.04.2026,42323627,elena.fischer654@outlook.com,08.07.2026,22.07.2026,1045,BARMAR,5741,5704,Improper reservation price.,Baron Resort Marsa Alam,2215.79
25.04.2026,43889297,elena.garcia760@yahoo.com,08.06.2026,13.06.2026,4182,LOUPA1,8679,1054,Contractor calculation error.,Louis Hotels Paphos Resort,"2189,86"
06.04.2026,80853774,anna.muller555@yahoo.com,19.05.2026,22.05.2026,1045,SUNMAR,6313,1225,  There is already such a booking for this agent.  ,Sunwing Marsa Alam,1503.66
26.04.2026,16727400,john.weber679@icloud.com,26.07.2026,09.08.2026,1301,VOYBEL,2200,1054,  Contractor calculation error.  ,Voyage Belek,854.31
05.04.2026,24155900,julia.wilson925@icloud.com,24.08.2026,27.08.2026,1045,CORMA1,2040,5704,Improper reservation price.,Coral Sea Marsa Alam Resort,1967.83
11.04.2026,18214653,kate.roth45@icloud.com,12.07.2026,17.07.2026,1045,CORMAR,6925,5704,Improper reservation price.,Coral Sea Marsa Alam,2980.52
11.04.2026,77748258,alice.fischer153@proton.me,05.06.2026,10.06.2026,1714,BLUDUB,3607,1755,Booking Create Error: Brak możliwości założenia rezerwacji winterfejsie.,Bluesun Dubrovnik,"2764,02"
30.04.2026,74468586,julia.weber299@gmail.com,03.07.2026,17.07.2026,1045,BARMAR,5741,1054,Contractor calculation error.,Baron Resort Marsa Alam,"1038,72"
26.04.2026,21693253,anna.meyer711@icloud.com,18.07.2026,27.07.2026,1045,DANTAB,5339,1467,Booking Complete Error: Error Message : StopSale.,Dana Beach Taba,"569,87"
29.04.2026,56401649,irene.roth546@gmail.com,15.05.2026,24.05.2026,1714,BLUDUB,3607,1155,Not enough allotment,Bluesun Dubrovnik,3000.92
25.04.2026,61896522,andrew.andersen986@gmail.com,06.06.2026,15.06.2026,1301,TITBEL,3200,5704,Improper reservation price.,Titanic Belek,3928.21
21.04.2026,83252007,alice.bakker302@icloud.com,14.06.2026,17.06.2026,1301,TITBOD,5345,1155,Not enough allotment,Titanic Bodrum,2097.96
20.04.2026,81053861,irene.dubois781@outlook.com,05.06.2026,12.06.2026,1426,jumsh1,1727,1732,Booking Payer Error: Brak wymaganego parametru,Jumeirah Sharjah Resort,1084.88
08.04.2026,31983567,emma.kowalski148@yahoo.com,21.06.2026,28.06.2026,2653,PESVI1,5786,1155,Not enough allotment,Pestana Vilamoura Resort,3432.41
04.04.2026,95653922,olga.costa61@proton.me,17.03.2026,20.03.2026,1426,RADFUJ,2776,1732,Booking Payer Error: Brak wymaganego parametru,Radisson Blu Fujairah,4122.84
10.04.2026,63293990,james.fischer944@gmail.com,12.07.2026,15.07.2026,1178,NHBENX,2588,1155,Not enough allotment,NH Collection Benidorm,
11.04.2026,66631756,claire.roth130@gmail.com,08.06.2026,15.06.2026,2653,VILLIS,6169,1054,Contractor calculation error.,Vila Vita Parc Lisbon,2456.57
21.04.2026,94346370,kate.wilson7@outlook.com,22.05.2026,27.05.2026,1045,DANTAB,5339,1054,Contractor calculation error.,Dana Beach Taba,1680.01
25.04.2026,94769226,simon.kowalski125@hotmail.com,12.06.2026,17.06.2026,2247,UNAROM,2876,1155,Not enough allotment,UNA Hotels Rome,2847.71
29.04.2026,85485324,thomas.weber242@outlook.com,07.04.2026,12.04.2026,1301,voysid,7054,1467,Booking Complete Error: Error Message : StopSale.,Voyage Side,3389.05
21.04.2026,11305758,peter.larsen210@gmail.com,20.04.2026,25.04.2026,1426,HILAB1,1027,1225,There is already such a booking for this agent.,Hilton Abu Dhabi Resort,3474.36
09.04.2026,77396777,marta.lang42@yahoo.com,23.07.2026,28.07.2026,1178,HPALXX,4116,1155,Not enough allotment,H10 Hotels Palma de Mallorca,656.70
27.04.2026,77216215,robert.smith558@gmail.com,25.03.2026,28.03.2026,1426,MARAB1,4143,1755,Booking Create Error: Brak możliwości założenia rezerwacji winterfejsie.,Marriott Abu Dhabi Resort,854.61
04.04.2026,11395331,george.costa811@icloud.com,04.04.2026,07.04.2026,2653,VIDVIL,5820,1467,Booking Complete Error: Error Message : StopSale.,Vidamar Resorts Vilamoura,"798,00"
08.04.2026,73380252,irene.bakker391@hotmail.com,04.08.2026,07.08.2026,2653,TIVLI1,5853,1155,Not enough allotment,Tivoli Lisbon Resort,3763.23
20.04.2026,74114251,alice.kozlov954@outlook.com,27.06.2026,30.06.2026,1045,CORTAB,7572,1155,Not enough allotment,Coral Sea Taba,2277.87
29.04.2026,95548674,olga.kravets598@yahoo.com,16.05.2026,23.05.2026,1045,JAZELX,4733,1467,Booking Complete Error: Error Message : StopSale.,Jaz El Gouna,851.15
17.04.2026,41219836,emma.kowalski62@yahoo.com,21.07.2026,24.07.2026,1426,MARFUJ,5564,1155,Not enough allotment,Marriott Fujairah,333.79
27.04.2026,40019617,andrew.johnson977@outlook.com,06.05.2026,13.05.2026,1301,TITBEL,3200,5704,  Improper reservation price.  ,Titanic Belek,3020.04
21.04.2026,74641617,alice.wagner521@proton.me,30.06.2026,03.07.2026,1178,IBEGRA,9479,5704,Improper reservation price.,Iberostar Gran Canaria,1720.89 PLN
28.04.2026,86434234,john.moretti855@gmail.com,20.05.2026,23.05.2026,1714,FALZA1,3471,5704,  Improper reservation price.  ,,910.38
27.04.2026,83212334,thomas.bakker303@outlook.com,14.07.2026,19.07.2026,1714, AMAZAD ,7291,1778,Booking Complete Error: Zablokowano allotment online.,Amadria Park Zadar,1410.38
30.04.2026,55481326,anna.kozlov442@proton.me,15.06.2026,18.06.2026,1178,MELPAL,4119,1155,  Not enough allotment  ,,1019.31
21.04.2026,11568110,marta.kozlov665@hotmail.com,23.03.2026,30.03.2026,1426,MARRA1,2146,1467,Booking Complete Error: Error Message : StopSale.,Marriott Ras Al Khaimah Resort,1814.68
27.04.2026,27620998,laura.kravets205@icloud.com,08.07.2026,22.07.2026,1714,SUNPO1,6421,1054,Contractor calculation error.,Sun Gardens Porec Resort,1668.22
17.04.2026,21868488,david.kowalski586@outlook.com,21.04.2026,24.04.2026,2653,PESVI1,5786,1155,Not enough allotment,Pestana Vilamoura Resort,844.64
05.04.2026,80888853,kate.keller552@gmail.com,27.05.2026,01.06.2026,1045,SUNTA1,3664,1732,Booking Payer Error: Brak wymaganego parametru,Sunwing Taba,2235.97
05.04.2026,81251601,nina.rossi626@icloud.com,08.08.2026,22.08.2026,1045,CORSHA,9830,5704,Improper reservation price.,Coral Sea Sharm El Sheikh,4002.37
01.04.2026,27986931,james.larsen330@outlook.com,10.05.2026,13.05.2026,1301,VOYALA,5333,1155,Not enough allotment,Voyage Alanya,"3705,65"
18.04.2026,49581964,anna.kowalski351@yahoo.com,09.05.2026,12.05.2026,1426,ADDDUB,1387,1225,  There is already such a booking for this agent.  ,Address Hotels Dubai,"329,31"
27.04.2026,91407521,julia.wilson111@proton.me,08.05.2026,15.05.2026,1178, OCCTEN ,7118,1155,Not enough allotment,Occidental Tenerife,2743.61
03.04.2026,12188077,peter.petrov160@yahoo.com,13.04.2026,27.04.2026,1178,RIUIBI,2790,1155,Not enough allotment,RIU Ibiza,
25.04.2026,87795790,daniel.petrov727@hotmail.com,27.07.2026,30.07.2026,1426,RADSH1,7888,1155,Not enough allotment,Radisson Blu Sharjah Resort,2551.13
18.04.2026,40153085,peter.larsen833@hotmail.com,16.05.2026,25.05.2026,1045, SUNMA2 ,2796,1155,Not enough allotment,Sunwing Makadi Bay,"360,56"
25.04.2026,27018360,sophie.fischer446@icloud.com,16.05.2026,25.05.2026,1045,PICHUR,2084,1155,Not enough allotment,Pickalbatros Hurghada,3594.39 PLN
06.04.2026,91026089,andrew.weber791@hotmail.com,20.03.2026,27.03.2026,1714,VALROV,4997,1755,Booking Create Error: Brak możliwości założenia rezerwacji winterfejsie.,Valamar Rovinj,530.11
01.04.2026,39680536,simon.andersen808@outlook.com,06.04.2026,20.04.2026,1426,ADDRA1,8144,5704,Improper reservation price.,Address Hotels Ras Al Khaimah Resort,741.05
25.04.2026,80492567,elena.rossi752@yahoo.com,19.04.2026,03.05.2026,1045,RIXTAB,5554,5704,Improper reservation price.,Rixos Taba,3724.26
12.04.2026,61967417,alice.garcia834@hotmail.com,19.03.2026,22.03.2026,2653,PINALB,4155,1054,Contractor calculation error.,Pine Cliffs Albufeira,2240.40
01.04.2026,60518488,claire.kowalski645@icloud.com,31.07.2026,05.08.2026,1426,ADDSHA,6139,1155,Not enough allotment,Address Hotels Sharjah,"3704,45"
13.04.2026,43657954,michael.dubois904@hotmail.com,29.07.2026,12.08.2026, 1426,ROTFUJ,2894,1054,Contractor calculation error.,Rotana Fujairah,"2254,08"
24.04.2026,87432467,mark.berg195@icloud.com,29.04.2026,08.05.2026,1045,barelx,8573,5704,Improper reservation price.,Baron Resort El Gouna,"3160,83"
09.04.2026,85864089,michael.bakker565@gmail.com,09.08.2026,14.08.2026,1178,NHCOS1,2604,1755,Booking Create Error: Brak możliwości założenia rezerwacji winterfejsie.,NH Collection Costa Brava,3127.75
18.04.2026,20043277,thomas.wagner691@hotmail.com,13.05.2026,18.05.2026,2653,VILALB,4937,1732,Booking Payer Error: Brak wymaganego parametru,Vila Vita Parc Albufeira,"2104,49"
22.04.2026,87118114,anna.keller713@gmail.com,05.05.2026,08.05.2026,1426,AJMFUJ,4728,1755,Booking Create Error: Brak możliwości założenia rezerwacji winterfejsie.,Ajman Saray Fujairah,261.13
16.04.2026,58380316,michael.andersen976@yahoo.com,05.05.2026,10.05.2026,2653,DOMPOR,6419,1467,Booking Complete Error: Error Message : StopSale.,Dom Pedro Porto,1250.46
23.04.2026,15641553,anna.johnson81@outlook.com,30.04.2026,14.05.2026,1426,ROTDU1,6967,1467,Booking Complete Error: Error Message : StopSale.,Rotana Dubai Resort,3193.39
19.04.2026,27378136,daniel.kowalski124@icloud.com,22.03.2026,31.03.2026,1178,IBECO1,2235,1225,There is already such a booking for this agent.,Iberostar Costa del Sol,"2654,56"
12.04.2026,46779698,thomas.schmidt935@hotmail.com,09.07.2026,14.07.2026,4182,CONPA1,1977,1155,Not enough allotment,Constantinou Bros Paphos Resort,3396.93
03.04.2026,56104604,martin.fischer442@icloud.com,03.07.2026,08.07.2026,1045,RIXELX,5010,1467,Booking Complete Error: Error Message : StopSale.,Rixos El Gouna,-3811.47
17.04.2026,95747908,emma.berg303@yahoo.com,30.06.2026,05.07.2026,2247,ROCSAR,4249,1755,Booking Create Error: Brak możliwości założenia rezerwacji winterfejsie.,Rocco Forte Sardinia,777.97
05.04.2026,46048781,simon.lang311@outlook.com,13.06.2026,22.06.2026,1178,BARTEN,2163,1054,Contractor calculation error.,Barceló Tenerife,3793.27 PLN
17.04.2026,41239219,nina.nowak374@hotmail.com,06.06.2026,15.06.2026,2247, MANSA1 ,1207,1755,Booking Create Error: Brak możliwości założenia rezerwacji winterfejsie.,Mangia's Resorts Sardinia Resort,2768.87
19.04.2026,64447809,robert.petrov885@icloud.com,03.08.2026,12.08.2026,1426,MARABU,2889,1054,Contractor calculation error.,Marriott Abu Dhabi,360.56
08.04.2026,20190215,claire.dubois239@hotmail.com,10.04.2026,24.04.2026,1045, JAZHUR ,4456,1467,Booking Complete Error: Error Message : StopSale.,Jaz Hurghada,2951.60 PLN
23.04.2026,71874151,laura.fischer838@yahoo.com,06.04.2026,20.04.2026,1301,RIXKEM,1722,1755,  Booking Create Error: Brak możliwości założenia rezerwacji winterfejsie.  ,Rixos Kemer,4125.23
11.04.2026,41381348,chris.johnson763@proton.me,07.06.2026,12.06.2026,1301,CRYMAR,4492,1225,There is already such a booking for this agent.,Crystal Hotels Marmaris,
01.04.2026,41388763,elena.wagner843@hotmail.com,15.08.2026,24.08.2026,2247,THRIM1,9031,1054,Contractor calculation error.,Th Resorts Rimini Resort,"3243,62"
13.04.2026,98522598,george.moretti99@gmail.com,26.07.2026,29.07.2026,1301,LIMMAR,5956,1155,Not enough allotment,Limak Marmaris,"1072,07"
30.04.2026,61791095,anna.bianchi991@hotmail.com,16.07.2026,19.07.2026,1714,SUNRO1,7678,1467,Booking Complete Error: Error Message : StopSale.,Sun Gardens Rovinj Resort,3956.17
16.04.2026,47546086,peter.fischer974@yahoo.com,22.07.2026,31.07.2026,1426,ROTSH1,7691,1755,Booking Create Error: Brak możliwości założenia rezerwacji winterfejsie.,Rotana Sharjah Resort,"379,23"
03.04.2026,35828705,laura.dubois351@gmail.com,03.06.2026,17.06.2026,1045,barelx,8573,1467,Booking Complete Error: Error Message : StopSale.,Baron Resort El Gouna,2438.33
18.04.2026,97742922,maria.kowalski416@icloud.com,07.07.2026,10.07.2026,4182,ATLPRO,5771,1155,Not enough allotment,Atlantica Protaras,"4167,12"
10.04.2026,64920799,kate.wilson647@yahoo.com,15.04.2026,22.04.2026,2653, VILCAS ,4986,1467,  Booking Complete Error: Error Message : StopSale.  ,Vila Vita Parc Cascais,4149.41
22.04.2026,42257238,george.bakker100@outlook.com,07.06.2026,10.06.2026,2653,VIDPOR,8753,1054,Contractor calculation error.,Vidamar Resorts Porto,1313.21
16.04.2026,90492280,david.moretti473@outlook.com,14.06.2026,19.06.2026,2653,PINPOR,5636,1778,BOOKING COMPLETE ERROR: ZABLOKOWANO ALLOTMENT ONLINE.,Pine Cliffs Porto,
15.04.2026,95304807,daniel.kowalski285@outlook.com,04.05.2026,07.05.2026,1045,RIXHUR,4593,1225,There is already such a booking for this agent.,Rixos Hurghada,3485.20
24.04.2026,24229923,paul.roth226@yahoo.com,05.08.2026,12.08.2026,1301,LIMSID,5002,1755,Booking Create Error: Brak możliwości założenia rezerwacji winterfejsie.,Limak Side,2503.68
07.04.2026,69475914,marta.larsen855@yahoo.com,21.05.2026,30.05.2026,1178,MELGRA,4681,1732,  Booking Payer Error: Brak wymaganego parametru  ,Meliá Gran Canaria,1051.91
15.04.2026,75581613,kate.fischer173@proton.me,12.07.2026,19.07.2026,1301,CRYKEM,5462,1225,There is already such a booking for this agent.,Crystal Hotels Kemer,"4067,71"
23.04.2026,73562378,robert.weber258@icloud.com,19.08.2026,24.08.2026,1301,CRYSID,5905,1155,Not enough allotment,Crystal Hotels Side,4045.73
13.04.2026,22429114,kate.kravets158@yahoo.com,24.04.2026,29.04.2026,1178,RIUTEN,5061,1732,Booking Payer Error: Brak wymaganego parametru,RIU Tenerife,2002.91
23.04.2026,29858055,andrew.weber24@outlook.com,29.04.2026,02.05.2026,4182,LOUPAP,4929,1732,Booking Payer Error: Brak wymaganego parametru,Louis Hotels Paphos,2210.50
07.04.2026,91737041,marta.weber664@proton.me,19.04.2026,22.04.2026,1301,MAXALA,8491,1155,Not enough allotment,Maxx Royal Alanya,281.26
06.04.2026,89727494,alice.larsen847@outlook.com,09.06.2026,14.06.2026,1045,RIXTAB,5554,5704,Improper reservation price.,Rixos Taba,2958.73
22.04.2026,21270088,emma.garcia706@hotmail.com,25.05.2026,01.06.2026,1045,RIXMAR,9348,1225,There is already such a booking for this agent.,Rixos Marsa Alam,"931,71"
20.04.2026,33793492,david.andersen258@yahoo.com,07.05.2026,12.05.2026,1045,SUNEL1,8019,5704,Improper reservation price.,Sunrise El Gouna,382.71
14.04.2026,60796271,anna.petrov276@gmail.com,16.08.2026,25.08.2026,2653,pespor,9698,1054,CONTRACTOR CALCULATION ERROR.,Pestana Porto,"3981,81"
26.04.2026,62165332,elena.nowak308@icloud.com,12.07.2026,19.07.2026,1178,NHIBIX,7912,5704,Improper reservation price.,NH Collection Ibiza,-3263.04
09.04.2026,88897503,james.meyer319@outlook.com,15.04.2026,18.04.2026,2247,mansar,5558,1755,Booking Create Error: Brak możliwości założenia rezerwacji winterfejsie.,Mangia's Resorts Sardinia,1221.03
06.04.2026,17850078,zofia.andersen654@icloud.com,16.06.2026,30.06.2026,1045,HILMAK,9751,1732,Booking Payer Error: Brak wymaganego parametru,Hilton Makadi Bay,1788.38
07.04.2026,42120359,marta.garcia331@yahoo.com,21.05.2026,28.05.2026,1045,RIXSHA,3621,1755,Booking Create Error: Brak możliwości założenia rezerwacji winterfejsie.,Rixos Sharm El Sheikh,942.08
19.04.2026,43433510,james.wilson524@gmail.com,04.08.2026,09.08.2026,2653,vilca1,1745,1467,Booking Complete Error: Error Message : StopSale.,Vila Vita Parc Cascais Resort,2179.92
07.04.2026,42930552,claire.garcia149@gmail.com,28.06.2026,03.07.2026,1178,htenxx,8749,5704,  Improper reservation price.  ,H10 Hotels Tenerife,
10.04.2026,87124734,george.costa183@hotmail.com,13.07.2026,20.07.2026,1045,CORMAK,7216,5704,Improper reservation price.,Coral Sea Makadi Bay,-382.10
15.04.2026,34796255,elena.nowak704@gmail.com,10.04.2026,15.04.2026,1178,HPALXX,4116,1755,Booking Create Error: Brak możliwości założenia rezerwacji winterfejsie.,H10 Hotels Palma de Mallorca,353.48
29.04.2026,40019617,andrew.kozlov445@gmail.com,06.05.2026,13.05.2026,1301,TITBEL,3200,1155,Not enough allotment,Titanic Belek,3020.04
23.04.2026,45280103,olga.garcia275@yahoo.com,12.06.2026,19.06.2026,4182,OLYLIM,4824,1755,Booking Create Error: Brak możliwości założenia rezerwacji winterfejsie.,Olympic Lagoon Limassol,1803.14
22.04.2026,94045854,paul.kozlov936@outlook.com,23.07.2026,06.08.2026,1426,AJMRAS,5573,1467,Booking Complete Error: Error Message : StopSale.,Ajman Saray Ras Al Khaimah,"1473,47"
29.04.2026,97953190,laura.roth401@outlook.com,09.06.2026,12.06.2026, 2247,UNASIC,9289,1467,Booking Complete Error: Error Message : StopSale.,UNA Hotels Sicily,625.37
06.04.2026,48169110,marta.rossi729@hotmail.com,28.03.2026,04.04.2026,1178,ibepal,2104,5704,Improper reservation price.,Iberostar Palma de Mallorca,2050.91
07.04.2026,73617549,zofia.andersen816@hotmail.com,16.07.2026,19.07.2026,2653,pinalb,4155,1732,Booking Payer Error: Brak wymaganego parametru,Pine Cliffs Albufeira,867.48 PLN
13.04.2026,23581521,daniel.weber807@gmail.com,28.03.2026,04.04.2026,1178,OCCCOS,4770,1732,Booking Payer Error: Brak wymaganego parametru,Occidental Costa del Sol,332.93
01.04.2026,95201958,anna.wagner670@outlook.com,07.06.2026,10.06.2026,1714,VALZA1,7275,1467,Booking Complete Error: Error Message : StopSale.,Valamar Zadar Resort,3800.47
29.04.2026,58562037,emma.rossi610@hotmail.com,27.08.2026,10.09.2026,1045,JAZELX,4733,1467,Booking Complete Error: Error Message : StopSale.,Jaz El Gouna,2984.75
29.04.2026,23259460,michael.roth284@hotmail.com,20.08.2026,27.08.2026,1045,BARHUR,1525,1755,Booking Create Error: Brak możliwości założenia rezerwacji winterfejsie.,Baron Resort Hurghada,4021.27
16.04.2026,70233917,julia.kravets291@outlook.com,11.05.2026,14.05.2026, 1045,SUNEL1,8019,1155,Not enough allotment,Sunrise El Gouna,3854.73
28.04.2026,89010042,maria.dubois972@outlook.com,05.05.2026,19.05.2026,1178,MELGRA,4681,1467,  Booking Complete Error: Error Message : StopSale.  ,Meliá Gran Canaria,1459.15
25.04.2026,27354510,anna.costa145@proton.me,03.06.2026,12.06.2026,1178,HFUEXX,1514,1054,Contractor calculation error.,H10 Hotels Fuerteventura,1109.96
03.04.2026,31643241,thomas.larsen130@icloud.com,24.08.2026,29.08.2026,1045,CORSHA,9830,1155,Not enough allotment,Coral Sea Sharm El Sheikh,1189.73
26.04.2026,59961172,john.garcia925@proton.me,14.04.2026,23.04.2026,1714,FALZAD,3881,1054,Contractor calculation error.,Falkensteiner Zadar,2960.83
07.04.2026,77988953,robert.lang28@yahoo.com,07.06.2026,16.06.2026,1045,HILHUR,5422,1054,  Contractor calculation error.  ,Hilton Hurghada,3224.59
30.04.2026,54924348,george.bianchi749@icloud.com,16.05.2026,25.05.2026,2653,vilalb,4937,1054,Contractor calculation error.,Vila Vita Parc Albufeira,1579.85
20.04.2026,75963322,mark.petrov522@yahoo.com,28.04.2026,12.05.2026,1045,DANHUR,2139,5704,  Improper reservation price.  ,Dana Beach Hurghada,278.25
03.04.2026,95288990,olga.keller249@gmail.com,19.07.2026,22.07.2026,1045,PICMAR,2169,1155,Not enough allotment,Pickalbatros Marsa Alam,
13.04.2026,31287665,andrew.johnson827@gmail.com,21.05.2026,28.05.2026,1301,VOYANT,9565,1155,Not enough allotment,Voyage Antalya,940.12
30.04.2026,74641617,michael.bianchi876@outlook.com,30.06.2026,03.07.2026,1178, IBEGRA ,9479,5704,  Improper reservation price.  ,Iberostar Gran Canaria,1720.89
26.04.2026,23631328,maria.bakker865@outlook.com,30.06.2026,05.07.2026,1301,VOYBOD,2512,1467,Booking Complete Error: Error Message : StopSale.,Voyage Bodrum,3275.47
30.04.2026,80139805,irene.moretti587@yahoo.com,20.05.2026,29.05.2026,1714,FALZAD,3881,5704,Improper reservation price.,Falkensteiner Zadar,
21.04.2026,38360899,julia.wagner163@proton.me,05.05.2026,10.05.2026,2653,DOMVIL,4630,1155,Not enough allotment,Dom Pedro Vilamoura,"4168,92"
10.04.2026,91147508,kate.muller761@proton.me,08.07.2026,17.07.2026,1178,IBECO1,2235,1155,  Not enough allotment  ,Iberostar Costa del Sol,1219.98
29.04.2026,97192052,james.johnson944@icloud.com,10.05.2026,13.05.2026,1301,BARMA2,1128,8056,Wrong room configuration,Barut Hotels Marmaris,-1223.50
13.04.2026,41844175,michael.smith623@outlook.com,09.04.2026,12.04.2026,1301,VOYALA,5333,1225,There is already such a booking for this agent.,Voyage Alanya,2774.42
23.04.2026,14216463,claire.fischer466@yahoo.com,19.06.2026,22.06.2026,1301,BARBEL,5325,1155,Not enough allotment,Barut Hotels Belek,2542.39
28.04.2026,29037185,anna.kowalski743@yahoo.com,23.03.2026,30.03.2026,1426,JUMRAS,7548,1054,Contractor calculation error.,Jumeirah Ras Al Khaimah,1287.77
19.04.2026,92891069,mark.schmidt432@icloud.com,26.07.2026,29.07.2026,1714,RADROV,5082,1732,Booking Payer Error: Brak wymaganego parametru,Radisson Blu Rovinj,
21.04.2026,50979212,thomas.larsen181@icloud.com,28.05.2026,06.06.2026,1178,BARIBI,4750,5704,IMPROPER RESERVATION PRICE.,Barceló Ibiza,2035.65 PLN
23.04.2026,66715484,martin.garcia257@yahoo.com,18.08.2026,27.08.2026,1178,RIUPAL,8350,1155,Not enough allotment,RIU Palma de Mallorca,1826.50
19.04.2026,44418169,james.roth647@icloud.com,11.04.2026,20.04.2026,1426,ROTDUB,4652,5704,Improper reservation price.,Rotana Dubai,2754.10
30.04.2026,48065683,irene.bianchi194@gmail.com,20.05.2026,29.05.2026,1045,HILMAK,9751,1732,Booking Payer Error: Brak wymaganego parametru,Hilton Makadi Bay,2054.94
10.04.2026,52500820,zofia.meyer63@yahoo.com,22.06.2026,29.06.2026,1301,LIMANT,2697,1225,There is already such a booking for this agent.,Limak Antalya,
01.04.2026,51741993,john.lang744@yahoo.com,04.04.2026,11.04.2026,4182,ANALAR,7693,1054,Contractor calculation error.,Anassa Larnaca,1024.49
23.04.2026,67715067,claire.schmidt549@hotmail.com,23.05.2026,26.05.2026,4182,ATLPAP,5352,8056,Wrong room configuration,Atlantica Paphos,438.67
03.04.2026,67448226,zofia.costa515@outlook.com,07.07.2026,10.07.2026,2247,ROCSIC,3496,1732,Booking Payer Error: Brak wymaganego parametru,Rocco Forte Sicily,2195.17
01.04.2026,39916662,paul.wagner624@icloud.com,03.05.2026,10.05.2026,1178,HTENXX,8749,1155,Not enough allotment,,"1715,92"
27.04.2026,67109058,julia.novak302@yahoo.com,08.04.2026,11.04.2026,1426,AJMDUB,1452,1155,Not enough allotment,Ajman Saray Dubai,883.04
11.04.2026,13769354,john.larsen357@icloud.com,09.06.2026,16.06.2026,1301,RIXBEL,9900,1155,Not enough allotment,Rixos Belek,1564.72
10.04.2026,76196382,laura.rossi404@gmail.com,17.08.2026,31.08.2026,1045,HILELX,6168,1155,  Not enough allotment  ,Hilton El Gouna,2991.69
24.04.2026,51909809,simon.roth312@proton.me,19.05.2026,02.06.2026,1301,VOYKEM,2188,1732,Booking Payer Error: Brak wymaganego parametru,Voyage Kemer,"2309,28"
05.04.2026,96547634,martin.wagner607@hotmail.com,25.05.2026,08.06.2026,1178,MELBEN,2982,1732,BOOKING PAYER ERROR: BRAK WYMAGANEGO PARAMETRU,Meliá Benidorm,3275.91
04.04.2026,13706170,nina.johnson26@icloud.com,30.07.2026,08.08.2026,1426,JUMRA1,6344,1732,Booking Payer Error: Brak wymaganego parametru,Jumeirah Ras Al Khaimah Resort,3158.65
21.04.2026,67260792,simon.johnson665@outlook.com,18.05.2026,27.05.2026,1178,BAHTEN,1117,1155,Not enough allotment,Bahia Principe Tenerife,1941.02
20.04.2026,77695451,claire.berg306@gmail.com,30.05.2026,06.06.2026,1045,SUNMA1,9179,1225,There is already such a booking for this agent.,Sunrise Marsa Alam,326.76
29.04.2026,96065526,david.novak422@outlook.com,10.08.2026,15.08.2026,1045,DANHU1,7252,5704,Improper reservation price.,Dana Beach Hurghada Resort,1837.41
20.04.2026,74114251,nina.johnson892@outlook.com,27.06.2026,30.06.2026,1045,CORTAB,7572,1755,Booking Create Error: Brak możliwości założenia rezerwacji winterfejsie.,Coral Sea Taba,2277.87
02.04.2026,61157834,david.andersen39@gmail.com,25.08.2026,03.09.2026,1045,JAZSHA,8517,1755,Booking Create Error: Brak możliwości założenia rezerwacji winterfejsie.,Jaz Sharm El Sheikh,1607.45
10.04.2026,33629662,irene.roth40@hotmail.com,29.05.2026,07.06.2026,1426,AJMABU,2137,1755,Booking Create Error: Brak możliwości założenia rezerwacji winterfejsie.,,3649.50
25.04.2026,77837366,john.larsen582@gmail.com,27.05.2026,30.05.2026,1178,NHPALX,9856,1467,Booking Complete Error: Error Message : StopSale.,NH Collection Palma de Mallorca,777.38
11.04.2026,56845230,julia.kowalski901@outlook.com,21.06.2026,05.07.2026,1045,HILTAB,5040,1467,Booking Complete Error: Error Message : StopSale.,Hilton Taba,1864.63
25.04.2026,68767285,daniel.wagner280@hotmail.com,07.05.2026,14.05.2026,1045,STESHA,3504,1755,Booking Create Error: Brak możliwości założenia rezerwacji winterfejsie.,Steigenberger Sharm El Sheikh,1261.33
02.04.2026,49588376,nina.nowak611@hotmail.com,28.06.2026,07.07.2026,1301,limsid,5002,1778,Booking Complete Error: Zablokowano allotment online.,Limak Side,1063.30
08.04.2026,35802765,peter.johnson915@hotmail.com,02.08.2026,05.08.2026,1301,RIXANT,1058,1755,Booking Create Error: Brak możliwości założenia rezerwacji winterfejsie.,Rixos Antalya,379.00
27.04.2026,70838563,paul.dubois309@yahoo.com,05.05.2026,12.05.2026,1426,hilab1,1027,1155,Not enough allotment,Hilton Abu Dhabi Resort,1855.99
01.04.2026,47918686,simon.novak45@outlook.com,26.05.2026,29.05.2026,1178,RIUPAL,8350,1755,Booking Create Error: Brak możliwości założenia rezerwacji winterfejsie.,RIU Palma de Mallorca,
07.04.2026,30772136,zofia.andersen20@yahoo.com,01.06.2026,08.06.2026,1301,LIMBEL,4910,1467,Booking Complete Error: Error Message : StopSale.,Limak Belek,"1736,70"
20.04.2026,36293187,peter.fischer614@outlook.com,17.05.2026,31.05.2026,1178,BARCOS,8744,1225,There is already such a booking for this agent.,,3693.77
17.04.2026,85341065,zofia.dubois26@hotmail.com,28.07.2026,06.08.2026,1045,PICTAB,7543,1155,Not enough allotment,,3503.57
21.04.2026,93051731,michael.roth993@icloud.com,15.06.2026,29.06.2026,1178,HPALXX,4116,1155,Not enough allotment,H10 Hotels Palma de Mallorca,3379.58
03.04.2026,38774443,elena.wagner617@outlook.com,22.05.2026,27.05.2026,1301,LIMALA,9808,1155,Not enough allotment,Limak Alanya,714.22
15.04.2026,27698856,elena.kowalski773@outlook.com,13.05.2026,16.05.2026,1301,TITBEL,3200,1155,Not enough allotment,Titanic Belek,2211.87
08.04.2026,16587232,mark.wagner708@hotmail.com,27.05.2026,01.06.2026,1045,SUNTA1,3664,1054,Contractor calculation error.,Sunwing Taba,1342.23
25.04.2026,74248731,laura.smith349@icloud.com,07.08.2026,12.08.2026,1045,RIXMAR,9348,1755,Booking Create Error: Brak możliwości założenia rezerwacji winterfejsie.,Rixos Marsa Alam,4164.90
08.04.2026,71407200,david.weber111@gmail.com,28.04.2026,05.05.2026,1714,SUNMA3,8461,,Improper reservation price.,Sun Gardens Makarska,1406.38
13.04.2026,78011234,chris.wagner93@outlook.com,08.07.2026,15.07.2026,1178,MELCO1,7735,1778,Booking Complete Error: Zablokowano allotment online.,,
02.04.2026,94045854,david.keller798@icloud.com,23.07.2026,06.08.2026,1426,AJMRAS,5573,1778,Booking Complete Error: Zablokowano allotment online.,Ajman Saray Ras Al Khaimah,1473.47
17.04.2026,62834161,daniel.roth238@icloud.com,23.04.2026,02.05.2026,1301,TITANT,8508,1155,Not enough allotment,Titanic Antalya,4008.26
16.04.2026,91515342,nina.novak578@outlook.com,06.06.2026,20.06.2026,2653,DOMVIL,4630,1054,Contractor calculation error.,Dom Pedro Vilamoura,3029.68
19.04.2026,24413227,nina.larsen882@hotmail.com,23.04.2026,30.04.2026,1426,AJMDU1,3085,1155,  Not enough allotment  ,Ajman Saray Dubai Resort,"262,52"
26.04.2026,74524663,olga.muller146@outlook.com,18.06.2026,23.06.2026,1426,HILRAS,8119,5704,Improper reservation price.,Hilton Ras Al Khaimah,3151.62
05.04.2026,68981830,michael.wagner149@proton.me,05.07.2026,10.07.2026,1301,CRYALA,6464,1054,Contractor calculation error.,Crystal Hotels Alanya,3130.92
10.04.2026,56345273,andrew.petrov312@outlook.com,24.07.2026,07.08.2026,1301,RIXALA,6147,1155,Not enough allotment,Rixos Alanya,578.21
23.04.2026,28818549,nina.nowak529@outlook.com,26.06.2026,05.07.2026,1301,DELANT,9288,1054,Contractor calculation error.,Delphin Antalya,"380,22"
05.04.2026,87594146,david.larsen485@icloud.com,10.08.2026,15.08.2026,1178,BAHBEN,6539,8056,Wrong room configuration,Bahia Principe Benidorm,4082.04
27.04.2026,55174424,robert.dubois960@gmail.com,21.08.2026,28.08.2026, 2653,DOMALB,4777,1467,Booking Complete Error: Error Message : StopSale.,Dom Pedro Albufeira,3235.26
04.04.2026,97810060,thomas.bianchi750@hotmail.com,14.07.2026,21.07.2026,4182, AMAPR1 ,5415,1778,  Booking Complete Error: Zablokowano allotment online.  ,Amara Protaras Resort,996.74
04.04.2026,49146492,simon.wagner702@outlook.com,24.04.2026,01.05.2026,1301,DELAL1,3647,1467,Booking Complete Error: Error Message : StopSale.,Delphin Alanya Resort,"2341,97"
07.04.2026,61176016,robert.kowalski256@hotmail.com,11.06.2026,16.06.2026,1426,MARFU1,3041,1155,Not enough allotment,Marriott Fujairah Resort,2095.96
12.04.2026,90378849,marta.roth711@yahoo.com,22.05.2026,29.05.2026,1178,IBEGRA,9479,1225,There is already such a booking for this agent.,Iberostar Gran Canaria,2223.33
05.04.2026,80504584,paul.weber783@icloud.com,12.07.2026,21.07.2026,1301,CRYMAR,4492,1054,Contractor calculation error.,Crystal Hotels Marmaris,1942.92
27.04.2026,27999177,martin.wilson308@icloud.com,20.03.2026,03.04.2026,1178,RIUFUE,7669,1467,Booking Complete Error: Error Message : StopSale.,RIU Fuerteventura,2872.99
07.04.2026,59465107,alice.kozlov142@icloud.com,09.06.2026,23.06.2026,4182,ANAPA1,3037,1155,Not enough allotment,Anassa Paphos Resort,3941.37
30.04.2026,30840572,laura.wagner938@outlook.com,19.04.2026,03.05.2026,1301,RIXALA,6147,1155,Not enough allotment,Rixos Alanya,583.03
08.04.2026,17433938,george.nowak669@hotmail.com,19.08.2026,22.08.2026,1714,BLUDUB,3607,1054,Contractor calculation error.,Bluesun Dubrovnik,2861.69
09.04.2026,79323646,andrew.lang163@gmail.com,22.05.2026,31.05.2026, 1045,HILSHA,1916,1467,Booking Complete Error: Error Message : StopSale.,Hilton Sharm El Sheikh,3675.40
29.04.2026,12037384,anna.costa846@hotmail.com,23.05.2026,26.05.2026,1301,LIMBOD,2127,1054,Contractor calculation error.,Limak Bodrum,2319.84
05.04.2026,72083054,robert.wagner820@outlook.com,16.05.2026,23.05.2026,2653,PESLI1,5952,1755,Booking Create Error: Brak możliwości założenia rezerwacji winterfejsie.,Pestana Lisbon Resort,2951.76
06.04.2026,79108209,peter.bianchi50@icloud.com,20.06.2026,25.06.2026,2653,VILCA1,1745,1755,Booking Create Error: Brak możliwości założenia rezerwacji winterfejsie.,Vila Vita Parc Cascais Resort,"3460,70"
30.04.2026,40032596,julia.moretti813@icloud.com,25.05.2026,03.06.2026,2653,VILPOR,7625,1155,Not enough allotment,Vila Vita Parc Porto,"2444,50"
14.04.2026,77396777,robert.moretti489@hotmail.com,23.07.2026,28.07.2026,1178,HPALXX,4116,8056,Wrong room configuration,H10 Hotels Palma de Mallorca,656.70
02.04.2026,70692728,olga.rossi928@gmail.com,30.05.2026,13.06.2026,1045,DANHU1,7252,1755,Booking Create Error: Brak możliwości założenia rezerwacji winterfejsie.,Dana Beach Hurghada Resort,292.64
10.04.2026,58851081,laura.petrov922@yahoo.com,26.07.2026,02.08.2026,1301,voyan1,5291,1155,Not enough allotment,Voyage Antalya Resort,3423.53
03.04.2026,14740436,anna.moretti132@proton.me,16.06.2026,25.06.2026,1178,IBECO1,2235,1467,Booking Complete Error: Error Message : StopSale.,Iberostar Costa del Sol,2552.94
24.04.2026,40787425,robert.garcia952@yahoo.com,06.08.2026,11.08.2026,1426,RADRAS,7528,8056,Wrong room configuration,Radisson Blu Ras Al Khaimah,"725,82"
02.04.2026,95763040,james.novak910@gmail.com,04.07.2026,18.07.2026,1426,AJMDUB,1452,1054,Contractor calculation error.,Ajman Saray Dubai,"2221,20"
19.04.2026,75479127,laura.bakker355@yahoo.com,04.06.2026,07.06.2026,1301,DELAL1,3647,8056,Wrong room configuration,Delphin Alanya Resort,1792.29
20.04.2026,55735904,john.petrov722@proton.me,15.06.2026,20.06.2026,1045,RIXSHA,3621,1778,  Booking Complete Error: Zablokowano allotment online.  ,Rixos Sharm El Sheikh,3081.90
12.04.2026,19781591,elena.lang227@outlook.com,07.07.2026,10.07.2026,1045,RIXTAB,5554,1054,  Contractor calculation error.  ,Rixos Taba,2198.26
03.04.2026,23719833,kate.roth697@outlook.com,15.08.2026,22.08.2026,1178,MELPAL,4119,5704,Improper reservation price.,Meliá Palma de Mallorca,1133.04
25.04.2026,22864861,irene.schmidt773@yahoo.com,26.03.2026,02.04.2026, 1045,SUNMA1,9179,1155,  Not enough allotment  ,Sunrise Marsa Alam,1565.72
10.04.2026,96065526,zofia.novak781@icloud.com,10.08.2026,15.08.2026,1045,DANHU1,7252,1778,Booking Complete Error: Zablokowano allotment online.,Dana Beach Hurghada Resort,1837.41
25.04.2026,65478943,paul.schmidt94@icloud.com,25.05.2026,30.05.2026,4182,AMAPAP,4404,1467,  Booking Complete Error: Error Message : StopSale.  ,Amara Paphos,1472.69 PLN
15.04.2026,67720123,zofia.johnson748@hotmail.com,19.06.2026,03.07.2026,1714,AMAMAK,2746,5704,Improper reservation price.,Amadria Park Makarska,
10.04.2026,81489497,kate.dubois138@proton.me,15.03.2026,20.03.2026,1178,IBEBEN,6804,1155,Not enough allotment,Iberostar Benidorm,746.32
08.04.2026,90973889,daniel.kravets51@proton.me,19.06.2026,26.06.2026,2247,NHSARX,1317,5704,Improper reservation price.,NH Collection Sardinia,409.30
17.04.2026,19729173,maria.kowalski119@hotmail.com,01.04.2026,10.04.2026,1426,AJMABU,2137,1732,BOOKING PAYER ERROR: BRAK WYMAGANEGO PARAMETRU,Ajman Saray Abu Dhabi,"1788,47"
17.04.2026,55098584,peter.bianchi587@outlook.com,30.07.2026,06.08.2026,1178,MELGRA,4681,1155,Not enough allotment,Meliá Gran Canaria,2703.63
21.04.2026,63199848,john.muller147@icloud.com,30.07.2026,02.08.2026,1178,BAHGRA,6107,1467,Booking Complete Error: Error Message : StopSale.,Bahia Principe Gran Canaria,1980.33
27.04.2026,60830809,michael.smith518@icloud.com,28.05.2026,06.06.2026,1178,BAHCOS,4981,1155,  Not enough allotment  ,Bahia Principe Costa Brava,4127.15
25.04.2026,97351260,sophie.costa248@outlook.com,03.08.2026,06.08.2026,1301,VOYAN1,5291,1467,Booking Complete Error: Error Message : StopSale.,Voyage Antalya Resort,1768.49
07.04.2026,63970447,nina.berg179@proton.me,09.05.2026,14.05.2026,2653,VILLI1,2070,1054,Contractor calculation error.,Vila Vita Parc Lisbon Resort,843.38
20.04.2026,85889571,martin.roth270@gmail.com,28.04.2026,03.05.2026,2247,BAGAM1,5425,1732,Booking Payer Error: Brak wymaganego parametru,Baglioni Hotels Amalfi Coast Resort,3012.16
07.04.2026,84033693,chris.roth604@proton.me,14.06.2026,17.06.2026,1301,LIMSID,5002,1225,There is already such a booking for this agent.,,1279.43
04.04.2026,47309803,mark.weber423@outlook.com,03.04.2026,12.04.2026,1426,ADDRA1,8144,1155,Not enough allotment,Address Hotels Ras Al Khaimah Resort,670.11
26.04.2026,30709222,michael.muller869@yahoo.com,09.07.2026,12.07.2026,1426,RADDU1,6143,1732,Booking Payer Error: Brak wymaganego parametru,Radisson Blu Dubai Resort,2806.02
05.04.2026,77996124,olga.berg631@yahoo.com,16.03.2026,25.03.2026,1045,SUNTA1,3664,1755,  Booking Create Error: Brak możliwości założenia rezerwacji winterfejsie.  ,Sunwing Taba,1381.63
19.04.2026,35233943,claire.berg968@gmail.com,25.06.2026,04.07.2026,1178,NHPALX,9856,1778,Booking Complete Error: Zablokowano allotment online.,NH Collection Palma de Mallorca,3908.21 PLN
08.04.2026,83973509,maria.kravets688@hotmail.com,09.05.2026,23.05.2026,1045,HILSHA,1916,8056,Wrong room configuration,Hilton Sharm El Sheikh,3568.66
30.04.2026,47141791,paul.petrov182@hotmail.com,27.07.2026,01.08.2026,1714,RADSP1,8206,1054,Contractor calculation error.,,"2864,39"
10.04.2026,95975263,elena.meyer225@icloud.com,26.04.2026,29.04.2026, 1301,BARSID,1832,1225,There is already such a booking for this agent.,Barut Hotels Side,3890.11
22.04.2026,42388547,maria.bakker255@gmail.com,28.05.2026,06.06.2026,1301,TITALA,4335,1755,BOOKING CREATE ERROR: BRAK MOŻLIWOŚCI ZAŁOŻENIA REZERWACJI WINTERFEJSIE.,Titanic Alanya,"1315,91"
22.04.2026,86015354,laura.kravets221@gmail.com,27.04.2026,02.05.2026,1045,PICSHA,6820,1155,Not enough allotment,Pickalbatros Sharm El Sheikh,389.59
24.04.2026,95883279,julia.larsen163@yahoo.com,16.06.2026,25.06.2026,1426,HILFUJ,1634,1155,Not enough allotment,Hilton Fujairah,887.79
28.04.2026,41162829,anna.berg761@hotmail.com,07.08.2026,16.08.2026,1178,MELBEN,2982,1225,There is already such a booking for this agent.,Meliá Benidorm,2858.66
06.04.2026,34390750,emma.bianchi719@proton.me,14.07.2026,23.07.2026,1178,MELBEN,2982,1054,Contractor calculation error.,Meliá Benidorm,1406.76 PLN
28.04.2026,21177910,james.lang478@outlook.com,10.08.2026,19.08.2026,2247,UNAVE1,2729,5704,  Improper reservation price.  ,UNA Hotels Venice Resort,1365.57
30.04.2026,14497675,anna.kravets682@yahoo.com,17.06.2026,22.06.2026, 1714,FALROV,9486,1155,Not enough allotment,Falkensteiner Rovinj,"1036,76"
12.04.2026,23631328,alice.garcia103@outlook.com,30.06.2026,05.07.2026,1301,VOYBOD,2512,1155,Not enough allotment,Voyage Bodrum,"3275,47"
10.04.2026,77988953,alice.schmidt648@proton.me,07.06.2026,16.06.2026,1045,HILHUR,5422,5704,  Improper reservation price.  ,Hilton Hurghada,3224.59
02.04.2026,32532600,olga.andersen96@hotmail.com,12.07.2026,17.07.2026,1301,BARAN1,8239,1755,Booking Create Error: Brak możliwości założenia rezerwacji winterfejsie.,Barut Hotels Antalya Resort,2500.90
21.04.2026,63841858,martin.schmidt977@hotmail.com,01.07.2026,10.07.2026,1178,HGRAXX,4899,1778,Booking Complete Error: Zablokowano allotment online.,H10 Hotels Gran Canaria,1435.68
01.04.2026,43282231,julia.meyer959@proton.me,11.07.2026,25.07.2026,4182,LOUAYI,5335,5704,Improper reservation price.,Louis Hotels Ayia Napa,1216.53
28.04.2026,72150455,maria.petrov7@hotmail.com,29.07.2026,01.08.2026,2653,VILLI1,2070,5704,Improper reservation price.,Vila Vita Parc Lisbon Resort,3775.35
25.04.2026,92362000,nina.weber169@hotmail.com,27.04.2026,11.05.2026,1045,CORMA1,2040,1225,There is already such a booking for this agent.,Coral Sea Marsa Alam Resort,3778.24
24.04.2026,73558440,laura.muller805@yahoo.com,03.07.2026,10.07.2026,1426,JUMSH1,1727,1155,Not enough allotment,Jumeirah Sharjah Resort,3062.49
03.04.2026,52399610,nina.weber600@outlook.com,13.07.2026,18.07.2026,1045,CORMAR,6925,1054,Contractor calculation error.,Coral Sea Marsa Alam,1864.94
01.04.2026,12895539,elena.fischer851@outlook.com,28.06.2026,03.07.2026,1178,BARPAL,2049,1155,Not enough allotment,Barceló Palma de Mallorca,408.17
11.04.2026,40693565,chris.kowalski637@proton.me,21.06.2026,24.06.2026,1301,VOYANT,9565,1155,Not enough allotment,Voyage Antalya,3102.32
13.04.2026,48178291,daniel.weber538@yahoo.com,07.04.2026,10.04.2026,1714,RADROV,5082,1054,Contractor calculation error.,Radisson Blu Rovinj,"339,70"
27.04.2026,20880123,thomas.johnson672@hotmail.com,03.05.2026,06.05.2026,4182,AMAAY1,3870,5704,Improper reservation price.,Amara Ayia Napa Resort,2067.92
01.04.2026,93415436,kate.dubois470@icloud.com,31.05.2026,03.06.2026,1045,HILTAB,5040,1732,Booking Payer Error: Brak wymaganego parametru,Hilton Taba,3958.07
15.04.2026,23108919,daniel.bakker592@proton.me,26.06.2026,03.07.2026,1045,SUNSH1,6930,1054,Contractor calculation error.,Sunwing Sharm El Sheikh,2431.19
13.04.2026,65008578,claire.dubois690@outlook.com,21.06.2026,05.07.2026,2653,VIDAL1,8827,1155,Not enough allotment,Vidamar Resorts Albufeira Resort,1623.07
01.04.2026,96979318,olga.johnson929@proton.me,14.05.2026,23.05.2026,1426,RADDU1,6143,1054,Contractor calculation error.,Radisson Blu Dubai Resort,3460.21
23.04.2026,14194388,kate.rossi557@gmail.com,28.06.2026,07.07.2026,1178,BARGRA,1993,1155,Not enough allotment,Barceló Gran Canaria,3899.03
19.04.2026,83914229,emma.muller34@gmail.com,01.06.2026,10.06.2026,1426,RADFUJ,2776,1755,  Booking Create Error: Brak możliwości założenia rezerwacji winterfejsie.  ,Radisson Blu Fujairah,1135.58
29.04.2026,92954945,sophie.bakker634@gmail.com,15.07.2026,24.07.2026,1714,AMASPL,9702,1467,  Booking Complete Error: Error Message : StopSale.  ,Amadria Park Split,1022.10 PLN
21.04.2026,86901486,alice.meyer840@hotmail.com,17.06.2026,26.06.2026,1426, RADRAS ,7528,1155,Not enough allotment,Radisson Blu Ras Al Khaimah,2716.75
06.04.2026,59014929,george.kowalski369@outlook.com,09.05.2026,14.05.2026,1301,RIXANT,1058,5704,Improper reservation price.,Rixos Antalya,4184.29
21.04.2026,33629662,emma.keller345@icloud.com,29.05.2026,07.06.2026,1426,AJMABU,2137,5704,Improper reservation price.,Ajman Saray Abu Dhabi,3649.50
10.04.2026,65139132,peter.wilson507@yahoo.com,23.04.2026,30.04.2026,1301, LIMKE1 ,8007,1732,Booking Payer Error: Brak wymaganego parametru,Limak Kemer Resort,3152.65
24.04.2026,59011649,alice.berg790@hotmail.com,21.06.2026,24.06.2026,1045,STESHA,3504,1155,  Not enough allotment  ,Steigenberger Sharm El Sheikh,2534.29
23.04.2026,94301757,irene.petrov993@outlook.com,21.05.2026,30.05.2026,1426,JUMFUJ,9379,1755,Booking Create Error: Brak możliwości założenia rezerwacji winterfejsie.,Jumeirah Fujairah,1217.80
07.04.2026,80595782,zofia.keller315@gmail.com,30.06.2026,09.07.2026,1301,CRYANT,7868,1155,Not enough allotment,Crystal Hotels Antalya,2796.87 PLN
11.04.2026,66543141,robert.schmidt276@yahoo.com,28.08.2026,02.09.2026,1045,RIXMAK,1750,1054,Contractor calculation error.,Rixos Makadi Bay,1018.74
21.04.2026,87052719,peter.schmidt597@yahoo.com,18.04.2026,25.04.2026,1301,TITALA,4335,1467,Booking Complete Error: Error Message : StopSale.,Titanic Alanya,968.02
04.04.2026,89293564,claire.smith341@gmail.com,26.06.2026,01.07.2026,1178,NHTENX,4510,1732,Booking Payer Error: Brak wymaganego parametru,NH Collection Tenerife,2812.96
18.04.2026,54855279,mark.moretti812@yahoo.com,28.06.2026,03.07.2026,1045,HILMAK,9751,1155,Not enough allotment,Hilton Makadi Bay,3359.16
07.04.2026,90156892,michael.keller427@icloud.com,14.04.2026,21.04.2026,1426,JUMABU,9785,5704,Improper reservation price.,Jumeirah Abu Dhabi,3023.69
23.04.2026,98220138,john.muller421@proton.me,14.05.2026,28.05.2026,4182,LOULA1,1653,1155,Not enough allotment,Louis Hotels Larnaca Resort,1956.86
26.04.2026,29338898,james.moretti857@gmail.com,30.08.2026,04.09.2026,1714,BLUMA1,5499,5704,Improper reservation price.,Bluesun Makarska Resort,2871.26
12.04.2026,57526460,kate.dubois30@proton.me,02.05.2026,07.05.2026,2653,VIDCAS,4138,5704,Improper reservation price.,Vidamar Resorts Cascais,3758.78
14.04.2026,61650472,martin.bianchi981@outlook.com,29.04.2026,02.05.2026,4182,OLYPRO,2330,1155,Not enough allotment,Olympic Lagoon Protaras,3931.91
28.04.2026,76184649,george.rossi800@hotmail.com,25.08.2026,01.09.2026,1178,OCCFUE,5073,1467,Booking Complete Error: Error Message : StopSale.,Occidental Fuerteventura,3937.47
04.04.2026,69998135,emma.keller945@hotmail.com,07.05.2026,10.05.2026,1426,ADDDU1,8066,1467,Booking Complete Error: Error Message : StopSale.,Address Hotels Dubai Resort,2389.53
24.04.2026,68174055,claire.moretti21@icloud.com,30.06.2026,14.07.2026,1045,HILSHA,1916,1054,Contractor calculation error.,Hilton Sharm El Sheikh,"3253,28"
19.04.2026,38545444,robert.lang827@outlook.com,04.07.2026,18.07.2026,1178,BAHCO1,3296,5704,Improper reservation price.,Bahia Principe Costa del Sol,523.38
11.04.2026,44227688,marta.novak41@yahoo.com,09.04.2026,23.04.2026,1178,IBEIBI,1964,1778,Booking Complete Error: Zablokowano allotment online.,Iberostar Ibiza,272.30
24.04.2026,72830616,simon.schmidt952@icloud.com,14.06.2026,17.06.2026,1045,HILHUR,5422,1155,Not enough allotment,Hilton Hurghada,-3826.42
28.04.2026,49856856,mark.moretti480@yahoo.com,08.05.2026,22.05.2026,1045,barsha,7227,1732,Booking Payer Error: Brak wymaganego parametru,Baron Resort Sharm El Sheikh,536.22
29.04.2026,37449289,thomas.roth290@icloud.com,04.06.2026,18.06.2026,4182,ATLLIM,3847,1155,NOT ENOUGH ALLOTMENT,Atlantica Limassol,"1816,70"
13.04.2026,34793325,olga.muller648@yahoo.com,17.07.2026,24.07.2026,2247,bagsic,9728,5704,Improper reservation price.,Baglioni Hotels Sicily,1202.64
12.04.2026,96021452,martin.kozlov968@hotmail.com,06.05.2026,13.05.2026,1301,TITANT,8508,1755,Booking Create Error: Brak możliwości założenia rezerwacji winterfejsie.,Titanic Antalya,1214.48
12.04.2026,64447809,mark.bakker276@icloud.com,03.08.2026,12.08.2026,1426,MARABU,2889,1467,Booking Complete Error: Error Message : StopSale.,Marriott Abu Dhabi,360.56
14.04.2026,14216463,peter.andersen319@outlook.com,19.06.2026,22.06.2026,1301,BARBEL,5325,5704,Improper reservation price.,Barut Hotels Belek,"2542,39"
03.04.2026,83614224,michael.lang314@yahoo.com,25.08.2026,08.09.2026,1178,IBEBEN,6804,5704,Improper reservation price.,Iberostar Benidorm,2008.76
26.04.2026,74101408,andrew.dubois845@gmail.com,22.04.2026,06.05.2026,1178,RIUPAL,8350,1155,Not enough allotment,RIU Palma de Mallorca,1863.58
17.04.2026,81658908,laura.wilson564@outlook.com,09.07.2026,14.07.2026,1301, BARKEM ,9666,1155,  Not enough allotment  ,Barut Hotels Kemer,4193.81
29.04.2026,51708177,john.nowak862@gmail.com,02.07.2026,07.07.2026,4182,CONAY1,7594,1732,Booking Payer Error: Brak wymaganego parametru,Constantinou Bros Ayia Napa Resort,2425.81
19.04.2026,30767364,simon.keller730@icloud.com,12.04.2026,17.04.2026,2653,PINFUN,4545,1155,Not enough allotment,Pine Cliffs Funchal (Madeira),3382.20
20.04.2026,65008578,peter.novak438@icloud.com,21.06.2026,05.07.2026,2653,VIDAL1,8827,1155,Not enough allotment,Vidamar Resorts Albufeira Resort,1623.07
22.04.2026,80492567,elena.lang829@gmail.com,19.04.2026,03.05.2026,1045,RIXTAB,5554,1467,Booking Complete Error: Error Message : StopSale.,Rixos Taba,3724.26
22.04.2026,74114251,mark.rossi253@proton.me,27.06.2026,30.06.2026,1045,CORTAB,7572,,Contractor calculation error.,Coral Sea Taba,2277.87
20.04.2026,95031405,george.dubois56@gmail.com,11.06.2026,16.06.2026, 1714,VALZAD,8611,1467,Booking Complete Error: Error Message : StopSale.,Valamar Zadar,978.09
18.04.2026,40129718,mark.costa590@outlook.com,26.05.2026,02.06.2026,1301,LIMSID,5002,1467,Booking Complete Error: Error Message : StopSale.,Limak Side,1079.11
14.04.2026,10902819,irene.kravets540@hotmail.com,24.06.2026,03.07.2026,1426, ROTSH1 ,7691,1155,NOT ENOUGH ALLOTMENT,Rotana Sharjah Resort,"1323,14"
28.04.2026,13610372,david.garcia136@outlook.com,11.08.2026,16.08.2026,1178,bahibi,3167,1755,Booking Create Error: Brak możliwości założenia rezerwacji winterfejsie.,Bahia Principe Ibiza,3168.66
30.04.2026,63124490,maria.larsen803@proton.me,21.06.2026,24.06.2026,1178,bahben,6539,,Booking Complete Error: Error Message : StopSale.,Bahia Principe Benidorm,3367.12
18.04.2026,89105321,anna.rossi855@outlook.com,01.08.2026,08.08.2026,2653,PESAL1,8216,1155,Not enough allotment,Pestana Albufeira Resort,"981,25"
12.04.2026,92285130,zofia.kozlov336@outlook.com,23.06.2026,02.07.2026,1045,STEMAR,3287,1755,Booking Create Error: Brak możliwości założenia rezerwacji winterfejsie.,Steigenberger Marsa Alam,3007.84
22.04.2026,56596314,paul.meyer332@hotmail.com,22.07.2026,29.07.2026,2653, DOMVIL ,4630,1467,Booking Complete Error: Error Message : StopSale.,Dom Pedro Vilamoura,"960,95"
22.04.2026,39070676,irene.moretti175@yahoo.com,02.07.2026,05.07.2026,1426,RADAB1,5844,1778,Booking Complete Error: Zablokowano allotment online.,Radisson Blu Abu Dhabi Resort,2024.35 PLN
02.04.2026,77396777,irene.kozlov399@proton.me,23.07.2026,28.07.2026,1178,HPALXX,4116,1155,Not enough allotment,H10 Hotels Palma de Mallorca,656.70
07.04.2026,59465107,anna.fischer499@icloud.com,09.06.2026,23.06.2026, 4182,ANAPA1,3037,1467,Booking Complete Error: Error Message : StopSale.,Anassa Paphos Resort,3941.37
19.04.2026,93135800,james.moretti140@yahoo.com,06.05.2026,15.05.2026,1301,MAXMAR,7484,1732,Booking Payer Error: Brak wymaganego parametru,Maxx Royal Marmaris,461.76
21.04.2026,55315433,alice.costa815@outlook.com,28.04.2026,12.05.2026,1714,BLUZAD,9976,5704,Improper reservation price.,Bluesun Zadar,3263.30
11.04.2026,24687093,anna.johnson407@icloud.com,12.05.2026,19.05.2026,1714,FALROV,9486,1467,BOOKING COMPLETE ERROR: ERROR MESSAGE : STOPSALE.,Falkensteiner Rovinj,1197.24
08.04.2026,17055329,irene.moretti745@icloud.com,29.06.2026,04.07.2026,1178,BAHCO1,3296,1732,Booking Payer Error: Brak wymaganego parametru,Bahia Principe Costa del Sol,3896.47
12.04.2026,27282930,olga.weber495@gmail.com,13.07.2026,18.07.2026,1045,CORTAB,7572,1467,Booking Complete Error: Error Message : StopSale.,Coral Sea Taba,1059.87
24.04.2026,59789640,peter.bianchi691@yahoo.com,10.05.2026,13.05.2026,1426,MARFUJ,5564,5704,Improper reservation price.,Marriott Fujairah,2594.58
12.04.2026,25329370,daniel.weber55@icloud.com,17.03.2026,31.03.2026,1045,SUNSHA,6977,1467,Booking Complete Error: Error Message : StopSale.,Sunrise Sharm El Sheikh,2013.08
01.04.2026,90973889,thomas.novak94@proton.me,19.06.2026,26.06.2026,2247,NHSARX,1317,1732,Booking Payer Error: Brak wymaganego parametru,NH Collection Sardinia,409.30
02.04.2026,80403253,james.kravets421@proton.me,18.08.2026,25.08.2026,1045,STEMAK,5304,1054,Contractor calculation error.,,325.67
27.04.2026,50399190,david.meyer830@gmail.com,16.05.2026,19.05.2026,1045,RIXHUR,4593,1155,  Not enough allotment  ,Rixos Hurghada,3318.17
14.04.2026,60213478,mark.meyer513@yahoo.com,13.06.2026,22.06.2026,1301,RIXSID,6617,1732,Booking Payer Error: Brak wymaganego parametru,Rixos Side,1794.98
19.04.2026,84013597,michael.dubois208@proton.me,11.05.2026,25.05.2026,1426,RADSH1,7888,1155,Not enough allotment,Radisson Blu Sharjah Resort,3758.49
28.04.2026,30372558,irene.bakker947@proton.me,30.05.2026,04.06.2026,1045,HILHUR,5422,1155,Not enough allotment,Hilton Hurghada,706.46
04.04.2026,25424203,emma.wagner540@outlook.com,23.06.2026,28.06.2026,4182,AMAPRO,5334,1155,Not enough allotment,Amara Protaras,1786.62
26.04.2026,14073573,andrew.dubois379@icloud.com,07.04.2026,10.04.2026,1301,MAXBOD,6718,1054,Contractor calculation error.,Maxx Royal Bodrum,3734.92
30.04.2026,63891165,emma.moretti218@proton.me,17.06.2026,22.06.2026,1045,BARMA1,7304,1755,BOOKING CREATE ERROR: BRAK MOŻLIWOŚCI ZAŁOŻENIA REZERWACJI WINTERFEJSIE.,Baron Resort Makadi Bay Resort,1548.45
15.04.2026,67914063,george.larsen684@outlook.com,06.06.2026,20.06.2026,1045,HILMAK,9751,1732,Booking Payer Error: Brak wymaganego parametru,,2857.20
21.04.2026,68233497,andrew.dubois511@proton.me,02.05.2026,05.05.2026,1178,HCOSXX,7939,1755,Booking Create Error: Brak możliwości założenia rezerwacji winterfejsie.,H10 Hotels Costa del Sol,"2159,41"
22.04.2026,83301442,chris.smith234@outlook.com,03.04.2026,12.04.2026, 1178,RIUPAL,8350,1155,Not enough allotment,RIU Palma de Mallorca,914.94
22.04.2026,60182714,julia.moretti144@proton.me,19.06.2026,03.07.2026,2247,THSIC1,8921,1755,Booking Create Error: Brak możliwości założenia rezerwacji winterfejsie.,Th Resorts Sicily Resort,3023.28
28.04.2026,50031322,marta.novak980@yahoo.com,03.07.2026,08.07.2026,1045,SUNEL1,8019,1155,Not enough allotment,Sunrise El Gouna,891.11
07.04.2026,91971952,alice.johnson573@gmail.com,06.05.2026,13.05.2026,1045,RIXSHA,3621,1054,Contractor calculation error.,Rixos Sharm El Sheikh,"2723,43"
12.04.2026,91498722,emma.costa683@proton.me,11.06.2026,20.06.2026,1301,LIMBE1,2832,1467,Booking Complete Error: Error Message : StopSale.,Limak Belek Resort,"1193,09"
03.04.2026,48619326,alice.kowalski839@proton.me,29.06.2026,04.07.2026,1178, IBEIBI ,1964,1467,Booking Complete Error: Error Message : StopSale.,Iberostar Ibiza,2677.52
11.04.2026,58601581,michael.kravets822@gmail.com,06.04.2026,11.04.2026,1714,SUNDUB,5246,5704,Improper reservation price.,Sun Gardens Dubrovnik,1632.75
18.04.2026,69611267,olga.muller762@proton.me,18.07.2026,23.07.2026,4182, LOULAR ,1534,1467,Booking Complete Error: Error Message : StopSale.,Louis Hotels Larnaca,"3368,19"
21.04.2026,53362410,chris.kravets891@outlook.com,07.06.2026,21.06.2026,1301,TITMAR,5669,1225,  There is already such a booking for this agent.  ,Titanic Marmaris,1470.18
25.04.2026,35427499,andrew.costa506@hotmail.com,21.05.2026,28.05.2026,1178,BAHFUE,8260,1755,Booking Create Error: Brak możliwości założenia rezerwacji winterfejsie.,Bahia Principe Fuerteventura,1840.63
23.04.2026,75218296,olga.andersen819@yahoo.com,19.06.2026,26.06.2026,1045,HILMAR,5386,1755,Booking Create Error: Brak możliwości założenia rezerwacji winterfejsie.,Hilton Marsa Alam,"2757,80"
08.04.2026,46415941,george.bianchi504@proton.me,07.05.2026,21.05.2026,2653,DOMFUN,5530,1155,  Not enough allotment  ,Dom Pedro Funchal (Madeira),"2595,78"
20.04.2026,45418333,chris.costa697@yahoo.com,14.06.2026,23.06.2026,1178,MELFUE,5562,1155,Not enough allotment,Meliá Fuerteventura,3130.58
28.04.2026,31057261,irene.larsen489@outlook.com,26.03.2026,31.03.2026, 1178,HPALXX,4116,5704,  Improper reservation price.  ,H10 Hotels Palma de Mallorca,
04.04.2026,16994362,simon.keller588@yahoo.com,04.06.2026,18.06.2026,1178,hcosxx,7939,1467,Booking Complete Error: Error Message : StopSale.,H10 Hotels Costa del Sol,476.85
03.04.2026,64298766,elena.keller869@hotmail.com,26.03.2026,02.04.2026,1301,LIMSID,5002,1054,Contractor calculation error.,Limak Side,2160.69
29.04.2026,88457155,olga.novak934@yahoo.com,09.06.2026,16.06.2026,1301,LIMMAR,5956,1155,Not enough allotment,Limak Marmaris,359.54
14.04.2026,61579960,daniel.rossi745@gmail.com,07.05.2026,14.05.2026,1045,PICELX,4752,1467,  Booking Complete Error: Error Message : StopSale.  ,Pickalbatros El Gouna,3593.91
25.04.2026,73446008,robert.larsen218@gmail.com,10.05.2026,19.05.2026,1301,VOYMAR,2753,1467,Booking Complete Error: Error Message : StopSale.,Voyage Marmaris,456.92
10.04.2026,98690056,simon.muller260@icloud.com,22.06.2026,29.06.2026,1178,BARIBI,4750,1054,Contractor calculation error.,,"3044,09"
26.04.2026,53775151,nina.weber652@gmail.com,04.06.2026,11.06.2026,1426,ADDFU1,5173,1467,Booking Complete Error: Error Message : StopSale.,Address Hotels Fujairah Resort,1132.89
07.04.2026,39921388,chris.fischer665@gmail.com,30.06.2026,14.07.2026,1178,IBECO1,2235,1755,  Booking Create Error: Brak możliwości założenia rezerwacji winterfejsie.  ,Iberostar Costa del Sol,4125.36
13.04.2026,58956912,simon.smith526@yahoo.com,18.05.2026,27.05.2026,2653,DOMVI1,3073,5704,Improper reservation price.,Dom Pedro Vilamoura Resort,2464.84
28.04.2026,72171344,emma.johnson590@icloud.com,30.05.2026,08.06.2026,1178, RIUIBI ,2790,1155,Not enough allotment,RIU Ibiza,395.92
17.04.2026,76591543,james.meyer538@proton.me,18.05.2026,27.05.2026,4182,CONAY1,7594,1467,Booking Complete Error: Error Message : StopSale.,Constantinou Bros Ayia Napa Resort,1698.37
29.04.2026,44744624,martin.keller414@icloud.com,18.06.2026,02.07.2026,1178,BARTEN,2163,1054,Contractor calculation error.,Barceló Tenerife,705.45
07.04.2026,95592608,julia.dubois861@yahoo.com,05.08.2026,10.08.2026,1178,MELFUE,5562,1467,Booking Complete Error: Error Message : StopSale.,Meliá Fuerteventura,1627.38
11.04.2026,16108651,mark.keller701@proton.me,14.07.2026,28.07.2026,1426,ROTAB1,7211,1155,Not enough allotment,Rotana Abu Dhabi Resort,2773.95 PLN
03.04.2026,14740436,anna.moretti132@proton.me,16.06.2026,25.06.2026,1178,IBECO1,2235,1467,Booking Complete Error: Error Message : StopSale.,Iberostar Costa del Sol,2552.94
09.04.2026,79226031,john.fischer887@outlook.com,01.04.2026,06.04.2026,1045,STEMAR,3287,5704,Improper reservation price.,Steigenberger Marsa Alam,4126.58
13.04.2026,18861468,mark.keller458@icloud.com,19.04.2026,26.04.2026,2653,VIDPOR,8753,1467,Booking Complete Error: Error Message : StopSale.,Vidamar Resorts Porto,1683.61
10.04.2026,63566592,john.berg105@proton.me,18.07.2026,01.08.2026,1426,JUMSH1,1727,1155,Not enough allotment,Jumeirah Sharjah Resort,3542.51
05.04.2026,26901144,paul.fischer456@proton.me,16.03.2026,30.03.2026,1045, STEHUR ,4598,5704,Improper reservation price.,Steigenberger Hurghada,3743.62
10.04.2026,16982290,anna.rossi65@hotmail.com,05.08.2026,10.08.2026,2653,VILAL1,4180,1225,There is already such a booking for this agent.,Vila Vita Parc Albufeira Resort,3569.65
09.04.2026,27018505,kate.bianchi717@outlook.com,21.04.2026,28.04.2026, 1045,RIXSHA,3621,1155,Not enough allotment,Rixos Sharm El Sheikh,1383.40
11.04.2026,80674136,marta.rossi439@icloud.com,07.06.2026,14.06.2026,1178,RIUCO1,1828,1467,  Booking Complete Error: Error Message : StopSale.  ,RIU Costa del Sol,"1773,80"
01.04.2026,73319051,irene.kravets205@hotmail.com,17.04.2026,20.04.2026,2653, PESPO1 ,2680,5704,Improper reservation price.,Pestana Porto Resort,"4184,89"
22.04.2026,30561058,alice.garcia804@outlook.com,11.05.2026,16.05.2026,1426,RADSH1,7888,1054,Contractor calculation error.,Radisson Blu Sharjah Resort,297.50
25.04.2026,75232435,martin.kravets892@yahoo.com,21.05.2026,26.05.2026,2247,VALRIM,5198,1732,Booking Payer Error: Brak wymaganego parametru,Valtur Rimini,824.09
10.04.2026,74115841,zofia.lang105@gmail.com,12.05.2026,17.05.2026,1045,RIXELX,5010,1155,Not enough allotment,Rixos El Gouna,529.77
12.04.2026,20140990,chris.kravets257@hotmail.com,27.07.2026,03.08.2026,1714,AMARO1,8939,5704,Improper reservation price.,Amadria Park Rovinj Resort,3670.70
26.04.2026,24321446,mark.moretti847@icloud.com,11.05.2026,14.05.2026,1045,HILTAB,5040,1155,Not enough allotment,Hilton Taba,"1694,96"
17.04.2026,32414530,michael.nowak883@hotmail.com,30.04.2026,05.05.2026,1045,CORTAB,7572,1155,Not enough allotment,Coral Sea Taba,440.96
02.04.2026,16640542,zofia.garcia715@proton.me,30.04.2026,14.05.2026,4182,analim,5632,1155,NOT ENOUGH ALLOTMENT,Anassa Limassol,1768.46
11.04.2026,95912365,elena.johnson941@outlook.com,19.05.2026,02.06.2026,2247,BLUVEN,2669,1155,Not enough allotment,Bluserena Venice,3468.71
24.04.2026,41890372,alice.kowalski756@outlook.com,24.05.2026,02.06.2026,1301,DELKEM,5915,1155,Not enough allotment,Delphin Kemer,312.01
15.04.2026,84797064,john.schmidt899@proton.me,12.04.2026,21.04.2026,1045,BARHUR,1525,1155,  Not enough allotment  ,Baron Resort Hurghada,"3023,09"
17.04.2026,96364402,martin.kowalski856@icloud.com,24.06.2026,29.06.2026,1045,RIXMAK,1750,1467,Booking Complete Error: Error Message : StopSale.,Rixos Makadi Bay,"831,54"
28.04.2026,36040674,david.garcia190@icloud.com,10.04.2026,19.04.2026,2653,TIVLIS,8800,5704,Improper reservation price.,Tivoli Lisbon,2010.31
20.04.2026,34798930,claire.johnson951@gmail.com,11.08.2026,25.08.2026,1714,amarov,2193,5704,Improper reservation price.,Amadria Park Rovinj,"746,78"
13.04.2026,29710954,alice.novak942@proton.me,30.03.2026,06.04.2026,1178,HIBIXX,9834,1732,Booking Payer Error: Brak wymaganego parametru,H10 Hotels Ibiza,1260.12
04.04.2026,46568726,daniel.weber411@yahoo.com,01.07.2026,04.07.2026,1045,JAZSHA,8517,1054,Contractor calculation error.,Jaz Sharm El Sheikh,3212.17
17.04.2026,24682288,david.dubois414@proton.me,20.06.2026,27.06.2026,4182,CONLI1,6280,1054,Contractor calculation error.,Constantinou Bros Limassol Resort,3356.90 PLN
11.04.2026,54479677,daniel.johnson937@icloud.com,30.05.2026,08.06.2026,1045,SUNMA1,9179,1155,Not enough allotment,Sunrise Marsa Alam,3488.52
18.04.2026,32214080,olga.petrov764@yahoo.com,20.08.2026,23.08.2026,1301,DELBEL,3584,1054,Contractor calculation error.,Delphin Belek,1667.79
11.04.2026,88918373,zofia.berg254@yahoo.com,11.08.2026,16.08.2026,1301,cryan1,3143,1467,Booking Complete Error: Error Message : StopSale.,Crystal Hotels Antalya Resort,3863.51
18.04.2026,66812324,nina.muller140@gmail.com,01.06.2026,15.06.2026,1045,PICTAB,7543,5704,Improper reservation price.,Pickalbatros Taba,2824.31
11.04.2026,90432789,peter.costa804@proton.me,30.06.2026,09.07.2026,1045,STEMAR,3287,1155,Not enough allotment,Steigenberger Marsa Alam,3490.70
07.04.2026,61192844,maria.schmidt278@proton.me,25.06.2026,09.07.2026,1045,RIXTAB,5554,1755,Booking Create Error: Brak możliwości założenia rezerwacji winterfejsie.,Rixos Taba,3608.60
22.04.2026,56321751,elena.larsen393@yahoo.com,07.07.2026,16.07.2026,1301,BARALA,3144,1755,Booking Create Error: Brak możliwości założenia rezerwacji winterfejsie.,Barut Hotels Alanya,1563.14
01.04.2026,52726795,kate.andersen767@outlook.com,10.05.2026,24.05.2026,1426,ROTDU1,6967,5704,IMPROPER RESERVATION PRICE.,Rotana Dubai Resort,3154.11
10.04.2026,86978840,sophie.berg517@gmail.com,18.07.2026,21.07.2026,1426,AJMFU1,4228,1755,Booking Create Error: Brak możliwości założenia rezerwacji winterfejsie.,Ajman Saray Fujairah Resort,346.97
22.04.2026,53666420,michael.weber262@outlook.com,19.08.2026,22.08.2026,1301,LIMALA,9808,1467,Booking Complete Error: Error Message : StopSale.,Limak Alanya,3161.52
20.04.2026,82455682,julia.lang484@icloud.com,24.03.2026,02.04.2026,1301,VOYBEL,2200,1225,There is already such a booking for this agent.,Voyage Belek,"258,62"
25.04.2026,29413370,michael.petrov284@yahoo.com,18.08.2026,27.08.2026,2247,MANSA1,1207,1155,Not enough allotment,Mangia's Resorts Sardinia Resort,1370.45
21.04.2026,65243509,peter.kowalski649@gmail.com,10.06.2026,15.06.2026,1301,VOYAN1,5291,1155,  Not enough allotment  ,Voyage Antalya Resort,3879.14
13.04.2026,20892215,laura.moretti88@icloud.com,24.06.2026,01.07.2026,1178,BAHIBI,3167,5704,Improper reservation price.,Bahia Principe Ibiza,2873.96
21.04.2026,95452121,andrew.schmidt543@yahoo.com,22.05.2026,29.05.2026,1426,RADAB1,5844,1155,  Not enough allotment  ,Radisson Blu Abu Dhabi Resort,1598.88
08.04.2026,77978901,sophie.kowalski74@hotmail.com,24.05.2026,27.05.2026,2653,TIVAL1,4020,1467,Booking Complete Error: Error Message : StopSale.,Tivoli Albufeira Resort,2665.72
13.04.2026,39070676,robert.rossi742@proton.me,02.07.2026,05.07.2026,1426,RADAB1,5844,1732,Booking Payer Error: Brak wymaganego parametru,Radisson Blu Abu Dhabi Resort,2024.35 PLN
24.04.2026,99659144,robert.kowalski801@outlook.com,10.07.2026,13.07.2026,2653,PESPO1,2680,1467,Booking Complete Error: Error Message : StopSale.,Pestana Porto Resort,3632.05 PLN
20.04.2026,55260386,zofia.schmidt179@gmail.com,15.05.2026,29.05.2026,4182,CONAY1,7594,1467,Booking Complete Error: Error Message : StopSale.,Constantinou Bros Ayia Napa Resort,2721.99
26.04.2026,59493703,alice.kravets697@outlook.com,22.06.2026,25.06.2026,1045,BARSHA,7227,1467,Booking Complete Error: Error Message : StopSale.,Baron Resort Sharm El Sheikh,"1534,19"
10.04.2026,42791876,anna.kravets904@gmail.com,13.05.2026,16.05.2026,1426,AJMABU,2137,1755,Booking Create Error: Brak możliwości założenia rezerwacji winterfejsie.,Ajman Saray Abu Dhabi,4014.71
08.04.2026,81794497,marta.keller775@yahoo.com,17.07.2026,20.07.2026,1178,NHCOSX,8651,5704,Improper reservation price.,NH Collection Costa del Sol,"3674,46"
11.04.2026,67213476,marta.fischer76@gmail.com,11.05.2026,20.05.2026,1426, HILFUJ ,1634,1778,Booking Complete Error: Zablokowano allotment online.,Hilton Fujairah,2960.09
23.04.2026,88952163,peter.meyer954@icloud.com,04.08.2026,13.08.2026,1301,MAXBOD,6718,1054,Contractor calculation error.,Maxx Royal Bodrum,"2457,93"
02.04.2026,33629662,thomas.andersen715@outlook.com,29.05.2026,07.06.2026,1426,AJMABU,2137,5704,Improper reservation price.,Ajman Saray Abu Dhabi,
12.04.2026,57825619,alice.kravets417@outlook.com,08.05.2026,15.05.2026,1301,CRYANT,7868,1155,Not enough allotment,,3808.43
28.04.2026,85589440,michael.schmidt797@yahoo.com,02.08.2026,11.08.2026,1301,CRYMAR,4492,1155,Not enough allotment,Crystal Hotels Marmaris,2379.68
26.04.2026,85004808,julia.larsen610@outlook.com,23.06.2026,02.07.2026,1301,LIMBE1,2832,1732,  Booking Payer Error: Brak wymaganego parametru  ,Limak Belek Resort,755.02
15.04.2026,14098443,julia.roth124@icloud.com,24.06.2026,08.07.2026,1301,MAXANT,3546,1155,Not enough allotment,Maxx Royal Antalya,3470.51
25.04.2026,64527181,martin.petrov798@proton.me,05.05.2026,19.05.2026,1301, TITBOD ,5345,5704,Improper reservation price.,Titanic Bodrum,1654.59
23.04.2026,27217582,david.garcia962@gmail.com,17.07.2026,22.07.2026,1045,SUNSH1,6930,1054,  Contractor calculation error.  ,Sunwing Sharm El Sheikh,2196.41
25.04.2026,46585687,peter.roth889@gmail.com,29.04.2026,13.05.2026,1301,CRYANT,7868,1755,Booking Create Error: Brak możliwości założenia rezerwacji winterfejsie.,Crystal Hotels Antalya,1895.47
19.04.2026,29457977,anna.meyer435@icloud.com,10.05.2026,19.05.2026,1426,raddu1,6143,1225,There is already such a booking for this agent.,Radisson Blu Dubai Resort,1414.43
14.04.2026,55209639,andrew.moretti438@yahoo.com,29.05.2026,12.06.2026,1045,JAZTAB,2489,1467,Booking Complete Error: Error Message : StopSale.,Jaz Taba,1329.79
05.04.2026,30772136,nina.roth756@outlook.com,01.06.2026,08.06.2026,1301,LIMBEL,4910,1155,Not enough allotment,Limak Belek,1736.70
11.04.2026,50071267,kate.nowak151@outlook.com,08.07.2026,13.07.2026,2247,UNASAR,6096,1755,Booking Create Error: Brak możliwości założenia rezerwacji winterfejsie.,UNA Hotels Sardinia,-1954.82
24.04.2026,63143336,david.larsen75@gmail.com,13.07.2026,16.07.2026,1301, VOYBOD ,2512,1155,NOT ENOUGH ALLOTMENT,Voyage Bodrum,1255.11
03.04.2026,45332312,thomas.roth380@yahoo.com,01.05.2026,04.05.2026,2247,BAGROM,5941,8056,Wrong room configuration,Baglioni Hotels Rome,2292.20
28.04.2026,88399481,simon.bakker939@outlook.com,18.05.2026,25.05.2026,1178,BAHFUE,8260,1155,  Not enough allotment  ,Bahia Principe Fuerteventura,1770.92
05.04.2026,83765077,marta.larsen357@outlook.com,10.06.2026,13.06.2026,1301,delmar,9280,5704,Improper reservation price.,Delphin Marmaris,
01.04.2026,45426238,marta.andersen67@icloud.com,12.06.2026,19.06.2026,1714,BLUMA1,5499,1054,Contractor calculation error.,Bluesun Makarska Resort,
27.04.2026,71922800,elena.schmidt805@hotmail.com,30.05.2026,06.06.2026,1714,SUNMA4,4919,1225,There is already such a booking for this agent.,Sun Gardens Makarska Resort,1481.96
18.04.2026,95110541,kate.nowak365@hotmail.com,03.06.2026,06.06.2026,1426,JUMSH1,1727,1155,Not enough allotment,Jumeirah Sharjah Resort,1329.64 PLN
05.04.2026,33793492,john.johnson4@proton.me,07.05.2026,12.05.2026, 1045,SUNEL1,8019,1054,Contractor calculation error.,Sunrise El Gouna,382.71 PLN
23.04.2026,55722553,david.bianchi789@proton.me,02.08.2026,11.08.2026,1714,BLUSP1,2320,5704,Improper reservation price.,Bluesun Split Resort,3378.06
07.04.2026,77123368,george.andersen362@gmail.com,14.06.2026,17.06.2026,1045,STEMAR,3287,1155,Not enough allotment,Steigenberger Marsa Alam,"1909,94"
18.04.2026,48848936,zofia.bianchi180@yahoo.com,26.06.2026,03.07.2026,2653,PESPO1,2680,1155,Not enough allotment,Pestana Porto Resort,1546.08
05.04.2026,44418169,sophie.schmidt213@yahoo.com,11.04.2026,20.04.2026,1426,ROTDUB,4652,1467,Booking Complete Error: Error Message : StopSale.,Rotana Dubai,2754.10
12.04.2026,39990423,anna.garcia752@icloud.com,22.06.2026,06.07.2026,1178,IBEGRA,9479,1054,Contractor calculation error.,Iberostar Gran Canaria,2487.97
29.04.2026,54924348,julia.petrov314@yahoo.com,16.05.2026,25.05.2026,2653,VILALB,4937,1155,Not enough allotment,Vila Vita Parc Albufeira,1579.85 PLN
04.04.2026,61492407,simon.wilson577@gmail.com,26.04.2026,01.05.2026,1178,NHIBIX,7912,1155,Not enough allotment,NH Collection Ibiza,4128.25
23.04.2026,10497585,olga.johnson588@yahoo.com,06.08.2026,11.08.2026,1178,HBENXX,8579,1755,Booking Create Error: Brak możliwości założenia rezerwacji winterfejsie.,H10 Hotels Benidorm,"3632,45"
08.04.2026,45986064,emma.bianchi434@hotmail.com,22.05.2026,31.05.2026,2653,TIVLI1,5853,1755,Booking Create Error: Brak możliwości założenia rezerwacji winterfejsie.,Tivoli Lisbon Resort,"2728,24"
10.04.2026,93008294,paul.novak602@hotmail.com,29.06.2026,08.07.2026,1178,riufue,7669,1155,Not enough allotment,RIU Fuerteventura,"3805,02"
28.04.2026,21162108,nina.kowalski867@hotmail.com,11.06.2026,14.06.2026,4182,AMAPR1,5415,,Improper reservation price.,Amara Protaras Resort,3481.01
27.04.2026,59738823,marta.lang839@proton.me,01.09.2026,08.09.2026,2653,VILLIS,6169,1467,Booking Complete Error: Error Message : StopSale.,Vila Vita Parc Lisbon,"1988,68"
01.04.2026,64367447,james.novak941@outlook.com,18.06.2026,27.06.2026,1045,JAZHUR,4456,1155,Not enough allotment,Jaz Hurghada,3500.53
10.04.2026,74964622,kate.nowak267@gmail.com,27.06.2026,11.07.2026,1178,HPALXX,4116,1155,Not enough allotment,H10 Hotels Palma de Mallorca,"2399,50"
10.04.2026,68760891,emma.andersen228@outlook.com,20.05.2026,27.05.2026, 1178,RIUBEN,8177,1755,Booking Create Error: Brak możliwości założenia rezerwacji winterfejsie.,RIU Benidorm,"2339,98"
25.04.2026,66794885,elena.nowak849@outlook.com,18.06.2026,27.06.2026,1301,voybel,2200,1732,  Booking Payer Error: Brak wymaganego parametru  ,Voyage Belek,2293.21
10.04.2026,44665942,anna.schmidt787@outlook.com,05.07.2026,10.07.2026,1045,CORMA1,2040,1054,Contractor calculation error.,Coral Sea Marsa Alam Resort,3471.99
16.04.2026,76482219,maria.weber761@outlook.com,28.04.2026,07.05.2026,2653,PESCAS,7971,1755,BOOKING CREATE ERROR: BRAK MOŻLIWOŚCI ZAŁOŻENIA REZERWACJI WINTERFEJSIE.,Pestana Cascais,"814,16"
09.04.2026,93045054,anna.berg599@gmail.com,14.06.2026,23.06.2026,1301,BARAN1,8239,1225,There is already such a booking for this agent.,Barut Hotels Antalya Resort,2240.16
04.04.2026,96917984,marta.larsen49@yahoo.com,10.05.2026,24.05.2026,1301,TITALA,4335,1732,Booking Payer Error: Brak wymaganego parametru,Titanic Alanya,419.89
01.04.2026,52718471,zofia.kowalski464@gmail.com,10.05.2026,15.05.2026,2653,VILFUN,9779,1155,Not enough allotment,Vila Vita Parc Funchal (Madeira),3491.30
19.04.2026,86634749,thomas.wilson853@hotmail.com,20.04.2026,23.04.2026,2653,VILLIS,6169,1054,Contractor calculation error.,Vila Vita Parc Lisbon,3151.20
18.04.2026,77534222,mark.schmidt711@icloud.com,27.05.2026,30.05.2026,1045, CORTAB ,7572,1155,Not enough allotment,Coral Sea Taba,1412.29 PLN
03.04.2026,10683656,paul.bianchi882@yahoo.com,22.04.2026,27.04.2026,1178,OCCGRA,1887,1755,BOOKING CREATE ERROR: BRAK MOŻLIWOŚCI ZAŁOŻENIA REZERWACJI WINTERFEJSIE.,Occidental Gran Canaria,"4147,97"
15.04.2026,43211214,simon.berg730@hotmail.com,15.07.2026,24.07.2026,1178,BARFUE,8953,1467,Booking Complete Error: Error Message : StopSale.,Barceló Fuerteventura,2845.35
19.04.2026,44057736,martin.lang246@icloud.com,03.08.2026,12.08.2026,1178,OCCCOS,4770,1155,Not enough allotment,Occidental Costa del Sol,"3718,80"
20.04.2026,17962450,mark.smith660@gmail.com,01.05.2026,04.05.2026,1045,BARELX,8573,1155,Not enough allotment,Baron Resort El Gouna,1859.85
21.04.2026,38859907,nina.wilson848@icloud.com,09.06.2026,23.06.2026,1045,HILTAB,5040,1155,Not enough allotment,Hilton Taba,1948.78
20.04.2026,78140811,elena.meyer569@yahoo.com,17.05.2026,24.05.2026,2247,NHROMX,1508,1155,Not enough allotment,NH Collection Rome,4011.77
07.04.2026,14359404,elena.dubois550@icloud.com,01.05.2026,15.05.2026,1301,LIMANT,2697,1755,Booking Create Error: Brak możliwości założenia rezerwacji winterfejsie.,Limak Antalya,3355.28
25.04.2026,25264920,sophie.kozlov505@outlook.com,04.06.2026,13.06.2026,1301,CRYBEL,2638,1778,Booking Complete Error: Zablokowano allotment online.,Crystal Hotels Belek,"1722,24"
20.04.2026,91839237,nina.rossi908@proton.me,10.07.2026,19.07.2026,1426,ADDDUB,1387,1155,Not enough allotment,Address Hotels Dubai,455.92
28.04.2026,92624794,john.kravets274@outlook.com,29.04.2026,13.05.2026,1301,CRYANT,7868,1054,Contractor calculation error.,Crystal Hotels Antalya,4083.64 PLN
09.04.2026,73804147,simon.muller12@hotmail.com,30.03.2026,08.04.2026,1301,limke1,8007,1155,Not enough allotment,Limak Kemer Resort,3901.79
29.04.2026,27166877,laura.bianchi774@proton.me,08.08.2026,13.08.2026,1045,STEMAK,5304,1225,There is already such a booking for this agent.,Steigenberger Makadi Bay,
17.04.2026,80382000,alice.weber812@yahoo.com,01.08.2026,08.08.2026,4182,OLYLAR,4457,1755,Booking Create Error: Brak możliwości założenia rezerwacji winterfejsie.,Olympic Lagoon Larnaca,"252,59"
16.04.2026,13461757,robert.bianchi721@icloud.com,12.04.2026,26.04.2026,1045,SUNSHA,6977,1155,Not enough allotment,Sunrise Sharm El Sheikh,4041.94
19.04.2026,71691749,david.rossi568@gmail.com,23.06.2026,26.06.2026, 1426,MARABU,2889,1467,Booking Complete Error: Error Message : StopSale.,Marriott Abu Dhabi,3253.79 PLN
05.04.2026,68421330,george.muller399@outlook.com,12.05.2026,15.05.2026,2653,tivvi1,6912,1054,Contractor calculation error.,Tivoli Vilamoura Resort,1433.70
08.04.2026,26702843,elena.johnson932@outlook.com,18.04.2026,02.05.2026,2653,vilpor,7625,1155,Not enough allotment,Vila Vita Parc Porto,3337.96
21.04.2026,35281262,chris.johnson825@hotmail.com,25.08.2026,01.09.2026,1178,OCCGRA,1887,1467,Booking Complete Error: Error Message : StopSale.,Occidental Gran Canaria,842.22
13.04.2026,26869160,chris.johnson794@icloud.com,03.05.2026,12.05.2026,1178,HFUEXX,1514,5704,Improper reservation price.,H10 Hotels Fuerteventura,3645.93
30.04.2026,40266345,john.kravets359@gmail.com,28.06.2026,05.07.2026,2247,THROMX,7071,1155,Not enough allotment,Th Resorts Rome,760.35
15.04.2026,96223229,maria.weber836@gmail.com,24.04.2026,27.04.2026,2653,VIDLIS,6764,5704,  Improper reservation price.  ,Vidamar Resorts Lisbon,4121.09
01.04.2026,12127354,paul.wilson47@yahoo.com,13.07.2026,22.07.2026,1426,MARDU1,9518,1225,  There is already such a booking for this agent.  ,Marriott Dubai Resort,4007.67
02.04.2026,92836863,sophie.novak558@icloud.com,21.03.2026,24.03.2026,1045,BARHUR,1525,1054,Contractor calculation error.,Baron Resort Hurghada,2024.30
21.04.2026,66906118,chris.berg715@gmail.com,15.07.2026,18.07.2026,1045,PICMAR,2169,8056,Wrong room configuration,Pickalbatros Marsa Alam,2924.28
07.04.2026,85345921,david.kravets852@outlook.com,24.07.2026,02.08.2026,1301,LIMMAR,5956,1467,Booking Complete Error: Error Message : StopSale.,Limak Marmaris,2794.40
12.04.2026,75913491,daniel.nowak109@icloud.com,05.05.2026,10.05.2026,2653,VIDLIS,6764,1155,Not enough allotment,Vidamar Resorts Lisbon,"3278,56"
28.04.2026,77534222,martin.nowak776@outlook.com,27.05.2026,30.05.2026,1045,CORTAB,7572,1467,Booking Complete Error: Error Message : StopSale.,Coral Sea Taba,1412.29
08.04.2026,67379655,mark.kowalski131@hotmail.com,29.03.2026,07.04.2026,1426,HILDU1,7311,1755,  Booking Create Error: Brak możliwości założenia rezerwacji winterfejsie.  ,Hilton Dubai Resort,"2720,61"
25.04.2026,58867631,chris.lang281@hotmail.com,27.05.2026,05.06.2026,1178,BARTEN,2163,1467,Booking Complete Error: Error Message : StopSale.,Barceló Tenerife,2299.58
16.04.2026,84033693,olga.moretti670@yahoo.com,14.06.2026,17.06.2026,1301,LIMSID,5002,1155,Not enough allotment,Limak Side,1279.43
10.04.2026,77837366,michael.nowak299@outlook.com,27.05.2026,30.05.2026,1178,NHPALX,9856,1732,  Booking Payer Error: Brak wymaganego parametru  ,NH Collection Palma de Mallorca,777.38
30.04.2026,82338977,andrew.lang53@hotmail.com,14.08.2026,23.08.2026,4182,ATLAY1,9199,1467,BOOKING COMPLETE ERROR: ERROR MESSAGE : STOPSALE.,Atlantica Ayia Napa Resort,3145.53
07.04.2026,32757919,andrew.meyer95@yahoo.com,20.07.2026,03.08.2026,1178,NHBENX,2588,5704,Improper reservation price.,NH Collection Benidorm,3977.37
06.04.2026,86046949,anna.muller577@gmail.com,15.05.2026,20.05.2026,1714,VALMAK,7547,1054,Contractor calculation error.,Valamar Makarska,2572.34
09.04.2026,42900372,daniel.wagner756@proton.me,30.06.2026,14.07.2026, 1301,LIMMAR,5956,1755,Booking Create Error: Brak możliwości założenia rezerwacji winterfejsie.,Limak Marmaris,"844,74"
28.04.2026,91146290,robert.bianchi702@proton.me,13.04.2026,16.04.2026,1045,SUNELX,3340,1467,Booking Complete Error: Error Message : StopSale.,Sunwing El Gouna,"3334,44"
14.04.2026,55375246,david.roth707@proton.me,14.05.2026,21.05.2026,2653,TIVALB,6023,1225,There is already such a booking for this agent.,Tivoli Albufeira,3877.19
08.04.2026,32708438,julia.smith731@gmail.com,01.05.2026,10.05.2026,1178,IBETEN,8397,1155,Not enough allotment,Iberostar Tenerife,482.71
15.04.2026,43041067,thomas.moretti474@icloud.com,25.03.2026,01.04.2026,1178, HIBIXX ,9834,1467,Booking Complete Error: Error Message : StopSale.,H10 Hotels Ibiza,3353.36
23.04.2026,60967151,sophie.schmidt75@gmail.com,11.08.2026,14.08.2026,1045,JAZMAR,9085,1155,Not enough allotment,Jaz Marsa Alam,
14.04.2026,39131204,kate.fischer996@outlook.com,25.08.2026,03.09.2026,1301,TITKEM,5114,1054,Contractor calculation error.,Titanic Kemer,2933.17
04.04.2026,31983567,john.smith420@proton.me,21.06.2026,28.06.2026,2653,PESVI1,5786,1155,Not enough allotment,Pestana Vilamoura Resort,3432.41
25.04.2026,52991650,anna.garcia551@proton.me,15.04.2026,20.04.2026,1301,LIMMAR,5956,1467,Booking Complete Error: Error Message : StopSale.,Limak Marmaris,2279.88
01.04.2026,28221377,kate.roth949@hotmail.com,20.06.2026,23.06.2026,1714,RADZA1,8633,8056,  Wrong room configuration  ,Radisson Blu Zadar Resort,3782.25
06.04.2026,80504584,kate.meyer659@proton.me,12.07.2026,21.07.2026,1301,CRYMAR,4492,1054,  Contractor calculation error.  ,Crystal Hotels Marmaris,1942.92
28.04.2026,13610372,david.garcia136@outlook.com,11.08.2026,16.08.2026,1178,bahibi,3167,1755,Booking Create Error: Brak możliwości założenia rezerwacji winterfejsie.,Bahia Principe Ibiza,3168.66
15.04.2026,10292428,michael.rossi786@icloud.com,06.07.2026,09.07.2026,1301,MAXBOD,6718,5704,Improper reservation price.,Maxx Royal Bodrum,3653.77
19.04.2026,29474068,maria.petrov696@gmail.com,18.05.2026,27.05.2026,1045,sunelx,3340,5704,  Improper reservation price.  ,Sunwing El Gouna,"3058,48"
13.04.2026,99878149,maria.kowalski917@icloud.com,02.07.2026,07.07.2026,2653,pesfun,4033,1732,Booking Payer Error: Brak wymaganego parametru,Pestana Funchal (Madeira),3777.64
01.04.2026,85834657,anna.bianchi678@proton.me,04.08.2026,18.08.2026,1045,JAZMAK,1771,1155,Not enough allotment,Jaz Makadi Bay,"1134,74"
06.04.2026,32225454,peter.nowak907@yahoo.com,29.04.2026,06.05.2026,2653,TIVALB,6023,1732,Booking Payer Error: Brak wymaganego parametru,Tivoli Albufeira,
13.04.2026,29289438,laura.roth497@icloud.com,24.07.2026,31.07.2026,1426,MARDUB,6728,1732,Booking Payer Error: Brak wymaganego parametru,Marriott Dubai,"300,95"
06.04.2026,34583488,olga.roth160@gmail.com,09.07.2026,12.07.2026,1178,BARTEN,2163,1732,Booking Payer Error: Brak wymaganego parametru,Barceló Tenerife,2159.85
29.04.2026,63566592,alice.smith288@proton.me,18.07.2026,01.08.2026,1426,JUMSH1,1727,1467,Booking Complete Error: Error Message : StopSale.,,"3542,51"
27.04.2026,63769921,irene.kravets693@outlook.com,12.06.2026,17.06.2026, 1301,VOYBEL,2200,1155,Not enough allotment,Voyage Belek,941.17
17.04.2026,21375216,elena.dubois120@yahoo.com,28.06.2026,12.07.2026,1426,AJMRA1,9308,1467,Booking Complete Error: Error Message : StopSale.,Ajman Saray Ras Al Khaimah Resort,2904.83
20.04.2026,98016489,elena.berg29@gmail.com,22.07.2026,27.07.2026,1178,OCCPAL,4006,1155,Not enough allotment,Occidental Palma de Mallorca,1179.57
30.04.2026,93228956,chris.costa810@hotmail.com,15.03.2026,20.03.2026,1426,ADDFUJ,8711,5704,  Improper reservation price.  ,Address Hotels Fujairah,3809.82
18.04.2026,26326206,maria.rossi371@outlook.com,21.06.2026,26.06.2026,4182,ATLPRO,5771,1755,Booking Create Error: Brak możliwości założenia rezerwacji winterfejsie.,Atlantica Protaras,2556.56
22.04.2026,38439577,peter.nowak250@yahoo.com,19.06.2026,03.07.2026,1045,DANTAB,5339,1225,There is already such a booking for this agent.,Dana Beach Taba,"2180,42"
27.04.2026,29797191,andrew.keller308@gmail.com,05.08.2026,14.08.2026,1714,FALMAK,8251,1155,Not enough allotment,Falkensteiner Makarska,3779.34 PLN
06.04.2026,80568301,irene.smith908@hotmail.com,30.03.2026,13.04.2026,1045,RIXTAB,5554,1732,Booking Payer Error: Brak wymaganego parametru,Rixos Taba,2376.79
20.04.2026,55735904,john.petrov722@proton.me,15.06.2026,20.06.2026,1045,RIXSHA,3621,1778,  Booking Complete Error: Zablokowano allotment online.  ,Rixos Sharm El Sheikh,3081.90
21.04.2026,76226301,irene.kravets778@hotmail.com,17.04.2026,26.04.2026,1301,BARBEL,5325,1054,Contractor calculation error.,Barut Hotels Belek,280.91
05.04.2026,45501578,peter.novak8@outlook.com,10.05.2026,17.05.2026,1045,SUNTAB,2654,1755,  Booking Create Error: Brak możliwości założenia rezerwacji winterfejsie.  ,Sunrise Taba,"3360,72"
17.04.2026,66726361,alice.kozlov370@proton.me,24.06.2026,29.06.2026,1045,HILMAK,9751,5704,  Improper reservation price.  ,,2249.31
09.04.2026,32845907,claire.fischer945@gmail.com,30.05.2026,04.06.2026,2653,PESPO1,2680,1467,Booking Complete Error: Error Message : StopSale.,Pestana Porto Resort,2425.47
28.04.2026,57128455,anna.nowak656@proton.me,21.05.2026,04.06.2026,1301,MAXBEL,5533,1225,There is already such a booking for this agent.,Maxx Royal Belek,3211.81
26.04.2026,60658162,emma.lang468@hotmail.com,02.06.2026,09.06.2026,2653,VIDALB,2976,8056,Wrong room configuration,Vidamar Resorts Albufeira,"1523,98"
29.04.2026,37435603,elena.garcia260@icloud.com,29.05.2026,03.06.2026,1045,HILHUR,5422,1155,Not enough allotment,Hilton Hurghada,3717.37
04.04.2026,76800348,marta.johnson681@icloud.com,01.06.2026,04.06.2026, 1045,STEMAK,5304,1225,There is already such a booking for this agent.,Steigenberger Makadi Bay,837.97
29.04.2026,13965137,mark.berg174@outlook.com,20.05.2026,29.05.2026,1045,SUNSHA,6977,1155,Not enough allotment,Sunrise Sharm El Sheikh,618.80
12.04.2026,89592307,chris.nowak377@proton.me,14.07.2026,17.07.2026,4182,OLYLI1,1339,1732,Booking Payer Error: Brak wymaganego parametru,Olympic Lagoon Limassol Resort,2110.01
21.04.2026,25732968,thomas.fischer850@icloud.com,23.05.2026,30.05.2026,2653,PINCAS,2647,1054,  Contractor calculation error.  ,Pine Cliffs Cascais,1128.72
23.04.2026,60064794,kate.meyer994@icloud.com,23.06.2026,28.06.2026,1301,LIMANT,2697,1155,Not enough allotment,Limak Antalya,3387.61
21.04.2026,37748106,daniel.bianchi881@outlook.com,11.04.2026,20.04.2026,2653,PESFUN,4033,8056,Wrong room configuration,Pestana Funchal (Madeira),2958.76
27.04.2026,22398601,robert.kowalski538@outlook.com,13.04.2026,18.04.2026, 1178,RIUGRA,4139,1225,THERE IS ALREADY SUCH A BOOKING FOR THIS AGENT.,RIU Gran Canaria,2681.03
18.04.2026,83252007,sophie.andersen442@icloud.com,14.06.2026,17.06.2026, 1301,TITBOD,5345,1778,Booking Complete Error: Zablokowano allotment online.,Titanic Bodrum,2097.96
10.04.2026,72298460,maria.wagner919@gmail.com,07.04.2026,14.04.2026,1045,SUNSHA,6977,1778,Booking Complete Error: Zablokowano allotment online.,Sunrise Sharm El Sheikh,2167.26
12.04.2026,55987725,thomas.garcia471@hotmail.com,24.07.2026,31.07.2026,2653,PESPOR,9698,8056,WRONG ROOM CONFIGURATION,Pestana Porto,"2758,92"
11.04.2026,49435019,irene.nowak599@proton.me,26.04.2026,10.05.2026,2653,TIVAL1,4020,1155,Not enough allotment,Tivoli Albufeira Resort,"275,10"
03.04.2026,95548674,andrew.kowalski328@outlook.com,16.05.2026,23.05.2026,1045, JAZELX ,4733,1467,Booking Complete Error: Error Message : StopSale.,Jaz El Gouna,851.15
09.04.2026,49413474,nina.lang953@yahoo.com,22.06.2026,29.06.2026,1301,DELBEL,3584,1467,BOOKING COMPLETE ERROR: ERROR MESSAGE : STOPSALE.,Delphin Belek,2831.28
29.04.2026,74625235,irene.berg918@outlook.com,07.05.2026,12.05.2026,2653,PINFUN,4545,1467,Booking Complete Error: Error Message : StopSale.,Pine Cliffs Funchal (Madeira),863.78
24.04.2026,75547360,david.dubois965@hotmail.com,04.06.2026,07.06.2026,4182,OLYPR1,8195,1467,Booking Complete Error: Error Message : StopSale.,Olympic Lagoon Protaras Resort,"3538,39"
15.04.2026,85842079,nina.kravets163@proton.me,24.07.2026,27.07.2026,1426,MARFUJ,5564,1054,Contractor calculation error.,Marriott Fujairah,2753.44
01.04.2026,98756599,michael.larsen801@yahoo.com,17.05.2026,20.05.2026,1426,AJMRA1,9308,1467,Booking Complete Error: Error Message : StopSale.,Ajman Saray Ras Al Khaimah Resort,4146.09
04.04.2026,46779698,thomas.moretti359@gmail.com,09.07.2026,14.07.2026,4182,CONPA1,1977,1225,There is already such a booking for this agent.,Constantinou Bros Paphos Resort,3396.93
13.04.2026,95912365,kate.kozlov418@gmail.com,19.05.2026,02.06.2026,2247,BLUVEN,2669,5704,Improper reservation price.,Bluserena Venice,3468.71
20.04.2026,37339300,sophie.larsen353@proton.me,25.06.2026,04.07.2026,1301,MAXBOD,6718,1467,BOOKING COMPLETE ERROR: ERROR MESSAGE : STOPSALE.,Maxx Royal Bodrum,1882.25
16.04.2026,70165940,irene.lang493@gmail.com,17.05.2026,31.05.2026,1045,PICSHA,6820,1155,Not enough allotment,Pickalbatros Sharm El Sheikh,"4072,52"
23.04.2026,87166763,john.johnson392@proton.me,10.05.2026,15.05.2026,1426,RADSH1,7888,1467,Booking Complete Error: Error Message : StopSale.,Radisson Blu Sharjah Resort,1640.38
16.04.2026,29042679,laura.berg335@hotmail.com,30.05.2026,02.06.2026,1045,dansha,2307,1155,Not enough allotment,Dana Beach Sharm El Sheikh,1338.07
02.04.2026,64012846,claire.muller638@icloud.com,12.07.2026,21.07.2026,1045,SUNSH1,6930,5704,Improper reservation price.,,1130.62
19.04.2026,91402818,sophie.moretti738@yahoo.com,26.06.2026,29.06.2026,1301,DELSID,9004,1155,  Not enough allotment  ,Delphin Side,2448.77
26.04.2026,78248170,john.wagner819@yahoo.com,10.06.2026,15.06.2026,1045,dantab,5339,1467,Booking Complete Error: Error Message : StopSale.,Dana Beach Taba,3784.19
05.04.2026,12188077,james.roth842@proton.me,13.04.2026,27.04.2026,1178,RIUIBI,2790,1054,Contractor calculation error.,RIU Ibiza,2294.56
20.04.2026,74052253,julia.moretti257@hotmail.com,20.07.2026,23.07.2026,4182,OLYAY1,8708,1054,Contractor calculation error.,Olympic Lagoon Ayia Napa Resort,"3159,85"
04.04.2026,84178346,peter.wilson824@icloud.com,19.06.2026,03.07.2026, 1301,voyala,5333,1755,Booking Create Error: Brak możliwości założenia rezerwacji winterfejsie.,Voyage Alanya,2646.76
08.04.2026,80097837,elena.novak765@proton.me,09.07.2026,12.07.2026,1301,VOYMAR,2753,1054,Contractor calculation error.,Voyage Marmaris,
08.04.2026,19296843,elena.bakker214@yahoo.com,28.05.2026,04.06.2026,2247,BLURI1,7882,1225,There is already such a booking for this agent.,Bluserena Rimini Resort,1543.47
13.04.2026,34772080,laura.weber649@gmail.com,07.06.2026,10.06.2026,1426,RADAB1,5844,1155,Not enough allotment,Radisson Blu Abu Dhabi Resort,1279.00
27.04.2026,29693143,sophie.andersen631@hotmail.com,03.06.2026,06.06.2026,1045,RIXMAR,9348,5704,Improper reservation price.,Rixos Marsa Alam,2860.48
03.04.2026,46291161,maria.bakker978@proton.me,23.06.2026,07.07.2026,1045,STEELX,3803,1054,Contractor calculation error.,Steigenberger El Gouna,3273.46
12.04.2026,44667265,robert.kozlov383@gmail.com,03.06.2026,12.06.2026,1045,BARMAK,4150,1155,Not enough allotment,Baron Resort Makadi Bay,2746.20
20.04.2026,36446456,peter.fischer471@outlook.com,27.05.2026,05.06.2026,1178,RIUBEN,8177,1054,Contractor calculation error.,RIU Benidorm,261.40
10.04.2026,52295635,alice.novak187@icloud.com,08.07.2026,13.07.2026,1045,CORSHA,9830,1467,  Booking Complete Error: Error Message : StopSale.  ,Coral Sea Sharm El Sheikh,3479.41
28.04.2026,49796475,andrew.wagner333@proton.me,29.03.2026,07.04.2026,4182,LOUAY1,5728,1467,Booking Complete Error: Error Message : StopSale.,Louis Hotels Ayia Napa Resort,3494.28
16.04.2026,97363169,elena.nowak490@gmail.com,18.07.2026,21.07.2026,1301,RIXSID,6617,1467,Booking Complete Error: Error Message : StopSale.,Rixos Side,1772.07
27.04.2026,90378849,james.costa934@hotmail.com,22.05.2026,29.05.2026,1178,IBEGRA,9479,1155,Not enough allotment,Iberostar Gran Canaria,2223.33 PLN
17.04.2026,65019090,zofia.rossi742@outlook.com,25.03.2026,28.03.2026,1301,DELANT,9288,1755,BOOKING CREATE ERROR: BRAK MOŻLIWOŚCI ZAŁOŻENIA REZERWACJI WINTERFEJSIE.,Delphin Antalya,2296.29
04.04.2026,61894582,george.moretti377@hotmail.com,18.06.2026,27.06.2026,1045,BARELX,8573,1054,Contractor calculation error.,Baron Resort El Gouna,1589.19
30.04.2026,71079355,kate.dubois613@gmail.com,08.08.2026,22.08.2026,1178,ibeco1,2235,1225,There is already such a booking for this agent.,Iberostar Costa del Sol,1844.47
30.04.2026,71288240,anna.meyer606@hotmail.com,22.04.2026,27.04.2026,1714,AMAZAD,7291,1155,Not enough allotment,Amadria Park Zadar,1762.58 PLN
03.04.2026,22187690,marta.schmidt584@icloud.com,30.06.2026,09.07.2026,1301,BARALA,3144,1155,Not enough allotment,Barut Hotels Alanya,3356.11
08.04.2026,22227594,peter.petrov718@proton.me,14.07.2026,17.07.2026,2653,VIDCAS,4138,1155,Not enough allotment,Vidamar Resorts Cascais,1387.25
23.04.2026,12947014,paul.kowalski216@proton.me,05.05.2026,14.05.2026,2653,PESPOR,9698,1155,Not enough allotment,Pestana Porto,1884.29
28.04.2026,87147665,maria.smith997@gmail.com,28.05.2026,31.05.2026,1045,sunma2,2796,1778,Booking Complete Error: Zablokowano allotment online.,Sunwing Makadi Bay,1609.29
19.04.2026,44613622,olga.dubois466@icloud.com,31.05.2026,09.06.2026,2247,BLUSIC,4978,1778,Booking Complete Error: Zablokowano allotment online.,Bluserena Sicily,809.56 PLN
18.04.2026,40038761,emma.kowalski660@outlook.com,16.05.2026,23.05.2026,2653,DOMCA1,3939,1054,Contractor calculation error.,Dom Pedro Cascais Resort,3930.53
22.04.2026,23259460,robert.wagner956@hotmail.com,20.08.2026,27.08.2026,1045,barhur,1525,5704,Improper reservation price.,Baron Resort Hurghada,4021.27
27.04.2026,73868261,anna.nowak818@icloud.com,18.06.2026,27.06.2026,1714,AMASPL,9702,1054,Contractor calculation error.,Amadria Park Split,3124.97
06.04.2026,63541768,julia.andersen799@icloud.com,27.04.2026,02.05.2026,1178,BARFUE,8953,1467,Booking Complete Error: Error Message : StopSale.,Barceló Fuerteventura,602.29
06.04.2026,85488864,laura.bakker633@hotmail.com,24.06.2026,27.06.2026,1301,VOYMAR,2753,1155,Not enough allotment,Voyage Marmaris,265.20
19.04.2026,98686570,robert.dubois628@proton.me,17.07.2026,24.07.2026,1426,MARRAS,4164,1155,Not enough allotment,Marriott Ras Al Khaimah,2526.79
07.04.2026,72131205,chris.garcia841@yahoo.com,08.08.2026,11.08.2026,1045,DANSHA,2307,1054,Contractor calculation error.,Dana Beach Sharm El Sheikh,1736.06
24.04.2026,18708366,martin.petrov381@outlook.com,05.06.2026,19.06.2026,1426,MARABU,2889,1054,Contractor calculation error.,Marriott Abu Dhabi,"1715,01"
14.04.2026,72907057,paul.berg905@yahoo.com,23.03.2026,06.04.2026,1301,TITBOD,5345,1467,  Booking Complete Error: Error Message : StopSale.  ,Titanic Bodrum,2598.10 PLN
16.04.2026,29000472,paul.kowalski5@icloud.com,12.06.2026,15.06.2026,1301,barsid,1832,1155,Not enough allotment,Barut Hotels Side,3666.12
04.04.2026,47890884,anna.bianchi479@proton.me,17.08.2026,26.08.2026,1178,BAHFUE,8260,1054,  Contractor calculation error.  ,Bahia Principe Fuerteventura,3135.90 PLN
10.04.2026,24336334,laura.meyer972@gmail.com,24.05.2026,29.05.2026,1714,AMASP1,9890,1155,  Not enough allotment  ,Amadria Park Split Resort,941.86
05.04.2026,97777422,peter.nowak68@proton.me,27.03.2026,05.04.2026,1045,HILMAK,9751,1467,BOOKING COMPLETE ERROR: ERROR MESSAGE : STOPSALE.,Hilton Makadi Bay,1499.15
12.04.2026,94646134,chris.moretti588@proton.me,15.04.2026,24.04.2026,1301,VOYMAR,2753,1155,NOT ENOUGH ALLOTMENT,Voyage Marmaris,3179.66
01.04.2026,11656329,john.kozlov923@hotmail.com,29.06.2026,08.07.2026,1301,DELBOD,2891,1155,Not enough allotment,Delphin Bodrum,1402.80
25.04.2026,81189728,julia.roth329@proton.me,21.07.2026,04.08.2026,1301,BARSID,1832,1467,Booking Complete Error: Error Message : StopSale.,Barut Hotels Side,1008.82
02.04.2026,25813415,andrew.wilson346@yahoo.com,14.06.2026,23.06.2026,1045,PICMAK,7482,1155,Not enough allotment,Pickalbatros Makadi Bay,
27.04.2026,77988953,martin.wagner238@icloud.com,07.06.2026,16.06.2026,1045,HILHUR,5422,1755,Booking Create Error: Brak możliwości założenia rezerwacji winterfejsie.,Hilton Hurghada,3224.59
24.04.2026,94575982,irene.lang828@hotmail.com,18.05.2026,27.05.2026,1714,FALDUB,8784,5704,Improper reservation price.,Falkensteiner Dubrovnik,1117.85
30.04.2026,54096618,marta.novak775@icloud.com,05.06.2026,10.06.2026,1301,TITSID,5616,1467,Booking Complete Error: Error Message : StopSale.,,3025.29
12.04.2026,46589765,sophie.keller515@proton.me,22.06.2026,06.07.2026, 1301,BARSID,1832,1225,There is already such a booking for this agent.,Barut Hotels Side,2952.35
21.04.2026,47237553,peter.meyer144@hotmail.com,06.06.2026,13.06.2026,2653,vilalb,4937,1225,There is already such a booking for this agent.,Vila Vita Parc Albufeira,
03.04.2026,15616707,paul.garcia21@yahoo.com,24.04.2026,29.04.2026,1045,JAZHUR,4456,1467,  Booking Complete Error: Error Message : StopSale.  ,Jaz Hurghada,303.88
03.04.2026,95747908,maria.berg401@gmail.com,30.06.2026,05.07.2026,2247,ROCSAR,4249,1467,Booking Complete Error: Error Message : StopSale.,Rocco Forte Sardinia,"777,97"
14.04.2026,13932056,john.meyer852@icloud.com,24.04.2026,27.04.2026,2653,PINLI1,1200,1467,Booking Complete Error: Error Message : StopSale.,Pine Cliffs Lisbon Resort,3396.31 PLN
06.04.2026,76323560,david.wagner833@outlook.com,04.07.2026,13.07.2026,1045,CORSHA,9830,1467,Booking Complete Error: Error Message : StopSale.,Coral Sea Sharm El Sheikh,718.12
18.04.2026,35039011,sophie.garcia549@yahoo.com,17.05.2026,24.05.2026,1045,STEMAK,5304,1467,Booking Complete Error: Error Message : StopSale.,Steigenberger Makadi Bay,1196.90
19.04.2026,42177848,paul.larsen849@proton.me,21.04.2026,26.04.2026,1178, OCCFUE ,5073,5704,Improper reservation price.,Occidental Fuerteventura,
27.04.2026,86667841,alice.costa151@gmail.com,07.06.2026,21.06.2026,1178,OCCPAL,4006,1225,There is already such a booking for this agent.,Occidental Palma de Mallorca,3806.80
11.04.2026,21671617,nina.andersen109@hotmail.com,31.05.2026,07.06.2026,1178,BAHGRA,6107,1467,Booking Complete Error: Error Message : StopSale.,Bahia Principe Gran Canaria,859.23
18.04.2026,63650974,andrew.andersen862@outlook.com,09.07.2026,16.07.2026,1045,RIXHUR,4593,1778,Booking Complete Error: Zablokowano allotment online.,Rixos Hurghada,"3684,31"
30.04.2026,10459152,olga.kowalski21@proton.me,02.04.2026,11.04.2026,2653,DOMVI1,3073,1732,Booking Payer Error: Brak wymaganego parametru,Dom Pedro Vilamoura Resort,2472.71 PLN
09.04.2026,94578152,james.andersen205@proton.me,31.05.2026,05.06.2026,1301,VOYANT,9565,5704,Improper reservation price.,Voyage Antalya,2001.45
08.04.2026,62843719,mark.dubois798@outlook.com,26.05.2026,09.06.2026,1178,BARPAL,2049,1467,Booking Complete Error: Error Message : StopSale.,Barceló Palma de Mallorca,"1680,10"
10.04.2026,33844885,paul.weber56@yahoo.com,30.06.2026,14.07.2026,1178,MELIBI,7596,5704,IMPROPER RESERVATION PRICE.,Meliá Ibiza,2328.59
16.04.2026,25153590,martin.kowalski222@hotmail.com,23.06.2026,07.07.2026,1301,DELAL1,3647,1467,Booking Complete Error: Error Message : StopSale.,Delphin Alanya Resort,1396.26
17.04.2026,90289763,martin.garcia952@yahoo.com,07.06.2026,10.06.2026,1045,HILTAB,5040,1054,CONTRACTOR CALCULATION ERROR.,Hilton Taba,268.43
09.04.2026,38033411,mark.schmidt406@yahoo.com,31.03.2026,05.04.2026,2247,ROCSAR,4249,1054,  Contractor calculation error.  ,Rocco Forte Sardinia,"2009,28"
03.04.2026,78673518,elena.novak254@gmail.com,04.04.2026,07.04.2026, 2653,DOMVI1,3073,1732,Booking Payer Error: Brak wymaganego parametru,Dom Pedro Vilamoura Resort,1932.72
09.04.2026,77408068,andrew.meyer903@yahoo.com,13.06.2026,22.06.2026, 1426,MARRAS,4164,1467,Booking Complete Error: Error Message : StopSale.,Marriott Ras Al Khaimah,-1382.94
10.04.2026,55350898,mark.bianchi988@outlook.com,11.04.2026,20.04.2026,1178,IBEFUE,5563,1467,Booking Complete Error: Error Message : StopSale.,Iberostar Fuerteventura,2265.32
09.04.2026,87475654,simon.kowalski916@yahoo.com,13.05.2026,27.05.2026,1045,JAZSHA,8517,8056,Wrong room configuration,Jaz Sharm El Sheikh,3954.78
09.04.2026,82283083,kate.larsen674@icloud.com,06.05.2026,09.05.2026,1301,BARBEL,5325,1467,Booking Complete Error: Error Message : StopSale.,Barut Hotels Belek,2444.31
02.04.2026,49536330,alice.roth789@outlook.com,24.06.2026,01.07.2026,1045,DANELX,4814,1225,  There is already such a booking for this agent.  ,Dana Beach El Gouna,2094.47
24.04.2026,94195455,thomas.kravets34@outlook.com,31.07.2026,03.08.2026,2653,DOMCA1,3939,,BOOKING COMPLETE ERROR: ERROR MESSAGE : STOPSALE.,Dom Pedro Cascais Resort,529.26
30.04.2026,22293104,marta.smith53@proton.me,20.04.2026,23.04.2026,1301,TITSID,5616,1755,Booking Create Error: Brak możliwości założenia rezerwacji winterfejsie.,Titanic Side,"388,20"
16.04.2026,56234566,laura.meyer144@hotmail.com,29.04.2026,04.05.2026,1301,BARSID,1832,1755,  Booking Create Error: Brak możliwości założenia rezerwacji winterfejsie.  ,Barut Hotels Side,1493.20
02.04.2026,56824602,zofia.nowak282@icloud.com,02.08.2026,05.08.2026,1426,MARSH1,5930,1054,CONTRACTOR CALCULATION ERROR.,Marriott Sharjah Resort,"1646,65"
04.04.2026,42063578,olga.larsen356@gmail.com,29.04.2026,08.05.2026,2653,PINCAS,2647,1155,Not enough allotment,Pine Cliffs Cascais,4046.00
03.04.2026,60170490,julia.johnson832@gmail.com,11.07.2026,25.07.2026,1714,FALZAD,3881,1155,Not enough allotment,Falkensteiner Zadar,1978.79
08.04.2026,38330916,emma.petrov870@gmail.com,27.07.2026,30.07.2026,1301,CRYALA,6464,5704,IMPROPER RESERVATION PRICE.,Crystal Hotels Alanya,339.66
17.04.2026,61908845,george.smith128@icloud.com,06.07.2026,13.07.2026,1178,bahco1,3296,1732,Booking Payer Error: Brak wymaganego parametru,Bahia Principe Costa del Sol,949.89 PLN
11.04.2026,95798748,anna.fischer236@icloud.com,11.06.2026,14.06.2026,1178,RIUIBI,2790,1155,  Not enough allotment  ,RIU Ibiza,3326.94 PLN
13.04.2026,34142912,claire.larsen801@proton.me,19.06.2026,22.06.2026,1301,BARALA,3144,1155,Not enough allotment,Barut Hotels Alanya,864.43
24.04.2026,68817904,david.moretti500@hotmail.com,13.08.2026,20.08.2026,4182,ATLLIM,3847,1225,There is already such a booking for this agent.,Atlantica Limassol,933.02
21.04.2026,77996124,martin.bianchi434@proton.me,16.03.2026,25.03.2026,1045,sunta1,3664,1755,Booking Create Error: Brak możliwości założenia rezerwacji winterfejsie.,Sunwing Taba,1381.63
26.04.2026,80138869,anna.garcia548@proton.me,08.06.2026,11.06.2026,1426,RADABU,6425,1054,Contractor calculation error.,Radisson Blu Abu Dhabi,"662,57"
27.04.2026,73193474,irene.lang84@hotmail.com,12.06.2026,26.06.2026,1714,SUNMA4,4919,1155,Not enough allotment,Sun Gardens Makarska Resort,3241.53
10.04.2026,12376967,david.wilson705@yahoo.com,14.07.2026,17.07.2026,2653,VIDALB,2976,1467,BOOKING COMPLETE ERROR: ERROR MESSAGE : STOPSALE.,Vidamar Resorts Albufeira,2015.96
03.04.2026,51937454,alice.muller319@icloud.com,17.07.2026,22.07.2026, 1301,BARAN1,8239,1054,Contractor calculation error.,Barut Hotels Antalya Resort,3800.87
11.04.2026,77856130,irene.rossi77@icloud.com,11.03.2026,16.03.2026,1301,VOYMAR,2753,5704,Improper reservation price.,Voyage Marmaris,
11.04.2026,50081515,marta.wagner992@hotmail.com,24.05.2026,27.05.2026,1301,DELBEL,3584,8056,Wrong room configuration,Delphin Belek,2651.03 PLN
18.04.2026,91795187,david.lang355@icloud.com,20.06.2026,04.07.2026,1714,RADMAK,2988,1155,Not enough allotment,Radisson Blu Makarska,2667.23
30.04.2026,62132081,chris.weber580@gmail.com,12.07.2026,17.07.2026,1714,FALDU1,9540,1155,  Not enough allotment  ,Falkensteiner Dubrovnik Resort,2647.39
17.04.2026,17734153,thomas.weber81@icloud.com,20.06.2026,29.06.2026,2247,BAGVEN,8758,1755,Booking Create Error: Brak możliwości założenia rezerwacji winterfejsie.,Baglioni Hotels Venice,2471.42
12.04.2026,55842323,george.fischer615@proton.me,18.06.2026,21.06.2026,1045,SUNSHA,6977,1054,Contractor calculation error.,Sunrise Sharm El Sheikh,997.95
20.04.2026,60268472,andrew.andersen472@hotmail.com,29.06.2026,06.07.2026,1178,MELTEN,2545,5704,Improper reservation price.,Meliá Tenerife,
17.04.2026,40043274,julia.andersen264@yahoo.com,08.07.2026,15.07.2026,2653,VILCAS,4986,1467,  Booking Complete Error: Error Message : StopSale.  ,Vila Vita Parc Cascais,820.41
02.04.2026,81600765,mark.petrov106@proton.me,06.06.2026,09.06.2026,1178,BARCOS,8744,1155,Not enough allotment,Barceló Costa del Sol,1126.68
24.04.2026,18036910,alice.kravets705@gmail.com,10.06.2026,19.06.2026,1426,MARAB1,4143,1467,Booking Complete Error: Error Message : StopSale.,Marriott Abu Dhabi Resort,"972,05"
20.04.2026,54733168,olga.garcia161@hotmail.com,23.04.2026,26.04.2026,1426,HILFUJ,1634,1054,Contractor calculation error.,Hilton Fujairah,3853.30
27.04.2026,95899843,thomas.costa888@proton.me,18.08.2026,25.08.2026,1301,RIXSID,6617,1467,Booking Complete Error: Error Message : StopSale.,Rixos Side,"1158,77"
01.04.2026,27982209,laura.berg242@yahoo.com,26.06.2026,01.07.2026,1178,OCCCOS,4770,5704,Improper reservation price.,Occidental Costa del Sol,3094.65
01.04.2026,38354745,irene.meyer321@icloud.com,07.05.2026,16.05.2026,2653,VILALB,4937,1755,Booking Create Error: Brak możliwości założenia rezerwacji winterfejsie.,Vila Vita Parc Albufeira,2745.78
